timestamp_utc,timestamp_local,local_date,source_period,settlement_price_gbp_per_mwh,optimisation_price_gbp_per_mwh,inflexible_cpu,flexible_cpu_processed,total_cpu,p_it_total_kw,p_grid_it_kw,p_ups_charge_kw,p_ups_discharge_kw,p_chiller_hvac_kw,p_chiller_tes_kw,q_tes_charge_kw,q_tes_discharge_kw,grid_import_kw,settlement_cost_gbp,state_start_ups_energy_kwh,state_start_tes_energy_kwh,state_start_it_temperature_c,state_start_rack_temperature_c,state_start_cold_aisle_temperature_c,state_start_hot_aisle_temperature_c,state_end_ups_energy_kwh,state_end_tes_energy_kwh,state_end_it_temperature_c,state_end_rack_temperature_c,state_end_cold_aisle_temperature_c,state_end_hot_aisle_temperature_c
2025-12-31T00:00:00+00:00,2025-12-31T00:00:00+00:00,2025-12-31,1,83.36,83.36,0.48,0,0.48,489.100616712089,489.100616712089,-0,0,143.655390446589,-0,0,0,685.851007158679,14.2931349891869,300,-0,37.1671784745517,31.3035367520065,23,31.3041226553776,300,-0,35.0558384661672,30.1834923062023,23,30.2020291209106
2025-12-31T00:15:00+00:00,2025-12-31T00:15:00+00:00,2025-12-31,1,83.36,83.36,0.46,0.127823788646684,0.587823788646684,583.895581577947,583.895581577947,0,0,147.157555337293,0,-0,0,784.14813691524,16.3416471733136,300,-0,35.0558384661672,30.1834923062023,23,30.2020291209106,300,-0,35.6314405959641,30.3791174911778,23,30.376188198473
2025-12-31T00:30:00+00:00,2025-12-31T00:30:00+00:00,2025-12-31,1,83.36,83.36,0.44,0.209519052838329,0.649519052838329,638.135934980856,638.135934980856,0,0,157.543120592516,0,-0,0,848.774055573372,17.6884513181491,300,-0,35.6314405959641,30.3791174911778,23,30.376188198473,300,-0,36.5828211686405,30.9013384648793,23,30.8926517349603
2025-12-31T00:45:00+00:00,2025-12-31T00:45:00+00:00,2025-12-31,1,83.36,83.36,0.42,0.137830947161671,0.557830947161671,557.526907368997,557.526907368997,0,0,150.466140676042,0,-0,0,761.088048045039,15.8610749212586,300,-0,36.5828211686405,30.9013384648793,23,30.8926517349603,300,-0,35.7939107323221,30.5348014112507,23,30.5407207629342
2025-12-31T01:00:00+00:00,2025-12-31T01:00:00+00:00,2025-12-31,2,79.28,79.28,0.405,0.1955,0.6005,595.040070423607,595.040070423607,-0,0,152.282768498415,0,-0,0,800.417838922022,15.8642815674345,300,-0,35.7939107323221,30.5348014112507,23,30.5407207629342,300,-0,36.0461031161438,30.6325792763069,23,30.6310598062667
2025-12-31T01:15:00+00:00,2025-12-31T01:15:00+00:00,2025-12-31,2,79.28,79.28,0.39,0.1725,0.5625,561.631777966863,561.631777966863,-0,0,148.481279404401,0,-0,0,763.208057371264,15.1267836970984,300,-0,36.0461031161438,30.6325792763069,23,30.6310598062667,300,-0,35.6618482315941,30.4388359877838,23,30.4420156422598
2025-12-31T01:30:00+00:00,2025-12-31T01:30:00+00:00,2025-12-31,2,79.28,79.28,0.37,0.20175,0.57175,569.764059683307,569.764059683307,-0,0,147.81793361741,0,-0,0,770.676993300717,15.2748180072202,300,-0,35.6618482315941,30.4388359877838,23,30.4420156422598,300,-0,35.6400346354882,30.4084732968797,23,30.4090281348258
2025-12-31T01:45:00+00:00,2025-12-31T01:45:00+00:00,2025-12-31,2,79.28,79.28,0.35,0.1895,0.5395,541.410969374623,541.410969374623,-0,0,143.472803964186,0,-0,0,737.978773338809,14.6267392875752,300,-0,35.6400346354882,30.4084732968797,23,30.4090281348258,300,-0,35.2312689808368,30.1893149137459,23,30.1929492819129
2025-12-31T02:00:00+00:00,2025-12-31T02:00:00+00:00,2025-12-31,3,76.51,76.51,0.335,0.2023,0.5373,539.476805074495,539.476805074495,-0,0,141.161854219154,0,-0,0,733.733659293649,14.0344905681393,300,-0,35.2312689808368,30.1893149137459,23,30.1929492819129,300,-0,35.0574736796154,30.0760951825518,23,30.0780281150209
2025-12-31T02:15:00+00:00,2025-12-31T02:15:00+00:00,2025-12-31,3,76.51,76.51,0.31,0.158,0.468,478.550629620486,478.550629620486,-0,0,131.273015725754,0,-0,0,662.91864534624,12.6799763888602,300,-0,35.0574736796154,30.0760951825518,23,30.0780281150209,300,-0,34.1365584120904,29.5779950362584,23,29.5862662922848
2025-12-31T02:30:00+00:00,2025-12-31T02:30:00+00:00,2025-12-31,3,76.51,76.51,0.3,0.20245,0.50245,508.837884229297,508.837884229297,-0,0,131.138984384227,0,-0,0,693.071868613525,13.2567321669052,300,-0,34.1365584120904,29.5779950362584,23,29.5862662922848,300,-0,34.230883290664,29.5794889438228,23,29.5796010507747
2025-12-31T02:45:00+00:00,2025-12-31T02:45:00+00:00,2025-12-31,3,76.51,76.51,0.29,0.198,0.488,496.133941439825,496.133941439825,-0,0,129.551087880286,0,-0,0,678.780029320111,12.9833650108204,300,-0,34.230883290664,29.5794889438228,23,29.5796010507747,300,-0,34.0790186965706,29.4993084281222,23,29.5006365819328
2025-12-31T03:00:00+00:00,2025-12-31T03:00:00+00:00,2025-12-31,4,72.93,72.93,0.275,0.374519052838329,0.649519052838329,638.135934980856,638.135934980856,-0,0,149.662188281128,60,300,0,900.893123261984,16.4255338698741,300,-0,34.0790186965706,29.4993084281222,23,29.5006365819328,300,67.5,36.0188699851321,30.5175624279204,23,30.5007410327181
2025-12-31T03:15:00+00:00,2025-12-31T03:15:00+00:00,2025-12-31,4,72.93,72.93,0.26,0.389519052838329,0.649519052838329,638.135934980856,638.135934980856,-0,0,159.196586816287,60,300,0,910.427521797143,16.5993697911664,300,67.5,36.0188699851321,30.5175624279204,23,30.5007410327181,300,135,36.7114988207609,30.9828517130439,23,30.9748769188964
2025-12-31T03:30:00+00:00,2025-12-31T03:30:00+00:00,2025-12-31,4,72.93,72.93,0.245,0.404519052838329,0.649519052838329,638.135934980856,638.135934980856,-0,0,162.993496096443,60,300,0,914.224431077299,16.6685969396169,300,135,36.7114988207609,30.9828517130439,23,30.9748769188964,300,202.5,36.9739310653265,31.1668691572574,23,31.1636933334449
2025-12-31T03:45:00+00:00,2025-12-31T03:45:00+00:00,2025-12-31,4,72.93,72.93,0.23,0.123553390593274,0.353553390593274,377.933108627258,377.933108627258,-0,0,126.239576561033,60,300,0,617.26768518829,11.2543330701955,300,202.5,36.9739310653265,31.1668691572574,23,31.1636933334449,300,270,33.4204665895135,29.3052166726979,23,29.3359585114543
2025-12-31T04:00:00+00:00,2025-12-31T04:00:00+00:00,2025-12-31,5,72.97,72.97,0.215,0.138553390593274,0.353553390593274,377.933108627258,377.933108627258,-0,0,108.788216514882,60,300,0,599.816325142139,10.9421493114055,300,270,33.4204665895135,29.3052166726979,23,29.3359585114543,300,337.5,32.1522297448118,28.4535235016911,23,28.4681202277927
2025-12-31T04:15:00+00:00,2025-12-31T04:15:00+00:00,2025-12-31,5,72.97,72.97,0.205,0.151308935552275,0.356308935552275,380.355688939574,380.355688939574,-0,0,102.192818328926,60,300,0,595.643507268501,10.8660266813456,300,337.5,32.1522297448118,28.4535235016911,23,28.4681202277927,300,405,31.7057648443386,28.1346212771536,23,28.1401378226032
2025-12-31T04:30:00+00:00,2025-12-31T04:30:00+00:00,2025-12-31,5,72.97,72.97,0.195,0.158553390593274,0.353553390593274,377.933108627258,377.933108627258,-0,0,99.3160555619585,60,300,0,590.344164189216,10.7693534152218,300,405,31.7057648443386,28.1346212771536,23,28.1401378226032,300,472.5,31.499759405167,27.9946731611876,23,27.9970793529146
2025-12-31T04:45:00+00:00,2025-12-31T04:45:00+00:00,2025-12-31,5,72.97,72.97,0.195,0.158553390593274,0.353553390593274,377.933108627258,377.933108627258,-0,0,98.1806583402436,60,300,0,589.208766967501,10.7486409314046,300,472.5,31.499759405167,27.9946731611876,23,27.9970793529146,300,540,31.421473492238,27.9396675376876,23,27.940617210505
2025-12-31T05:00:00+00:00,2025-12-31T05:00:00+00:00,2025-12-31,6,75.26,75.26,0.195,0.158553390593274,0.353553390593274,377.933108627258,377.933108627258,-0,0,97.7421506518443,0,-0,0,528.770259279102,9.94881242833631,300,540,31.421473492238,27.9396675376876,23,27.940617210505,300,540,31.3914523133651,27.9184438936248,23,27.9188106717214
2025-12-31T05:15:00+00:00,2025-12-31T05:15:00+00:00,2025-12-31,6,75.26,75.26,0.19,0.163553390593274,0.353553390593274,377.933108627258,377.933108627258,-0,0,97.5734877332106,52.5925925925925,262.962962962963,0,581.194188953061,10.9351686651518,300,540,31.3914523133651,27.9184438936248,23,27.9188106717214,300,599.166666666667,31.379920418405,27.9102821636935,23,27.9104232373073
2025-12-31T05:30:00+00:00,2025-12-31T05:30:00+00:00,2025-12-31,6,75.26,75.26,0.2,0.153553390593274,0.353553390593274,377.933108627258,377.933108627258,-0,0,97.5086644214861,60,300,0,588.536773048744,11.0733193849121,300,599.166666666667,31.379920418405,27.9102821636935,23,27.9104232373073,300,666.666666666667,31.3754893587206,27.9071454205891,23,27.9071996403246
2025-12-31T05:45:00+00:00,2025-12-31T05:45:00+00:00,2025-12-31,6,75.26,75.26,0.2,0.153553390593274,0.353553390593274,377.933108627258,377.933108627258,-0,0,97.4837539490966,0,-0,0,528.511862576354,9.94395069437411,300,666.666666666667,31.3754893587206,27.9071454205891,23,27.9071996403246,300,666.666666666667,31.3737866548432,27.9059400323119,23,27.9059608680142
2025-12-31T06:00:00+00:00,2025-12-31T06:00:00+00:00,2025-12-31,7,80.03,80.03,0.21,0.143553390593274,0.353553390593274,377.933108627258,377.933108627258,-0,0,97.4741815337449,0,-0,0,528.502290161003,10.5740095703963,300,666.666666666667,31.3737866548432,27.9059400323119,23,27.9059608680142,300,666.666666666667,31.3731323574848,27.9054768349983,23,27.9054848415906
2025-12-31T06:15:00+00:00,2025-12-31T06:15:00+00:00,2025-12-31,7,80.03,80.03,0.235,0.118553390593274,0.353553390593274,377.933108627258,377.933108627258,-0,0,97.4705031329001,0,-0,0,528.498611760158,10.5739359747914,300,666.666666666667,31.3731323574848,27.9054768349983,23,27.9054848415906,300,666.666666666667,31.3728809304126,27.9052988417788,23,27.9053019184794
2025-12-31T06:30:00+00:00,2025-12-31T06:30:00+00:00,2025-12-31,7,80.03,80.03,0.265,0.0885533905932738,0.353553390593274,377.933108627258,377.933108627258,-0,0,97.4690896316532,0,-0,0,528.497198258911,10.5739076941652,300,666.666666666667,31.3728809304126,27.9052988417788,23,27.9053019184794,300,666.666666666667,31.3727843144107,27.9052304442227,23,27.9052316265083
2025-12-31T06:45:00+00:00,2025-12-31T06:45:00+00:00,2025-12-31,7,80.03,80.03,0.29,0.126446609406726,0.416446609406726,433.2266625132,433.2266625132,-0,0,105.590882581597,0,-0,0,591.912545094797,11.8426902459842,300,666.666666666667,31.3727843144107,27.9052304442227,23,27.9052316265083,300,666.666666666667,32.1492384778987,28.3159133396885,23,28.3091200819234
2025-12-31T07:00:00+00:00,2025-12-31T07:00:00+00:00,2025-12-31,8,87.2,87.2,0.32,0.072,0.392,411.734044706998,411.734044706998,0,0,106.262023833347,0,-0,0,571.091068540345,12.4497852941795,300,666.666666666667,32.1492384778987,28.3159133396885,23,28.3091200819234,300,666.666666666667,32.1251138175367,28.343056608101,23,28.3424952498457
2025-12-31T07:15:00+00:00,2025-12-31T07:15:00+00:00,2025-12-31,8,87.2,87.2,0.33,0.066,0.396,415.250707070865,415.250707070865,0,0,106.813683489021,0,-0,0,575.159390559886,12.5384747142055,300,666.666666666667,32.1251138175367,28.343056608101,23,28.3424952498457,300,666.666666666667,32.1718047056907,28.370390141267,23,28.3699287202159
2025-12-31T07:30:00+00:00,2025-12-31T07:30:00+00:00,2025-12-31,8,87.2,87.2,0.34,0.0792,0.4192,435.647348781299,435.647348781299,0,0,110.050271439397,0,-0,0,598.792620220696,13.0536791208112,300,666.666666666667,32.1718047056907,28.370390141267,23,28.3699287202159,300,666.666666666667,32.4753273934318,28.5335880861357,23,28.5308809282012
2025-12-31T07:45:00+00:00,2025-12-31T07:45:00+00:00,2025-12-31,8,87.2,87.2,0.35,0.066,0.416,432.834018890205,432.834018890205,0,0,111.143786363161,0,-0,0,597.072805253365,13.0161871545234,300,666.666666666667,32.4753273934318,28.5335880861357,23,28.5308809282012,300,666.666666666667,32.5447694000336,28.586174948259,23,28.5852603067762
2025-12-31T08:00:00+00:00,2025-12-31T08:00:00+00:00,2025-12-31,9,90.91,90.91,0.36,0,0.36,383.600745796055,383.600745796055,0,0,104.31526922802,0,-0,0,541.011015024075,12.2958278439597,300,666.666666666667,32.5447694000336,28.586174948259,23,28.5852603067762,300,666.666666666667,31.8805771772586,28.2399736031106,23,28.2456851347069
2025-12-31T08:15:00+00:00,2025-12-31T08:15:00+00:00,2025-12-31,9,90.91,90.91,0.385,0,0.385,405.579885570229,405.579885570229,0,0,104.288816772085,0,-0,0,562.963702342314,12.794757544985,300,666.666666666667,31.8805771772586,28.2399736031106,23,28.2456851347069,300,666.666666666667,31.9524434482921,28.2443475556787,23,28.2443696811322
2025-12-31T08:30:00+00:00,2025-12-31T08:30:00+00:00,2025-12-31,9,90.91,90.91,0.42,0.03,0.45,462.725648983081,462.725648983081,0,0,112.90773235588,0,-0,0,628.728381338961,14.2894242868812,300,666.666666666667,31.9524434482921,28.2443475556787,23,28.2443696811322,300,666.666666666667,32.7756458284225,28.6801885993838,23,28.6729795366095
2025-12-31T08:45:00+00:00,2025-12-31T08:45:00+00:00,2025-12-31,9,90.91,90.91,0.445,0.1592,0.6042,598.292983110185,598.292983110185,0,0,136.882293602292,0,-0,0,788.270276712476,17.9154127139828,300,666.666666666667,32.7756458284225,28.6801885993838,23,28.6729795366095,300,666.666666666667,34.9739088698411,29.8852628275162,23,29.8652099432141
2025-12-31T09:00:00+00:00,2025-12-31T09:00:00+00:00,2025-12-31,10,91.01,91.01,0.48,0,0.48,489.100616712089,489.100616712089,0,0,131.844539070472,0,-0,0,674.040155782562,15.3360986444427,300,666.666666666667,34.9739088698411,29.8852628275162,23,29.8652099432141,300,666.666666666667,34.2330189539249,29.6104738677613,23,29.6146875635921
2025-12-31T09:15:00+00:00,2025-12-31T09:15:00+00:00,2025-12-31,10,91.01,91.01,0.475,0,0.475,484.704788757254,484.704788757254,0,0,127.997847983969,0,-0,0,665.797636741224,15.1485607299547,300,666.666666666667,34.2330189539249,29.6104738677613,23,29.6146875635921,300,666.666666666667,33.9237221073252,29.4201780882562,23,29.423395550737
2025-12-31T09:30:00+00:00,2025-12-31T09:30:00+00:00,2025-12-31,10,91.01,91.01,0.475,0.0916,0.5666,565.236356889827,565.236356889827,0,0,138.199572338242,0,-0,0,756.530929228069,17.2129699672616,300,666.666666666667,33.9237221073252,29.4201780882562,23,29.423395550737,300,666.666666666667,34.9400419854252,29.939249828361,23,29.9307168672755
2025-12-31T09:45:00+00:00,2025-12-31T09:45:00+00:00,2025-12-31,10,91.01,91.01,0.475,0.0895,0.5645,563.390109148796,563.390109148796,0,0,142.867957663677,0,-0,0,759.353066812473,17.2771806526508,300,666.666666666667,34.9400419854252,29.939249828361,23,29.9307168672755,300,666.666666666667,35.2748518483971,30.1667756408802,23,30.1628708941011
2025-12-31T10:00:00+00:00,2025-12-31T10:00:00+00:00,2025-12-31,11,86.12,86.12,0.465,0.184519052838329,0.649519052838329,638.135934980856,638.135934980856,0,0,155.693178784158,0,-0,0,846.924113765014,18.2342761693608,300,666.666666666667,35.2748518483971,30.1667756408802,23,30.1628708941011,300,666.666666666667,36.4517579911316,30.8113833363828,23,30.8006560211825
2025-12-31T10:15:00+00:00,2025-12-31T10:15:00+00:00,2025-12-31,11,86.12,86.12,0.47,0.179519052838329,0.649519052838329,638.135934980856,638.135934980856,0,0,161.581315357834,0,-0,0,852.81225033869,18.361047749792,300,666.666666666667,36.4517579911316,30.8113833363828,23,30.8006560211825,300,666.666666666667,36.8759659714595,31.0983920051481,23,31.093467029869
2025-12-31T10:30:00+00:00,2025-12-31T10:30:00+00:00,2025-12-31,11,86.12,86.12,0.475,0.0550118943233423,0.530011894323342,533.069353340247,533.069353340247,0,0,148.48092696024,0,-0,0,734.645280300487,15.8169128848695,300,666.666666666667,36.8759659714595,31.0983920051481,23,31.093467029869,300,666.666666666667,35.5615409535505,30.4310406440193,23,30.4419981155722
2025-12-31T10:45:00+00:00,2025-12-31T10:45:00+00:00,2025-12-31,11,86.12,86.12,0.48,0.169519052838329,0.649519052838329,638.135934980856,638.135934980856,0,0,157.541567939853,0,-0,0,848.772502920709,18.2740719878829,300,666.666666666667,35.5615409535505,30.4310406440193,23,30.4419981155722,300,666.666666666667,36.5710417910326,30.9001530553684,23,30.8925745231316
2025-12-31T11:00:00+00:00,2025-12-31T11:00:00+00:00,2025-12-31,12,78.81,78.81,0.5,0.149519052838329,0.649519052838329,638.135934980856,638.135934980856,-0,0,162.268665072739,0,-0,0,853.499600053595,16.816075870056,300,666.666666666667,36.5710417910326,30.9001530553684,23,30.8925745231316,300,666.666666666667,36.9224464041542,31.1316020827934,23,31.127648228084
2025-12-31T11:15:00+00:00,2025-12-31T11:15:00+00:00,2025-12-31,12,78.81,78.81,0.495,0.154519052838329,0.649519052838329,638.135934980856,638.135934980856,-0,0,164.177153775936,0,-0,0,855.408088756792,16.8536778687307,300,666.666666666667,36.9224464041542,31.1316020827934,23,31.127648228084,300,666.666666666667,37.054904826701,31.2241517236846,23,31.222555419053
2025-12-31T11:30:00+00:00,2025-12-31T11:30:00+00:00,2025-12-31,12,78.81,78.81,0.49,0.159519052838329,0.649519052838329,638.135934980856,638.135934980856,-0,0,164.917088698228,0,-0,0,856.148023679084,16.8682564365372,300,666.666666666667,37.054904826701,31.2241517236846,23,31.222555419053,300,666.666666666667,37.1056229728163,31.2599705247325,23,31.2593516258406
2025-12-31T11:45:00+00:00,2025-12-31T11:45:00+00:00,2025-12-31,12,78.81,78.81,0.485,0.0737023131017237,0.558702313101724,558.292982320632,558.292982320632,-0,0,153.473372300611,0,-0,0,764.861354621243,15.069680839425,300,666.666666666667,37.1056229728163,31.2599705247325,23,31.2593516258406,300,666.666666666667,36.0038594072288,30.6806955231442,23,30.6902673154514
2025-12-31T12:00:00+00:00,2025-12-31T12:00:00+00:00,2025-12-31,13,75.4,75.4,0.5,0.149519052838329,0.649519052838329,638.135934980856,638.135934980856,-0,0,159.783065552284,0,-0,0,851.01400053314,16.0416139100497,300,666.666666666667,36.0038594072288,30.6806955231442,23,30.6902673154514,300,666.666666666667,36.7315716947425,31.0093194816676,23,31.0040419065138
2025-12-31T12:15:00+00:00,2025-12-31T12:15:00+00:00,2025-12-31,13,75.4,75.4,0.495,0.154519052838329,0.649519052838329,638.135934980856,638.135934980856,-0,0,163.153809150422,0,-0,0,854.384744131279,16.1051524268746,300,666.666666666667,36.7315716947425,31.0093194816676,23,31.0040419065138,300,666.666666666667,36.9834673829275,31.1744849064901,23,31.1716655376311
2025-12-31T12:30:00+00:00,2025-12-31T12:30:00+00:00,2025-12-31,13,75.4,75.4,0.5,0.149519052838329,0.649519052838329,638.135934980856,638.135934980856,-0,0,164.518984425402,0,-0,0,855.749919406259,16.130885980808,300,666.666666666667,36.9834673829275,31.1744849064901,23,31.1716655376311,300,666.666666666667,37.0783064126606,31.2406961721444,23,31.2395543075838
2025-12-31T12:45:00+00:00,2025-12-31T12:45:00+00:00,2025-12-31,13,75.4,75.4,0.495,0.154519052838329,0.649519052838329,638.135934980856,638.135934980856,-0,0,165.048564046715,0,-0,0,856.279499027571,16.1408685566697,300,666.666666666667,37.0783064126606,31.2406961721444,23,31.2395543075838,300,666.666666666667,37.1146121983218,31.2663327132249,23,31.2658897604314
2025-12-31T13:00:00+00:00,2025-12-31T13:00:00+00:00,2025-12-31,14,78.07,78.07,0.48,0.169519052838329,0.649519052838329,638.135934980856,638.135934980856,-0,0,165.252418259606,0,-0,0,856.483353240462,16.7164138468707,300,666.666666666667,37.1146121983218,31.2663327132249,23,31.2658897604314,300,666.666666666667,37.1285537021707,31.2761977303471,23,31.2760272219109
2025-12-31T13:15:00+00:00,2025-12-31T13:15:00+00:00,2025-12-31,14,78.07,78.07,0.48,0.169519052838329,0.649519052838329,638.135934980856,638.135934980856,-0,0,165.330778294469,0,-0,0,856.561713275325,16.7179432388512,300,666.666666666667,37.1285537021707,31.2761977303471,23,31.2760272219109,300,666.666666666667,37.1339103239596,31.2799895284559,23,31.2799239862882
2025-12-31T13:30:00+00:00,2025-12-31T13:30:00+00:00,2025-12-31,14,78.07,78.07,0.475,0.174519052838329,0.649519052838329,638.135934980856,638.135934980856,-0,0,165.360891499897,0,-0,0,856.591826480754,16.7185309733381,300,666.666666666667,37.1339103239596,31.2799895284559,23,31.2799239862882,300,666.666666666667,37.135968667286,31.2814466725806,23,31.2814214851906
2025-12-31T13:45:00+00:00,2025-12-31T13:45:00+00:00,2025-12-31,14,78.07,78.07,0.48,0.169519052838329,0.649519052838329,638.135934980856,638.135934980856,-0,0,165.372463240521,0,-0,0,856.603398221377,16.7187568247857,300,666.666666666667,37.135968667286,31.2814466725806,23,31.2814214851906,300,666.666666666667,37.1367596245086,31.2820066148896,23,31.2819969360148
2025-12-31T14:00:00+00:00,2025-12-31T14:00:00+00:00,2025-12-31,15,84.01,84.01,0.485,0.164519052838329,0.649519052838329,638.135934980856,638.135934980856,0,0,165.376909927934,0,-0,0,856.60784490879,17.9909062626969,300,666.666666666667,37.1367596245086,31.2820066148896,23,31.2819969360148,300,666.666666666667,37.1370635658033,31.2822217845447,23,31.2822180652313
2025-12-31T14:15:00+00:00,2025-12-31T14:15:00+00:00,2025-12-31,15,84.01,84.01,0.475,0.135,0.61,603.392143537793,603.392143537793,0,0,160.274936001285,0,-0,0,816.762079539077,17.1540455755195,300,666.666666666667,37.1370635658033,31.2822217845447,23,31.2822180652313,300,666.666666666667,36.6492708395212,31.0242347103599,23,31.028502120796
2025-12-31T14:30:00+00:00,2025-12-31T14:30:00+00:00,2025-12-31,15,84.01,84.01,0.465,0.135,0.6,594.600487628123,594.600487628123,0,0,156.578497489824,0,-0,0,804.273985117947,16.8917643724397,300,666.666666666667,36.6492708395212,31.0242347103599,23,31.028502120796,300,666.666666666667,36.3513531287753,30.8415902270912,23,30.8446820148006
2025-12-31T14:45:00+00:00,2025-12-31T14:45:00+00:00,2025-12-31,15,84.01,84.01,0.455,0.135,0.59,585.808831718454,585.808831718454,0,0,153.721401894429,0,-0,0,792.625233612882,16.6471114689546,300,666.666666666667,36.3513531287753,30.8415902270912,23,30.8446820148006,300,666.666666666667,36.117613181951,30.700211831792,23,30.7026015734363
2025-12-31T15:00:00+00:00,2025-12-31T15:00:00+00:00,2025-12-31,16,90.09,90.09,0.465,0.135,0.6,594.600487628123,594.600487628123,0,0,153.791867398814,0,-0,0,801.487355026937,18.0514989535942,300,666.666666666667,36.117613181951,30.700211831792,23,30.7026015734363,300,666.666666666667,36.154838785586,30.706164689886,23,30.7061057508884
2025-12-31T15:15:00+00:00,2025-12-31T15:15:00+00:00,2025-12-31,16,90.09,90.09,0.465,0.125,0.59,585.808831718454,585.808831718454,0,0,152.630919342874,0,-0,0,791.534751061328,17.8273414307788,300,666.666666666667,36.154838785586,30.706164689886,23,30.7061057508884,300,666.666666666667,36.0426477646804,30.6474019474961,23,30.6483729916294
2025-12-31T15:30:00+00:00,2025-12-31T15:30:00+00:00,2025-12-31,16,90.09,90.09,0.465,0.115,0.58,577.017175808784,577.017175808784,0,0,150.788530605967,0,-0,0,780.900706414751,17.5878361602262,300,666.666666666667,36.0426477646804,30.6474019474961,23,30.6483729916294,300,666.666666666667,35.8791468399912,30.5552118672963,23,30.5567528843686
2025-12-31T15:45:00+00:00,2025-12-31T15:45:00+00:00,2025-12-31,16,90.09,90.09,0.475,0.105,0.58,577.017175808784,577.017175808784,0,0,149.960347673592,0,-0,0,780.072523482376,17.5691834101318,300,666.666666666667,35.8791468399912,30.5552118672963,23,30.5567528843686,300,666.666666666667,35.8198216498403,30.5148754827172,23,30.5155681943107
2025-12-31T16:00:00+00:00,2025-12-31T16:00:00+00:00,2025-12-31,17,96.4,96.4,0.5,0,0.5,506.683928531428,506.683928531428,0,0,79.3016734602932,0,-0,300,639.080601991722,15.4018425080005,300,666.666666666667,35.8198216498403,30.5148754827172,23,30.5155681943107,300,583.333333333333,34.809577100207,29.9766080640629,23,29.9855232287083
2025-12-31T16:15:00+00:00,2025-12-31T16:15:00+00:00,2025-12-31,17,96.4,96.4,0.495,0,0.495,502.288100576593,502.288100576593,0,0,73.65978402266,0,-0,300,629.042884599253,15.159933518842,300,583.333333333333,34.809577100207,29.9766080640629,23,29.9855232287083,300,500,34.385949553139,29.7002388297953,23,29.7049578382048
2025-12-31T16:30:00+00:00,2025-12-31T16:30:00+00:00,2025-12-31,17,96.4,96.4,0.48,0.05,0.53,533.058896260437,533.058896260437,0,0,75.8892693328866,0,-0,300,662.043165593323,15.9552402907991,300,500,34.385949553139,29.7002388297953,23,29.7049578382048,300,416.666666666667,34.6587777901782,29.8176926557946,23,29.815827862086
2025-12-31T16:45:00+00:00,2025-12-31T16:45:00+00:00,2025-12-31,17,96.4,96.4,0.475,0.0625,0.5375,539.652638192689,539.652638192689,0,0,78.0993392730301,0,-0,300,670.846977465719,16.1674121569238,300,416.666666666667,34.6587777901782,29.8176926557946,23,29.815827862086,300,333.333333333333,34.844957630905,29.927580933712,23,29.9257323794734
2025-12-31T17:00:00+00:00,2025-12-31T17:00:00+00:00,2025-12-31,18,96.09,96.09,0.47,0.03,0.5,506.683928531428,506.683928531428,0,0,74.2183956123272,0,-0,300,633.997324143755,15.2302007192434,300,333.333333333333,34.844957630905,29.927580933712,23,29.9257323794734,300,250,34.450260088833,29.7294909090055,23,29.7327370211412
2025-12-31T17:15:00+00:00,2025-12-31T17:15:00+00:00,2025-12-31,18,96.09,96.09,0.475,0.05125,0.52625,529.762025294311,529.762025294311,0,0,75.703608937558,0,-0,300,658.560634231869,15.8202728358351,300,250,34.450260088833,29.7294909090055,23,29.7327370211412,300,166.666666666667,34.634771811001,29.807837427739,23,29.806595160543
2025-12-31T17:30:00+00:00,2025-12-31T17:30:00+00:00,2025-12-31,18,96.09,96.09,0.48,0.066,0.546,547.125545715908,547.125545715908,0,0,79.0896743007054,0,-0,300,679.310220016613,16.3187297603491,300,166.666666666667,34.634771811001,29.807837427739,23,29.806595160543,300,83.3333333333333,34.941737156132,29.9778129117031,23,29.9749807273612
2025-12-31T17:45:00+00:00,2025-12-31T17:45:00+00:00,2025-12-31,18,96.09,96.09,0.475,0.0801,0.5551,555.125952593707,555.125952593707,0,0,81.8077570188228,0,-0,300,690.02870961253,16.576214676667,300,83.3333333333333,34.941737156132,29.9778129117031,23,29.9749807273612,300,-0,35.1650056320974,30.1124216685575,23,30.1101482005383
2025-12-31T18:00:00+00:00,2025-12-31T18:00:00+00:00,2025-12-31,19,88.05,88.05,0.485,0.164519052838329,0.649519052838329,638.135934980856,638.135934980856,0,0,155.16607810082,0,-0,0,846.397013081677,18.6313142504604,300,-0,35.1650056320974,30.1124216685575,23,30.1101482005383,300,-0,36.4130287461862,30.7856170558732,23,30.7744438433846
2025-12-31T18:15:00+00:00,2025-12-31T18:15:00+00:00,2025-12-31,19,88.05,88.05,0.485,0.164519052838329,0.649519052838329,638.135934980856,638.135934980856,0,0,161.369978617717,0,-0,0,852.600913598574,18.7678776105886,300,-0,36.4130287461862,30.7856170558732,23,30.7744438433846,300,-0,36.8613290546589,31.0881465575983,23,31.0829574699646
2025-12-31T18:30:00+00:00,2025-12-31T18:30:00+00:00,2025-12-31,19,88.05,88.05,0.485,0.164519052838329,0.649519052838329,638.135934980856,638.135934980856,0,0,163.832826494925,0,-0,0,855.063761475781,18.8220910494856,300,-0,36.8613290546589,31.0881465575983,23,31.0829574699646,300,-0,37.031391183936,31.2074923592123,23,31.2054323755894
2025-12-31T18:45:00+00:00,2025-12-31T18:45:00+00:00,2025-12-31,19,88.05,88.05,0.485,0.164519052838329,0.649519052838329,638.135934980856,638.135934980856,0,0,164.784845452623,0,-0,0,856.01578043348,18.843047366792,300,-0,37.031391183936,31.2074923592123,23,31.2054323755894,300,-0,37.0965853947325,31.2535715954559,23,31.2527753045116
2025-12-31T19:00:00+00:00,2025-12-31T19:00:00+00:00,2025-12-31,20,81.64,81.64,0.485,0.164519052838329,0.649519052838329,638.135934980856,638.135934980856,-0,0,165.151075570155,0,-0,0,856.382010551011,17.4787568353461,300,-0,37.0965853947325,31.2535715954559,23,31.2527753045116,300,-0,37.1216266273455,31.2712938770748,23,31.2709875536305
2025-12-31T19:15:00+00:00,2025-12-31T19:15:00+00:00,2025-12-31,20,81.64,81.64,0.485,0.164519052838329,0.649519052838329,638.135934980856,638.135934980856,-0,0,165.291835046824,0,-0,0,856.52277002768,17.4816297362649,300,-0,37.1216266273455,31.2712938770748,23,31.2709875536305,300,-0,37.1312484600234,31.2781051129405,23,31.2779873784189
2025-12-31T19:30:00+00:00,2025-12-31T19:30:00+00:00,2025-12-31,20,81.64,81.64,0.48,0.169519052838329,0.649519052838329,638.135934980856,638.135934980856,-0,0,165.345926741261,0,-0,0,856.576861722117,17.4827337477484,300,-0,37.1312484600234,31.2781051129405,23,31.2779873784189,300,-0,37.1349457919405,31.2807225466111,23,31.2806773030515
2025-12-31T19:45:00+00:00,2025-12-31T19:45:00+00:00,2025-12-31,20,81.64,81.64,0.48,0.169519052838329,0.649519052838329,638.135934980856,638.135934980856,-0,0,165.36671272388,0,-0,0,856.597647704736,17.4831579896537,300,-0,37.1349457919405,31.2807225466111,23,31.2806773030515,300,-0,37.1363665637102,31.2817283545871,23,31.2817109687046
2025-12-31T20:00:00+00:00,2025-12-31T20:00:00+00:00,2025-12-31,21,81.15,81.15,0.485,0.174628524455039,0.659628524455039,648.573747718023,648.573747718023,-0,0,166.907960697351,0,-0,0,868.576708415374,17.6212499719769,300,-0,37.1363665637102,31.2817283545871,23,31.2817109687046,300,-0,37.2834914670504,31.3596447897318,23,31.3583556538441
2025-12-31T20:15:00+00:00,2025-12-31T20:15:00+00:00,2025-12-31,21,81.15,81.15,0.49,0.159519052838329,0.649519052838329,638.135934980856,638.135934980856,-0,0,166.100479577867,0,-0,0,857.331414558723,17.3931110728601,300,-0,37.2834914670504,31.3596447897318,23,31.3583556538441,300,-0,37.1895462510736,31.3175250476523,23,31.3182004437649
2025-12-31T20:30:00+00:00,2025-12-31T20:30:00+00:00,2025-12-31,21,81.15,81.15,0.495,0.24765,0.74265,734.291641566127,734.291641566127,-0,0,179.791278103556,0,-0,0,967.177919669683,19.6216220452987,300,-0,37.1895462510736,31.3175250476523,23,31.3182004437649,300,-0,38.5073940403031,32.0104811541928,23,31.9990298497865
2025-12-31T20:45:00+00:00,2025-12-31T20:45:00+00:00,2025-12-31,21,81.15,81.15,0.5,0.24525,0.74525,736.97608583241,736.97608583241,-0,0,186.667490689018,0,-0,0,976.738576521428,19.8155838711785,300,-0,38.5073940403031,32.0104811541928,23,31.9990298497865,300,-0,39.0158112606376,32.3467282929989,23,32.3409768678114
2025-12-31T21:00:00+00:00,2025-12-31T21:00:00+00:00,2025-12-31,22,79.09,79.09,0.495,0.21525,0.71025,700.839336093978,700.839336093978,-0,0,184.12584038935,0,-0,0,938.060176483328,18.5477948395166,300,-0,39.0158112606376,32.3467282929989,23,32.3409768678114,300,-0,38.7001887984722,32.2124573025127,23,32.2145831983267
2025-12-31T21:15:00+00:00,2025-12-31T21:15:00+00:00,2025-12-31,22,79.09,79.09,0.495,0.222,0.717,707.808566400676,707.808566400676,-0,0,183.719574030933,0,-0,0,944.623140431608,18.677561044184,300,-0,38.7001887984722,32.2124573025127,23,32.2145831983267,300,-0,38.6900346205746,32.1940401772092,23,32.1943799879026
2025-12-31T21:30:00+00:00,2025-12-31T21:30:00+00:00,2025-12-31,22,79.09,79.09,0.495,0.24375,0.73875,730.264975166702,730.264975166702,-0,0,186.917911159953,0,-0,0,970.277886326655,19.1848195073938,300,-0,38.6900346205746,32.1940401772092,23,32.1943799879026,300,-0,38.999819714912,32.3561051857216,23,32.3534300216696
2025-12-31T21:45:00+00:00,2025-12-31T21:45:00+00:00,2025-12-31,22,79.09,79.09,0.505,0.271,0.776,768.724801674033,768.724801674033,-0,0,194.087942076842,0,-0,0,1015.90774375088,20.0870358633142,300,-0,38.999819714912,32.3561051857216,23,32.3534300216696,300,-0,39.6504422333108,32.7159855064808,23,32.7099883247622
2025-12-31T22:00:00+00:00,2025-12-31T22:00:00+00:00,2025-12-31,23,69.27,69.27,0.5,0.2538,0.7538,745.803777554227,745.803777554227,-0,0,193.989649279773,0,-0,0,992.888426834,17.1943453316978,300,-0,39.6504422333108,32.7159855064808,23,32.7099883247622,300,-0,39.5635975112757,32.7050181101135,23,32.7051003245101
2025-12-31T22:15:00+00:00,2025-12-31T22:15:00+00:00,2025-12-31,23,69.27,69.27,0.47,0.2713,0.7413,732.897795504787,732.897795504787,-0,0,191.80062622339,0,-0,0,977.793421728177,16.9329375807777,300,-0,39.5635975112757,32.7050181101135,23,32.7051003245101,300,-0,39.356498131378,32.5944114969905,23,32.5962424471227
2025-12-31T22:30:00+00:00,2025-12-31T22:30:00+00:00,2025-12-31,23,69.27,69.27,0.455,0.24845,0.70345,693.818481859083,693.818481859083,-0,0,185.034889822399,0,-0,0,931.948371681482,16.1390159265941,300,-0,39.356498131378,32.5944114969905,23,32.5962424471227,300,-0,38.7334770334678,32.2541302764223,23,32.2597892967428
2025-12-31T22:45:00+00:00,2025-12-31T22:45:00+00:00,2025-12-31,23,69.27,69.27,0.425,0.28775,0.71275,703.420532503866,703.420532503866,-0,0,183.33208109528,0,-0,0,939.847613599146,16.2758110485032,300,-0,38.7334770334678,32.2541302764223,23,32.2597892967428,300,-0,38.6438976801781,32.1736860915045,23,32.1751103605889
2025-12-31T23:00:00+00:00,2025-12-31T23:00:00+00:00,2025-12-31,24,47.11,47.11,0.42,0.229519052838329,0.649519052838329,638.135934980856,638.135934980856,-0,0,173.172807015646,0,-0,0,864.403741996502,10.1805150713638,300,-0,38.6438976801781,32.1736860915045,23,32.1751103605889,300,-0,37.6901463867459,31.6614025981027,23,31.6699000527847
2025-12-31T23:15:00+00:00,2025-12-31T23:15:00+00:00,2025-12-31,24,47.11,47.11,0.42,0.229519052838329,0.649519052838329,638.135934980856,638.135934980856,-0,0,168.44011811004,0,-0,0,859.671053090897,10.124775827778,300,-0,37.6901463867459,31.6614025981027,23,31.6699000527847,300,-0,37.3478750108353,31.430589742896,23,31.434548274695
2025-12-31T23:30:00+00:00,2025-12-31T23:30:00+00:00,2025-12-31,24,47.11,47.11,0.42,0.229519052838329,0.649519052838329,638.135934980856,638.135934980856,-0,0,166.560402611005,0,-0,0,857.791337591861,10.1026374784881,300,-0,37.3478750108353,31.430589742896,23,31.434548274695,300,-0,37.2180592706656,31.3394997076861,23,31.3410719457361
2025-12-31T23:45:00+00:00,2025-12-31T23:45:00+00:00,2025-12-31,24,47.11,47.11,0.42,0.229519052838329,0.649519052838329,638.135934980856,638.135934980856,-0,0,165.833731105704,0,-0,0,857.06466608656,10.0940791048345,300,-0,37.2180592706656,31.3394997076861,23,31.3410719457361,300,-0,37.1682954720188,31.3043275100486,23,31.3049353151079
