local_date,intervals,mean_price,price_std,minimum_price,maximum_price,mean_grid_import,peak_grid_import,mean_total_cpu,settlement_cost,opening_ups,opening_tes,opening_cold_aisle,negative_price_share,representative_score
2025-09-22,96,82.09291666666667,20.88579340461718,53.29,125.83,777.4003382259235,1356.55769933926,0.5654166666666667,1443.8472218290538,300.0,-0.0,23.0,0.0,0.13555199667665035
2025-06-17,96,82.29625,18.24515089147336,62.17,121.13,776.5261397894864,1356.55775828952,0.5654166666666668,1468.3415756198747,300.0,-0.0,23.0,0.0,0.15887201592107403
2025-09-04,96,77.89791666666666,19.45831625304483,45.18,117.54,777.8362136936012,1356.55775541114,0.5654166666666667,1373.5869827996275,300.0,-0.0,23.0,0.0,0.15958430629401826
2025-05-28,96,79.71583333333334,19.969629554936752,42.41,111.37,776.9096473430463,1461.25573219889,0.5654166666666667,1410.9218741047948,300.0,-0.0,23.0,0.0,0.1598128391624585
2025-07-08,96,74.74791666666667,16.71965826373675,55.84,106.9,775.4392682543022,1356.62217961702,0.5654166666666667,1325.840168887884,300.0,-0.0,23.0,0.0,0.1732291161344064
2025-04-11,96,81.455,13.45849135206782,63.03,108.3,776.718693590219,1391.1564291071,0.5654166666666667,1456.1315952365642,300.0,-0.0,23.0,0.0,0.19190654117900385
2025-05-14,96,78.38208333333334,12.251467273387187,59.93,100.75,776.5542806631365,1461.25576732048,0.5654166666666668,1398.1905299217965,300.0,-0.0,23.0,0.0,0.21951614980347495
2025-06-16,96,87.13791666666667,14.538014047872576,66.7,118.92,776.0229153294566,1461.2586141846,0.5654166666666668,1552.009560600459,300.0,-0.0,23.0,0.0,0.2316937936071843
2025-09-30,96,84.44,17.399016548130106,69.29,123.55,778.4029586818338,1355.46702091511,0.5654166666666667,1486.9347085098302,300.0,-0.0,23.0,0.0,0.23525586045009353
2025-04-17,96,84.44333333333333,13.32274783310716,68.03,108.39,776.5029113923375,1356.5576993393,0.5654166666666668,1509.235541073598,300.0,-0.0,23.0,0.0,0.24290521082952768
2025-09-02,96,82.29208333333334,11.752187873947618,65.26,105.78,775.3852030285922,1356.55499577338,0.5649178395259006,1478.6736994324383,300.0,-0.0,23.0,0.0,0.2444271398417098
2025-05-09,96,84.44833333333334,12.744307349737044,67.46,112.43,777.3344451415186,1461.2556426142,0.5654166666666668,1504.745750098648,300.0,-0.0,23.0,0.0,0.24574970260059556
2025-10-07,96,89.14333333333333,17.721375416898848,67.78,133.81,776.7301792526728,1356.55499576983,0.5654166666666668,1590.386467063662,300.0,-0.0,23.0,0.0,0.2516581136278884
2025-04-28,96,78.87916666666666,16.690651632869947,59.27,111.33,777.6178874985322,1271.38362354904,0.5654166666666667,1389.7790313426606,300.0,-0.0,23.0,0.0,0.2546445556436923
2025-12-03,96,85.7275,15.228738275828514,68.5,119.47,773.0834729217851,1331.62649626549,0.5654166666666668,1535.0944152683287,300.0,-0.0,23.0,0.0,0.2591042039719216
2025-07-18,96,89.03916666666667,14.833685964663195,68.93,121.52,773.7683125233357,1356.55775828952,0.5654166666666668,1600.9414718622613,300.0,-0.0,23.0,0.0,0.2684845958476419
2025-09-05,96,83.78750000000001,16.202561006146357,67.16,121.9,777.1598017812098,1285.78563656754,0.5654166666666667,1488.6984330946136,300.0,-0.0,23.0,0.0,0.26892994688751665
2025-10-10,96,86.14208333333333,13.48819022752998,72.0,116.38,776.4707182255306,1356.55769933926,0.5654166666666668,1540.2248235326535,300.0,-0.0,23.0,0.0,0.2708912322395037
2025-11-23,96,75.53083333333333,13.74104996115972,57.99,105.35,771.6054531217987,1296.59524755237,0.5654166666666667,1367.7033018134025,300.0,-0.0,23.0,0.0,0.2791862025065905
2025-04-30,96,79.33583333333333,12.844408463293666,60.87,105.03,775.9044985937502,1271.38362354904,0.5654166666666668,1412.886724139172,300.0,-0.0,23.0,0.0,0.2799985899254034
2025-08-28,96,82.63875,10.228971574585797,68.89,99.84,776.4799442171376,1461.25867625936,0.5654166666666668,1487.6791865376977,300.0,-0.0,23.0,0.0,0.2863729734394148
2025-06-18,96,89.15625,14.576271651665863,65.51,116.07,770.7232330491083,1356.55775828953,0.5654166666666668,1598.1943543590057,300.0,-0.0,23.0,0.0,0.29250541077262054
2025-05-13,96,81.86166666666666,13.2854781556616,66.82,108.45,776.1822892193671,1270.96703170335,0.5654166666666668,1457.8347305564314,300.0,-0.0,23.0,0.0,0.29705387882724255
2025-09-26,96,82.64041666666667,12.753084573559093,67.93,106.58,776.9303428811382,1285.78564069665,0.5654166666666668,1478.019715995523,300.0,-0.0,23.0,0.0,0.2977638314533349
2025-10-17,96,89.46166666666666,14.70358256857414,73.5,124.21,777.4183230724769,1356.55775813483,0.5654166666666667,1592.2209331421348,300.0,-0.0,23.0,0.0,0.29904925147736344
2025-10-11,96,85.93291666666666,12.162553221967547,71.9,116.63,772.4950319985657,1356.55775541033,0.5654166666666667,1550.7106122264681,300.0,-0.0,23.0,0.0,0.29912372016411487
2025-06-06,96,74.515,20.09575163272601,47.26,103.36,775.8625792156978,1577.83241305592,0.5654166666666667,1307.3690327823974,300.0,-0.0,23.0,0.0,0.3012252623983305
2025-05-08,96,85.72333333333334,13.81760697284955,67.44,113.87,776.1258607230498,1271.38362363902,0.5654166666666668,1525.235131122156,300.0,-0.0,23.0,0.0,0.3026696093562796
2025-10-16,96,90.79916666666666,19.901961588941912,71.53,142.8,777.5296504751701,1356.55778790333,0.5654166666666667,1609.0259599397762,300.0,-0.0,23.0,0.0,0.3028634653175226
2025-07-12,96,79.57333333333334,10.684350254034033,59.85,100.52,769.4074971204578,1461.25558525311,0.5654166666666667,1439.384603129577,300.0,-0.0,23.0,0.0,0.3115788766896608
2025-10-08,96,91.17291666666667,16.819736647081992,75.03,128.02,777.073516687943,1356.55769933926,0.5654166666666668,1612.6313265238723,300.0,-0.0,23.0,0.0,0.311603699478794
2025-08-01,96,75.92708333333333,14.717992563108579,49.1,97.73,775.3039563955363,1577.96166591159,0.5654166666666667,1353.0338686656125,300.0,-0.0,23.0,0.0,0.312295753250613
2025-04-29,96,79.52208333333333,13.666852401390882,60.75,106.61,777.172664269176,1239.85186121914,0.5654166666666668,1413.247293753691,300.0,-0.0,23.0,0.0,0.31319020823603905
2025-08-13,96,90.53625,18.22507325810127,70.55,135.2,771.3243623735802,1356.55775828953,0.5654166666666668,1619.9007967167565,300.0,-0.0,23.0,0.0,0.31396749556207804
2025-05-19,96,85.60916666666667,13.249605012318533,68.86,114.05,776.1248821665181,1270.96703625051,0.5654166666666668,1528.218136018613,300.0,-0.0,23.0,0.0,0.3140281179234465
2025-11-19,96,83.685,11.438228055631322,66.34,107.24,772.3101922881239,1290.52320690909,0.5654166666666668,1511.4465626956223,300.0,-0.0,23.0,0.0,0.3163368084267696
2025-10-18,96,83.20541666666666,9.783323288198316,71.57,105.78,772.3568333311406,1356.55480491268,0.5654166666666668,1500.997517312822,300.0,-0.0,23.0,0.0,0.3178670008271587
2025-10-01,96,80.105,13.707530316159115,65.43,113.12,776.5756071087181,1239.84909752712,0.5654166666666667,1428.2775521624048,300.0,-0.0,23.0,0.0,0.320605059101454
2025-04-25,96,81.50375,11.539996465383018,67.93,103.85,776.7176969308852,1271.61616329165,0.5654166666666668,1460.7271908941627,300.0,-0.0,23.0,0.0,0.3218380666990661
2025-05-20,96,85.51208333333334,13.34637722708747,71.45,115.7,778.4680123975414,1306.58061530522,0.566025198467066,1542.3597617512446,300.0,-0.0,23.0,0.0,0.3245153474133598
2025-06-30,96,79.36291666666666,21.529688579978963,45.04,118.38,778.1579913735546,1602.59294226024,0.5654166666666667,1398.317837657743,300.0,-0.0,23.0,0.0,0.324633478874509
2025-06-13,96,83.38916666666667,12.71767867486802,62.17,105.12,774.7873186419723,1577.96166538893,0.5654166666666668,1501.0426245015592,300.0,-0.0,23.0,0.0,0.32592108201742753
2025-11-11,96,74.90166666666667,10.984488457213965,51.02,92.98,771.3729847171415,1289.1395511183,0.5654166666666667,1347.5799421485037,300.0,-0.0,23.0,0.0,0.3294403764259794
2025-07-02,96,86.56291666666668,18.96436380587031,60.69,128.64,775.450114270017,1601.62772797605,0.5654166666666668,1546.216151319241,300.0,-0.0,23.0,0.0,0.3313859783407524
2025-08-26,96,82.8975,14.794192957480236,63.12,115.32,776.9322768430743,1601.63057803431,0.5654166666666668,1476.966881585107,300.0,-0.0,23.0,0.0,0.33851292007838374
2025-04-09,96,84.6875,15.12674070018146,68.95,120.71,778.1481764980267,1239.85185858404,0.5654166666666667,1499.1260789749729,300.0,-0.0,23.0,0.0,0.3418617521012068
2025-04-07,96,89.09333333333332,20.87994911602323,63.79,131.53,775.9571275718246,1356.55775939321,0.563309622798403,1545.7381459832557,300.0,-0.0,23.0,0.0,0.34199234923208405
2025-11-15,96,68.69291666666666,19.93674111133389,36.19,99.39,771.8941408246893,1290.52319268545,0.5654173999797231,1246.9880246093192,300.0,-0.0,23.0,0.0,0.3446938648581306
2025-09-19,96,77.28041666666667,22.1930736429026,47.28,120.8,779.3072839613488,1356.55773371946,0.5675237105349304,1363.2527590188997,300.0,-0.0,23.0,0.0,0.3453464970839504
2025-05-01,96,77.39874999999999,11.552541871129941,57.6,101.29,772.2300988636167,1577.96166547967,0.5654166666666668,1385.7141614624384,300.0,-0.0,23.0,0.0,0.3456371017507224
2025-09-25,96,81.15625,13.732981678771495,65.57,106.81,774.8254037068424,1356.55769933926,0.5633088894853466,1437.5221339999118,300.0,-0.0,23.0,0.0,0.3459854977044312
2025-09-09,96,85.15458333333333,14.869616914802556,70.57,112.74,776.8705008151595,1239.85186013034,0.5654166666666667,1510.4823710571306,300.0,-0.0,23.0,0.0,0.3461844990017067
2025-09-10,96,73.01541666666667,20.186791925554044,22.67,104.58,777.4330200168579,1356.55499568629,0.5654166666666667,1273.8618757496552,300.0,-0.0,23.0,0.0,0.34869431022938463
2025-03-08,96,82.75666666666667,13.119359633495163,58.2,111.28,772.4463111514101,1601.63015377936,0.5654166666666668,1479.195307754887,300.0,-0.0,23.0,0.0,0.3509440949231961
2025-08-18,96,84.91916666666667,15.355240193611717,70.47,125.81,772.8394374349776,1239.85186135301,0.5654166666666667,1523.4027741395207,300.0,-0.0,23.0,0.0,0.35364531034160024
2025-05-07,96,84.76458333333333,13.350748129375935,70.28,113.68,777.5090630914141,1239.85184965951,0.5654166666666668,1508.0317248588271,300.0,-0.0,23.0,0.0,0.35501303362727127
2025-03-05,96,80.36125,25.917564263804213,24.93,125.2,780.5081079779961,1467.78939763318,0.5654166666666667,1368.6865385189624,300.0,-0.0,23.0,0.0,0.3553980040010431
2025-01-25,96,94.49458333333332,23.012224116150314,55.22,138.53,771.2558839843995,1290.09005042526,0.5654166666666667,1707.7063061235363,300.0,-0.0,23.0,0.0,0.3565589363751979
2025-07-14,96,78.18458333333334,17.265927012878137,44.54,103.17,776.835383872085,1622.49059038057,0.5654166666666667,1379.4814723130112,300.0,-0.0,23.0,0.0,0.35704671990611975
2025-07-11,96,83.78708333333334,10.984121162810355,67.55,107.05,771.0717656972596,1271.38343850014,0.5654166666666668,1510.7902512474275,300.0,-0.0,23.0,0.0,0.357724758663007
2025-11-20,96,90.60000000000001,15.050735530199185,72.53,126.51,772.059050899703,1290.52311985142,0.5654166666666668,1626.659189975867,300.0,-0.0,23.0,0.0,0.3580785019915563
2025-04-26,96,79.74,8.92688146171881,69.17,97.6,775.0265342998918,1271.44333693952,0.5654166666666667,1448.6140890838385,300.0,-0.0,23.0,0.0,0.35857971049726556
2025-12-12,96,80.72500000000001,9.081384081851466,68.62,98.74,771.8211394372535,1290.52324521911,0.5654166666666668,1464.5162803426979,300.0,-0.0,23.0,0.0,0.35910974999406875
2025-08-29,96,82.44833333333334,10.922487731538732,67.59,100.84,776.0398852444787,1577.9616638818,0.5654166666666667,1486.6992458512186,300.0,-0.0,23.0,0.0,0.3613838155493498
2025-07-17,96,87.14125,12.671202763498194,68.04,110.97,773.2254533497272,1239.85186013034,0.5654166666666668,1569.111971234142,300.0,-0.0,23.0,0.0,0.3649620263013939
2025-06-09,96,82.33749999999999,15.692561093849873,56.76,113.63,772.5386727913345,1191.25568833393,0.5654166666666667,1481.8602104788185,300.0,-0.0,23.0,0.0,0.36617051666697314
2025-03-26,96,93.63458333333334,14.58018756046182,78.36,126.82,776.9468069139153,1356.55775828952,0.5654166666666668,1667.0031853102566,300.0,-0.0,23.0,0.0,0.36645048697458427
2025-04-13,96,70.43375,16.928144813951267,37.37,100.96,770.2575924238419,1271.61616328629,0.5654166666666667,1275.5942321770115,300.0,-0.0,23.0,0.0,0.3676158708340824
2025-02-21,96,64.29416666666667,19.236446529640535,33.93,101.39,778.6952090169708,1356.55783124788,0.5654166666666667,1109.861710244277,300.0,-0.0,23.0,0.0,0.3716015256045604
2025-02-25,96,97.57166666666666,17.322943633815534,72.8,135.66,777.3775607089455,1356.55769933926,0.5654173999797231,1733.3076365444633,300.0,-0.0,23.0,0.0,0.371621593383888
2025-05-02,96,76.255,11.890308127564289,58.49,99.47,777.3181358536848,1607.68118226357,0.5654166666666667,1362.3602547021833,300.0,-0.0,23.0,0.0,0.37172136577592685
2025-08-19,96,78.32416666666667,8.760648337779891,64.94,97.07,771.2635131840631,1271.52690322362,0.5654166666666668,1417.4516126826238,300.0,-0.0,23.0,0.0,0.3729395306927234
2025-10-21,96,78.39083333333333,15.059168053253815,54.12,102.59,778.5894832797209,1626.06736492466,0.5654166666666667,1389.2983664109265,300.0,-0.0,23.0,0.0,0.37348775590392
2025-04-23,96,88.08083333333333,14.376717410757298,72.21,119.07,774.9241360763866,1239.85179731045,0.5648320931996008,1574.1217478562355,300.0,-0.0,23.0,0.0,0.3738084537357638
2025-02-22,96,79.10083333333334,27.42073804783013,37.9,131.09,778.1813199200752,1601.46120218295,0.5654166666666667,1403.787406428187,300.0,-0.0,23.0,0.0,0.3749531592470152
2025-10-09,96,86.37625000000001,14.822543233019656,68.65,120.85,778.4206601812133,1601.63061258767,0.5654166666666667,1532.0295060256576,300.0,-0.0,23.0,0.0,0.3771157103450065
2025-09-03,96,76.68416666666667,11.404838831475423,51.63,93.45,777.3246687627944,1607.59123600258,0.5654166666666667,1379.080159484177,300.0,-0.0,23.0,0.0,0.37715895862780063
2025-11-09,96,80.59375,9.770258979490553,69.49,104.07,770.729465893122,1271.69208932585,0.5654166666666668,1471.7379315853116,300.0,-0.0,23.0,0.0,0.37932614375654816
2025-10-29,96,76.76708333333333,16.421264898819246,48.62,109.97,771.9282222596709,1186.61061232327,0.5654166666666668,1369.070064375508,300.0,-0.0,23.0,0.0,0.3794205159788704
2025-11-16,96,79.81041666666667,9.769661085180903,61.44,100.0,770.2957357166948,1290.52328097431,0.5641727181996007,1448.1904867420353,300.0,-0.0,23.0,0.0,0.3800121857410692
2025-04-10,96,83.14125,13.140827279092722,63.66,109.09,779.4975038544558,1607.6811822747,0.5654166666666667,1478.4141907059948,300.0,-0.0,23.0,0.0,0.3804843961111569
2025-12-06,96,68.21291666666666,14.219465229167692,43.39,91.37,770.3470967342573,1279.35818224613,0.5654159333536103,1240.5762436668408,300.0,-0.0,23.0,0.0,0.38153643793202524
2025-06-20,96,90.97458333333333,15.206861326503537,63.89,119.03,775.6116560708184,1607.68118225218,0.5654166666666667,1630.620782363727,300.0,-0.0,23.0,0.0,0.3817129614208912
2025-05-12,96,79.085,13.723649660349102,59.51,100.19,777.6649727503186,1626.68395918944,0.5654166666666668,1409.027497549545,300.0,-0.0,23.0,0.0,0.38181510466019847
2025-07-03,96,75.64791666666666,17.784435058524547,41.57,101.19,777.8375179412614,1626.59401460678,0.5654166666666667,1334.7369277335576,300.0,-0.0,23.0,0.0,0.3826072995159999
2025-06-10,96,80.01333333333334,16.540376796234217,50.23,111.79,771.0913464435063,1186.56228421194,0.5654166666666667,1450.513387442669,300.0,-0.0,23.0,0.0,0.3826117609685361
2025-05-21,96,85.35416666666667,11.668207787936247,63.92,105.64,775.7079028608945,1607.68114692871,0.5648081348662675,1534.0101905305467,300.0,-0.0,23.0,0.0,0.38471733094491434
2025-06-05,96,74.37541666666667,18.198901060903687,39.22,103.07,777.1466040067035,1626.59401308313,0.5654166666666667,1312.7130398079942,300.0,-0.0,23.0,0.0,0.38779261991454983
2025-08-20,96,78.365,8.909839386584743,66.59,99.45,770.1728712868671,1271.47120055201,0.5654166666666668,1422.1844404767148,300.0,-0.0,23.0,0.0,0.3892700172987657
2025-06-29,96,74.83083333333333,12.25901032037609,58.41,101.26,775.1363797750679,1626.59233207171,0.5654166666666667,1355.6593488395001,300.0,-0.0,23.0,0.0,0.38927784374567215
2025-12-02,96,75.73041666666667,16.87374852539428,44.97,104.34,771.8315335966873,1186.61060239386,0.5654166666666668,1358.2230676117424,300.0,-0.0,23.0,0.0,0.3905192788740734
2025-05-15,96,80.14208333333333,12.109654079692966,62.48,101.74,776.6033269378323,1626.59399117235,0.5654166666666668,1444.4426884315378,300.0,-0.0,23.0,0.0,0.390799205743341
2025-04-18,96,79.86666666666666,12.496903083030872,50.82,99.31,772.1954872508992,1626.59396280207,0.5654166666666667,1425.7740195827967,300.0,-0.0,23.0,0.0,0.39296232105303835
2025-11-28,96,67.66208333333334,18.569180574085188,34.51,89.4,772.4197460939763,1279.35818224688,0.5660012401337327,1214.6046868843223,300.0,-0.0,23.0,0.0,0.39358139440698625
2025-08-12,96,85.705,16.582856080587362,68.04,126.17,776.1711204204271,1186.61061774676,0.5654166666666668,1532.994631769358,300.0,-0.0,23.0,0.0,0.3937876842712704
2025-07-06,96,72.92458333333333,13.137040595736735,52.33,95.79,775.021230770255,1626.59159342203,0.5654166666666667,1318.8787750146373,300.0,-0.0,23.0,0.0,0.39399924447642737
2025-05-16,96,74.47375,14.512266698791128,43.77,96.21,777.129839734645,1626.68395892775,0.5654166666666667,1319.3660532506224,300.0,-0.0,23.0,0.0,0.3942877327365077
2025-04-08,96,85.02416666666666,18.757914802005534,67.32,125.13,778.6439663220195,1186.61062003568,0.5654166666666667,1489.3615974748307,300.0,-0.0,23.0,0.0,0.39481213659633474
2025-05-18,96,77.02125,14.45056802744409,44.03,100.36,771.8813472587385,1626.59372034052,0.5654166666666667,1376.7555925942245,300.0,-0.0,23.0,0.0,0.3955512377809036
2025-06-25,96,88.71791666666667,14.997090799756474,70.12,116.28,777.3555473769079,1607.68118225219,0.5654166666666668,1593.7014639427632,300.0,-0.0,23.0,0.0,0.39636757509226167
2025-08-10,96,77.55874999999999,13.4650325502372,45.26,101.33,772.9794748677533,1626.59401392901,0.566025198467066,1383.6273072987185,300.0,-0.0,23.0,0.0,0.3967653666527508
2025-06-11,96,80.16541666666667,11.915159730507554,53.7,103.2,773.2199411709212,1636.62101107015,0.5654166666666668,1430.5019929482226,300.0,-0.0,23.0,0.0,0.3970548363846344
2025-10-22,96,86.90208333333334,28.890117629851666,51.72,173.19,772.0209443026689,1290.5181700098,0.5654166666666668,1519.100417575738,300.0,-0.0,23.0,0.0,0.39722030208581
2025-11-17,96,80.07000000000001,16.653653558366855,52.22,114.36,773.243898593164,1186.60032793732,0.5666598818206763,1440.1686955985367,300.0,-0.0,23.0,0.0,0.398873751083036
2025-07-10,96,83.85333333333334,14.46961292659946,69.01,114.88,776.2535839649621,1186.61062002002,0.5654166666666667,1507.8907950507007,300.0,-0.0,23.0,0.0,0.39984392177574885
2025-10-30,96,72.82416666666667,18.470742250874643,19.43,93.86,773.0957798895216,1331.63054798509,0.5654166666666668,1291.8990546698212,300.0,-0.0,23.0,0.0,0.4002527895363253
2025-04-02,96,74.81166666666667,26.8711872562677,31.41,116.08,776.951586521055,1356.59402646327,0.563309622798403,1254.9544023180313,300.0,-0.0,23.0,0.0,0.40265597985836576
2025-03-27,96,88.38125000000001,17.017550893740633,55.89,123.49,780.8149214184579,1626.59401460678,0.5654166666666667,1555.7048780061816,300.0,-0.0,23.0,0.0,0.4028348171681043
2025-08-27,96,84.02166666666666,11.188171448046253,66.99,104.02,774.2340926486995,1199.97237059214,0.5654166666666668,1514.1838150248216,300.0,-0.0,23.0,0.0,0.4039904343038817
2025-05-22,96,86.29166666666667,11.561455623767747,69.97,107.42,776.6925019708401,1607.68118226357,0.5654166666666667,1560.5473716517506,300.0,-0.0,23.0,0.0,0.4057101230173454
2025-04-24,96,84.06833333333334,12.583555406428925,70.38,107.5,774.7270146801288,1239.85186013034,0.563894196265469,1501.4348013928893,300.0,-0.0,23.0,0.0,0.40628762957570747
2025-09-23,96,90.94291666666668,20.462448786762483,68.49,140.41,778.820381195752,1604.57354913237,0.5654166666666667,1597.2941206476505,300.0,-0.0,23.0,0.0,0.40699970829716337
2025-01-29,96,98.2675,18.562806332754995,64.18,129.91,771.1428024148694,1285.41298320685,0.5654166666666667,1773.394671261336,300.0,-0.0,23.0,0.0,0.4072442814549342
2025-08-15,96,79.7175,9.742215569906385,68.34,103.13,770.4264591462651,1239.85186141573,0.5654166666666668,1442.9617300897323,300.0,-0.0,23.0,0.0,0.4075369717175934
2025-11-05,96,78.17291666666667,11.354686852078833,60.39,100.94,773.4700747224457,1290.26069382339,0.5675237105349303,1414.613702466261,300.0,-0.0,23.0,0.0,0.4080572096459007
2025-10-02,96,75.18458333333334,17.52450746611226,24.24,110.1,778.5428810976891,1577.96166465973,0.5654166666666667,1323.5901132412437,300.0,-0.0,23.0,0.0,0.40880739535701527
2025-08-06,96,69.77166666666666,19.712710442312492,34.58,100.94,772.3959893377122,1601.49787949383,0.5654166666666667,1248.6335419263596,300.0,-0.0,23.0,0.0,0.40941978512570654
2025-12-22,96,78.64958333333333,12.85792566692391,54.83,98.74,773.0347516085709,1271.64060803596,0.5675237105349303,1433.1541357863584,300.0,-0.0,23.0,0.0,0.4094580146195176
2025-02-27,96,96.96541666666667,15.648745698292384,80.18,131.25,777.0262173976517,1356.55481830062,0.5654166666666667,1730.660193247543,300.0,-0.0,23.0,0.0,0.41056637881939884
2025-07-09,96,83.76958333333333,13.307462877859699,70.2,111.14,776.0247704601879,1186.61062004093,0.5654166666666668,1505.3393640744978,300.0,-0.0,23.0,0.0,0.4111670870815173
2025-05-23,96,88.23708333333333,10.053257122541426,73.85,109.7,771.0407726023062,1271.38362363904,0.5654166666666668,1596.5708868806248,300.0,-0.0,23.0,0.0,0.4114471077613653
2025-08-21,96,80.02916666666667,8.403864232309315,71.57,98.98,770.2794423070553,1271.38362776589,0.5654166666666668,1454.53941955926,300.0,-0.0,23.0,0.0,0.41249957663988385
2025-08-22,96,82.37166666666667,8.813972479943025,72.55,102.39,770.174377017839,1271.45588209441,0.5654166666666668,1497.098073147108,300.0,-0.0,23.0,0.0,0.4132300921761493
2025-02-20,96,86.91708333333334,18.11337057283298,57.77,118.14,774.0084379597001,1226.28712988834,0.563309622798403,1541.8148052284507,300.0,-0.0,23.0,0.0,0.41423530203975856
2025-07-22,96,81.12833333333333,9.856150488712121,69.77,101.11,770.4618171682181,1239.85185947513,0.5654166666666668,1471.3255612961254,300.0,-0.0,23.0,0.0,0.4143386258691529
2025-12-16,96,87.77833333333332,16.803464471519387,65.52,120.82,771.5275752090209,1186.61045599907,0.5654166666666667,1583.1879136721698,300.0,-0.0,23.0,0.0,0.4153288315536615
2025-04-20,96,83.86916666666666,9.227080471909176,74.69,107.48,770.3404538755095,1271.38362363902,0.5654166666666667,1526.7442713963762,300.0,-0.0,23.0,0.0,0.417060111556029
2025-03-31,96,95.79875,18.42211469945836,70.06,128.25,774.5729047723142,1356.55776026627,0.563309622798403,1689.0020291246262,300.0,-0.0,23.0,0.0,0.4188126170399016
2025-08-16,96,77.40166666666666,8.610480109686018,65.78,95.9,770.3699865807507,1239.8517798644,0.5654166666666667,1409.7667142542666,300.0,-0.0,23.0,0.0,0.4192254329156105
2025-07-20,96,78.98458333333333,11.492692773801197,54.34,98.76,770.5620295192963,1626.59359169056,0.5654166666666668,1426.5226756027016,300.0,-0.0,23.0,0.0,0.41944036617872466
2025-07-21,96,84.73458333333333,8.859762134940157,74.42,103.17,770.5431974463617,1271.4433369395,0.5654166666666668,1539.9329348207477,300.0,-0.0,23.0,0.0,0.4217214882698482
2025-06-07,96,83.58083333333333,10.92932161102385,62.9,103.41,778.2716908002104,1637.00026152219,0.5654166666666667,1510.7456638324481,300.0,-0.0,23.0,0.0,0.4237430219188564
2025-07-25,96,79.8575,9.958040073491537,65.01,97.29,769.2059956340604,1239.85180118015,0.5648081348662675,1443.5945054165318,300.0,-0.0,23.0,0.0,0.4257209112013995
2025-12-05,96,77.68875,11.896187558249606,53.97,103.32,770.0703808791378,1186.60202648207,0.5654173999797231,1393.6380666968491,300.0,-0.0,23.0,0.0,0.42574677201515065
2025-07-31,96,82.45958333333333,9.557733921767133,68.05,100.04,771.7571571827287,1607.68314348125,0.5654166666666667,1495.6817503739078,300.0,-0.0,23.0,0.0,0.42724696528643386
2025-03-04,96,95.44416666666666,17.25338957798799,65.01,131.73,779.5778930215788,1601.49722093112,0.5654166666666667,1681.5834390457405,300.0,-0.0,23.0,0.0,0.4273126982470607
2025-12-01,96,72.92291666666667,15.114222644262952,45.74,91.85,771.1364706896507,1186.60213746425,0.5654166666666667,1316.3541402093688,300.0,-0.0,23.0,0.0,0.4274168100158001
2025-12-28,96,84.30666666666667,8.293545323628942,73.26,102.89,770.0499277840335,1271.63063141261,0.5654159333536104,1543.5355070793078,300.0,-0.0,23.0,0.0,0.4278501811219714
2025-07-19,96,82.44708333333334,11.104532400086068,57.75,102.01,771.1237592867619,1636.6216586211,0.5654166666666667,1489.6759448546175,300.0,-0.0,23.0,0.0,0.428197026177152
2025-03-02,96,91.45708333333333,13.105402495207974,69.92,124.21,771.7296970662004,1601.63062865245,0.5654159333536104,1644.1259337189565,300.0,-0.0,23.0,0.0,0.4309242852384583
2025-08-14,96,88.24041666666666,19.045433430652167,68.98,133.1,771.3423863421095,1186.61062000004,0.5654166666666668,1581.7709950465737,300.0,-0.0,23.0,0.0,0.4319095910453672
2025-11-10,96,79.19083333333333,11.13979038512671,62.51,106.14,769.9079992375368,1290.5232481458,0.563309622798403,1432.8694979557565,300.0,-0.0,23.0,0.0,0.431933433085165
2025-10-20,96,79.77624999999999,18.797227077137574,44.91,106.63,777.0435292624011,1681.93715414962,0.5654166666666667,1432.1234638099409,300.0,-0.0,23.0,0.0,0.4326004434165494
2025-09-08,96,86.76166666666667,21.239250986231607,62.47,133.71,776.9459911484533,1601.63062864211,0.563309622798403,1514.8653745618228,300.0,-0.0,23.0,0.0,0.43476878489390525
2025-06-26,96,73.01666666666667,20.886312751437895,29.83,99.78,776.427787465515,1626.59402646327,0.5654166666666667,1272.2888764714687,300.0,-0.0,23.0,0.0,0.4348284164332657
2025-09-29,96,94.00375000000001,28.723432548503343,70.22,173.94,778.8201841089748,1356.62458261426,0.5654166666666667,1620.043094603418,300.0,-0.0,23.0,0.0,0.43656260578986644
2025-08-11,96,85.29125,16.83760035722054,69.2,131.37,770.5266942332031,1186.60033011658,0.5648081348662675,1529.9068382933751,300.0,-0.0,23.0,0.0,0.4388452898433243
2025-04-12,96,76.51708333333333,18.60687693564521,29.18,99.63,773.3845763337067,1635.12478890176,0.5654166666666667,1344.6391608534639,300.0,-0.0,23.0,0.0,0.43918201345208685
2025-03-17,96,98.46,16.222108890095196,80.95,138.78,778.1450064679702,1356.55775828953,0.5654166666666668,1753.2122940890852,300.0,-0.0,23.0,0.0,0.44036208675514527
2025-05-06,96,82.84,13.553878139911802,61.68,110.6,775.33310240535,1607.68118226557,0.563309622798403,1472.3170737716318,300.0,-0.0,23.0,0.0,0.44036816087434977
2025-09-27,96,80.91833333333334,10.959983736701979,67.48,105.61,771.1146376349315,1186.60213730508,0.5654166666666668,1463.8638242282086,300.0,-0.0,23.0,0.0,0.4406882864249039
2025-12-24,96,74.53416666666666,12.611147922763589,48.36,91.94,770.2527230310274,1185.47289882035,0.5654166666666667,1359.541185314224,300.0,-0.0,23.0,0.0,0.4411294977458864
2025-06-19,96,91.89125,10.53348198040795,77.56,114.11,771.6004169022449,1271.38343437328,0.5654166666666667,1662.543575909942,300.0,-0.0,23.0,0.0,0.4417671075041158
2025-08-17,96,76.19,11.16476563027399,64.01,102.65,770.3359135872437,1186.60504195787,0.5654166666666667,1384.227275768679,300.0,-0.0,23.0,0.0,0.4444560633930616
2025-07-26,96,78.65916666666666,9.194777884803809,58.36,94.58,770.6388332904285,1626.59395602232,0.5654166666666667,1427.4221045421102,300.0,-0.0,23.0,0.0,0.4444696273590297
2025-03-09,96,90.45458333333333,10.68667009499678,81.64,121.45,771.0294945500527,1296.67586651067,0.5654173999797231,1643.1259521940347,300.0,-0.0,23.0,0.0,0.4458836480873317
2025-12-17,96,76.39999999999999,9.439455827312791,56.52,94.39,771.70261857686,1186.46054881867,0.566025198467066,1382.3170585085008,300.0,-0.0,23.0,0.0,0.44660508040424096
2025-04-14,96,81.0625,16.212630878423152,64.99,115.05,781.2309939656722,1563.33751786587,0.5675237105349303,1426.958800015322,300.0,-0.0,23.0,0.0,0.44725456346919695
2025-11-08,96,83.57583333333334,10.284366435636965,72.49,110.99,773.778453985739,1290.52324521836,0.5675237105349304,1520.882757214028,300.0,-0.0,23.0,0.0,0.4486797599975489
2025-12-25,96,74.24249999999999,13.40541736526103,46.91,91.76,769.5547211152449,1185.47289749304,0.5654166666666667,1355.8615358290715,300.0,-0.0,23.0,0.0,0.44930588534462
2025-09-24,96,84.73625,14.151254751880895,70.25,115.11,779.3994760079025,1261.87450798311,0.5675244438479868,1510.730134372565,300.0,-0.0,23.0,0.0,0.4498381171675459
2025-09-17,96,72.6275,19.69777764648912,29.13,102.46,778.8499680835688,1626.59402553568,0.5654166666666667,1261.1641767589558,300.0,-0.0,23.0,0.0,0.4500943858754039
2025-10-12,96,85.28375,12.837174574361434,73.28,119.42,771.164869580879,1186.61029672665,0.5654166666666667,1542.65783060635,300.0,-0.0,23.0,0.0,0.454546536286559
2025-11-06,96,86.50458333333334,14.675570242066392,70.95,121.55,769.3377122745495,1290.52324814505,0.563309622798403,1553.4979291018174,300.0,-0.0,23.0,0.0,0.45510538671515355
2025-09-28,96,86.91958333333334,17.21773246985528,73.5,136.56,771.0286679764413,1186.26564248577,0.5654166666666667,1569.6267293971212,300.0,-0.0,23.0,0.0,0.4553040958606469
2025-03-25,96,96.40375,13.077223530365984,80.16,133.61,772.2749596480504,1296.49952426337,0.5654166666666668,1736.5628443327378,300.0,-0.0,23.0,0.0,0.4589713718561836
2025-04-21,96,87.06916666666666,9.306699756136819,73.94,110.39,771.7106689894839,1607.68111678204,0.5654166666666667,1583.9484111062939,300.0,-0.0,23.0,0.0,0.4595724660812606
2025-11-07,96,84.34791666666666,9.894466280828691,71.31,106.77,771.7967425675373,1186.04029027721,0.5654166666666668,1527.9836186231444,300.0,-0.0,23.0,0.0,0.4605239649133064
2025-03-20,96,98.15958333333333,15.384142068798715,80.46,130.56,775.8730697130483,1356.55775828953,0.563894196265469,1741.9648118317943,300.0,-0.0,23.0,0.0,0.4615466160385233
2025-10-14,96,97.24916666666667,25.736706192013674,73.15,175.81,777.814854124692,1356.5536175669,0.5654166666666667,1707.810813967839,300.0,-0.0,23.0,0.0,0.4628283166806947
2025-03-07,96,92.95166666666667,12.720945567855825,71.25,126.58,773.336487945713,1626.82481913664,0.5654166666666668,1668.7275969456064,300.0,-0.0,23.0,0.0,0.4628773912919428
2025-05-17,96,72.54083333333334,18.710897678353774,28.99,97.36,772.4295836744863,1635.12481045089,0.5654166666666667,1276.8638715562097,300.0,-0.0,23.0,0.0,0.46289555063380244
2025-11-12,96,68.4025,16.24884805633601,38.93,95.32,770.5166708928349,1186.44116695401,0.5654166666666667,1228.857365121167,300.0,-0.0,23.0,0.0,0.4660078512019204
2025-07-29,96,83.55958333333334,11.027365951330408,68.76,108.74,769.7430039307068,1186.57824894161,0.5648081348662674,1517.5247624049966,300.0,-0.0,23.0,0.0,0.4690701203442376
2025-04-19,96,70.55166666666666,16.425909358255147,40.29,101.95,777.1908593236462,1676.34651652592,0.5654166666666668,1263.9069327433838,300.0,-0.0,23.0,0.0,0.4691819669271402
2025-07-30,96,84.23041666666667,9.851976228860636,70.28,107.64,770.2793185373157,1186.60213745444,0.5654166666666667,1530.595961661081,300.0,-0.0,23.0,0.0,0.4721631023997248
2025-08-02,96,77.55708333333332,10.513994475201196,67.3,101.51,769.136995947823,1186.60847678432,0.5654166666666667,1415.17651055697,300.0,-0.0,23.0,0.0,0.47349136817322596
2025-07-23,96,82.62375,9.961108292808229,71.31,104.67,770.2734906326951,1186.61062004093,0.5654166666666668,1498.9622044482078,300.0,-0.0,23.0,0.0,0.4739073123979466
2025-03-10,96,87.84625,13.87070576506663,71.66,122.26,775.5002428185562,1601.6305780343,0.5633088894853466,1561.0267108321284,300.0,-0.0,23.0,0.0,0.47456678988764783
2025-12-11,96,69.98625,14.556326550046165,42.88,93.17,773.773658027654,1186.60207309386,0.5669151787345311,1261.8601869760525,300.0,-0.0,23.0,0.0,0.4747254481551044
2025-07-27,96,76.96666666666667,9.762636255984681,61.9,96.58,768.8770645374062,1186.61062004171,0.5654166666666667,1401.3396425569522,300.0,-0.0,23.0,0.0,0.4749369248983745
2025-04-01,96,89.65333333333332,19.377545043937438,58.48,126.99,780.1783236979309,1607.57305009169,0.5675237105349304,1573.699519043779,300.0,-0.0,23.0,0.0,0.4760319656209124
2025-07-28,96,81.46208333333334,9.399628202800214,68.7,102.17,770.4158235357172,1186.46055014122,0.566025198467066,1482.2027622330947,300.0,-0.0,23.0,0.0,0.47625776278711934
2025-03-11,96,92.51875,13.996340668376972,76.54,129.98,776.4401913498655,1186.61061919692,0.5654166666666668,1656.2409554203673,300.0,-0.0,23.0,0.0,0.4776143564916938
2025-07-13,96,83.6425,11.675869222685861,71.52,108.36,769.1934679324162,1186.60979697608,0.5654166666666667,1524.2728399522794,300.0,-0.0,23.0,0.0,0.47850595954790603
2025-05-05,96,78.36749999999999,9.683063129968087,64.81,99.98,773.085863227495,1226.33508295803,0.5675237105349304,1424.1243283625988,300.0,-0.0,23.0,0.0,0.48160653033326767
2025-11-27,96,71.92833333333333,12.900849965198473,40.87,90.61,777.4978059130134,1186.61061998741,0.5669391370678646,1289.5161041195915,300.0,-0.0,23.0,0.0,0.4825973646746541
2025-12-04,96,81.95333333333333,13.449395734159769,64.57,113.8,774.0355841297501,1186.1702147194,0.5675237105349303,1486.2867491368395,300.0,-0.0,23.0,0.0,0.48553691339788235
2025-11-29,96,79.55083333333333,7.9082288477744545,61.14,93.84,768.6596396553864,1186.69821051899,0.5654173999797231,1450.8190770537344,300.0,-0.0,23.0,0.0,0.4922886491095316
2025-10-23,96,76.075,17.21609528441642,20.73,95.33,772.5117609391191,1185.47267772807,0.5654166666666667,1367.8196338282917,300.0,-0.0,23.0,0.0,0.4940379829785258
2025-12-20,96,79.67458333333333,7.347222879094363,68.93,95.6,770.1881586259851,1183.87706511882,0.5654166666666667,1454.906910094346,300.0,-0.0,23.0,0.0,0.49608989129743497
2025-04-16,96,65.96666666666667,23.171888534291163,28.34,109.29,778.4858052072233,1626.63525804081,0.5654166666666667,1131.5300751805369,300.0,-0.0,23.0,0.0,0.49656896346955776
2025-03-18,96,93.71,14.70785425689639,79.43,129.02,777.4540161235385,1186.6105732991,0.5654166666666668,1671.2225908730757,300.0,-0.0,23.0,0.0,0.49883245151474254
2025-11-26,96,99.31291666666665,23.443891446181677,72.9,152.45,776.2957272231406,1601.40150128431,0.5654166666666667,1759.4380536081685,300.0,-0.0,23.0,0.0,0.49999491495215115
2025-07-24,96,82.48666666666666,9.20115400847736,71.91,101.9,769.5096535436232,1186.61061752719,0.566025198467066,1502.9628662055293,300.0,-0.0,23.0,0.0,0.5019560981117037
2025-03-19,96,100.64291666666666,19.789062471698145,81.48,153.54,776.4307552856543,1288.28496964291,0.5648320931996008,1777.3324324987432,300.0,-0.0,23.0,0.0,0.5033189878568551
2025-08-25,96,74.49333333333333,24.250109524078958,19.08,104.23,773.6809332822764,1635.03635758969,0.5654166666666668,1287.836714493637,300.0,-0.0,23.0,0.0,0.5052458639389037
2025-12-27,96,81.89041666666667,6.848390347437649,70.73,95.06,770.0077958335427,1185.31394427305,0.5654173999797231,1500.7161005239068,300.0,-0.0,23.0,0.0,0.5094010604878318
2025-11-24,96,87.21708333333333,14.962266498493134,62.76,112.07,769.5272670513363,1191.50472480844,0.5633088894853466,1569.8364375716064,300.0,-0.0,23.0,0.0,0.509878120657205
2025-11-14,96,69.18916666666667,12.674255685955774,40.83,83.56,773.5193653609275,1224.98903098673,0.5675237105349303,1251.1273923765289,300.0,-0.0,23.0,0.0,0.5110119515698803
2025-11-30,96,72.51791666666666,15.441705381457027,49.81,104.26,769.3932215137676,1186.040273933,0.5633088894853466,1308.243670041139,300.0,-0.0,23.0,0.0,0.5110174307681802
2025-08-24,96,83.88875,8.50960042973136,74.76,104.39,769.342370033342,1186.61036204708,0.5654166666666667,1533.7752087324209,300.0,-0.0,23.0,0.0,0.5136083601695536
2025-10-19,96,57.6875,15.938614415114136,38.47,91.95,777.1835123162691,1601.62451370084,0.5654166666666667,1026.974365485876,300.0,-0.0,23.0,0.0,0.5163578150419762
2025-04-22,96,89.02708333333334,15.960978331488503,68.21,121.04,779.6079175711692,1186.6106200337,0.5675237105349303,1579.6221024893696,300.0,-0.0,23.0,0.0,0.5170602804184021
2025-07-15,96,79.0,9.988980033279823,68.03,97.72,776.3927954681543,1186.6106193394,0.5675237105349303,1434.447139118142,300.0,-0.0,23.0,0.0,0.5204132718680905
2025-12-09,96,66.83416666666666,13.023424698488226,32.15,82.52,771.1249345112851,1185.47289882035,0.5654166666666667,1203.3211067673471,300.0,-0.0,23.0,0.0,0.5220321087620903
2025-10-06,96,70.44625,29.539006406338107,18.32,119.66,778.6593796066157,1601.62787446277,0.5654166666666667,1212.6336446453936,300.0,-0.0,23.0,0.0,0.5231661969381808
2025-03-23,96,96.78333333333335,12.411744409962902,73.39,124.21,771.651113140001,1186.09314955162,0.5654173999797231,1761.8680501063777,300.0,-0.0,23.0,0.0,0.5239288730099829
2025-03-12,96,95.53125,15.282880497988252,80.69,141.63,776.4593774222748,1186.61061810666,0.5654166666666668,1708.8978523827775,300.0,-0.0,23.0,0.0,0.524025254926952
2025-11-02,96,58.1575,19.03168576763222,43.12,103.71,771.6969927544156,1186.60979659673,0.5654166666666667,1034.6850905899496,300.0,-0.0,23.0,0.0,0.5255188212329968
2025-08-23,96,84.96666666666667,8.275268247096504,74.39,102.44,768.8783370380215,1185.4728988169,0.5654166666666667,1558.3322715210309,300.0,-0.0,23.0,0.0,0.5258548430894907
2025-03-06,96,82.07125,22.116721430675593,37.83,118.45,782.8088873541843,1628.21919797158,0.5675237105349304,1414.2788755374966,300.0,-0.0,23.0,0.0,0.5275860405102037
2025-02-28,96,100.77458333333334,17.25100124732149,78.64,141.88,778.4337192870638,1601.6306125895,0.5654166666666667,1782.1474602786793,300.0,-0.0,23.0,0.0,0.5304199996667488
2025-06-21,96,78.33916666666666,28.70785169203592,17.08,115.33,772.0643819007032,1635.12481997229,0.5654166666666667,1352.7131025094527,300.0,-0.0,23.0,0.0,0.531795896970017
2025-03-24,96,98.90416666666665,19.19804966336927,71.24,138.8,776.5000825635847,1601.6950583136,0.5633088894853466,1733.0464905968724,300.0,-0.0,23.0,0.0,0.5358035733055537
2025-12-15,96,76.46916666666667,11.028790997983094,55.23,95.27,768.6306263948082,1186.97183445858,0.563309622798403,1381.3098444603156,300.0,-0.0,23.0,0.0,0.5368259021223427
2025-01-24,96,92.64958333333334,26.828900596054666,35.68,123.77,778.5561965266883,1626.59396812654,0.5675244438479867,1658.9252309862873,300.0,-0.0,23.0,0.0,0.5373736067027981
2025-05-24,96,61.58166666666667,23.453241215422057,15.06,100.42,770.9921920883891,1307.83097591037,0.5654166666666667,1077.5756261355489,300.0,-0.0,23.0,0.0,0.5409829334628352
2025-03-16,96,94.94291666666668,11.3261376253678,80.24,127.48,771.0542943106752,1185.67204188054,0.5654166666666667,1724.6737339055624,300.0,-0.0,23.0,0.0,0.5505574855814243
2025-02-23,96,56.42166666666666,20.009898532932286,31.08,100.91,772.6974387850777,1601.63212327391,0.5654166666666668,984.6601169739157,300.0,-0.0,23.0,0.0,0.5517714448330322
2025-11-22,96,84.72541666666667,8.234466194524815,72.94,104.75,773.2139766563581,1185.91599281955,0.5675244438479868,1550.5938916433583,300.0,-0.0,23.0,0.0,0.5549799209667212
2025-11-18,96,89.08333333333333,12.59194484929628,73.66,114.55,769.867662154486,1186.61043950928,0.563309622798403,1600.0069408221475,300.0,-0.0,23.0,0.0,0.5566013502624368
2025-12-21,96,79.41041666666666,9.536467614447387,62.81,95.19,768.2732551596067,1185.53485961185,0.5633088894853466,1446.6758371733413,300.0,-0.0,23.0,0.0,0.5584650976725463
2025-03-15,96,93.90708333333333,10.37864709940729,82.71,126.14,770.8890324165991,1186.61061716587,0.5654166666666667,1707.7830921218826,300.0,-0.0,23.0,0.0,0.5615773366727427
2025-07-16,96,84.77958333333333,13.23498695974278,68.07,111.53,767.1443775979219,1186.59842686844,0.563309622798403,1532.9861491464276,300.0,-0.0,23.0,0.0,0.5623997670530123
2025-04-15,96,84.17125,10.958462171212473,65.89,104.64,779.5475265620313,1681.0723982234,0.563309622798403,1509.262566291687,300.0,-0.0,23.0,0.0,0.5638894738030091
2025-12-13,96,73.99166666666666,8.198460274782887,57.29,88.27,768.9115416156059,1186.61026252777,0.563309622798403,1337.4958691878312,300.0,-0.0,23.0,0.0,0.5660749685221605
2025-11-13,96,63.99,25.25999474934312,15.85,98.92,774.5661678980231,1624.06712899407,0.5654166666666667,1134.8238083665476,300.0,-0.0,23.0,0.0,0.572634550379932
2025-12-10,96,59.572916666666664,21.98538873250364,20.56,91.69,772.4846798411119,1226.32733929289,0.566025198467066,1056.3769100777183,300.0,-0.0,23.0,0.0,0.5726634161586917
2025-01-03,96,107.89291666666666,21.25198997080739,74.85,151.97,771.3321430128525,1290.26043438333,0.5654166666666667,1941.8988768940546,300.0,-0.0,23.0,0.0,0.5759793112234971
2025-07-01,96,96.17875,32.37794679131233,67.32,177.68,776.0891447165668,1186.61061965062,0.5654166666666668,1697.365516779045,300.0,-0.0,23.0,0.0,0.5781328752671724
2025-05-30,96,60.51833333333334,28.102676203958953,25.12,111.59,770.7428089399178,1186.60213745646,0.5654166666666667,1085.3138117413016,300.0,-0.0,23.0,0.0,0.580866245822967
2025-03-28,96,70.5775,26.53809944410608,23.98,118.67,781.7703858503673,1602.55967420836,0.5675237105349303,1217.1779818626824,300.0,-0.0,23.0,0.0,0.5822464312693492
2025-07-07,96,63.93125,24.369622040997115,16.49,93.63,777.3707490853147,1626.59402643084,0.5654166666666667,1095.572535314676,300.0,-0.0,23.0,0.0,0.5843321008011785
2025-05-27,96,61.88625,30.521092318522758,15.0,110.57,774.9551417185312,1226.29593810553,0.5654166666666667,1102.9229129869695,300.0,-0.0,23.0,0.0,0.5843364651119322
2025-10-28,96,60.51791666666667,25.58256758097373,16.05,105.91,778.0353610508381,1601.44067953567,0.5654166666666668,1055.9532155823422,300.0,-0.0,23.0,0.0,0.586555912546432
2025-03-03,96,100.41250000000001,16.798655647966232,79.23,141.41,775.3969217472426,1601.63156509443,0.563309622798403,1778.120561458046,300.0,-0.0,23.0,0.0,0.5879024026242008
2025-12-18,96,63.83166666666667,21.711367416349425,14.41,85.45,770.7729128131072,1226.22643687206,0.5648081348662674,1136.7647198421432,300.0,-0.0,23.0,0.0,0.5891823821183175
2025-12-23,96,79.24625,7.493113645559041,63.29,89.66,767.427667409554,1186.46054978286,0.563309622798403,1443.5806874369791,300.0,-0.0,23.0,0.0,0.5906712159194306
2025-04-06,96,66.69916666666667,25.06381076022881,24.72,109.76,779.4404018005495,1626.63522733271,0.5675237105349304,1161.378807526583,300.0,-0.0,23.0,0.0,0.5921631800686157
2025-03-01,96,98.1875,12.058731101963996,80.21,125.87,774.1117944938246,1601.63063632935,0.5675244438479868,1779.1110073061802,300.0,-0.0,23.0,0.0,0.6000578388590209
2025-01-23,96,106.81958333333334,12.389521711737462,90.95,135.8,773.5762229076654,1410.23506511229,0.5654166666666668,1927.3923343720905,300.0,-0.0,23.0,0.0,0.6033861664512512
2025-12-08,96,61.48333333333333,25.288626886894463,13.55,88.45,772.5824071818106,1601.4811522258,0.5654166666666667,1095.4475175243872,300.0,-0.0,23.0,0.0,0.6053962060975595
2025-06-02,96,66.74958333333333,20.2009474460803,29.13,95.72,777.284691897837,1677.77652673025,0.563309622798403,1136.5114378098176,300.0,-0.0,23.0,0.0,0.6077615704451014
2025-12-14,96,59.68416666666667,13.875438630651743,38.29,84.7,773.2740380320297,1186.46055014598,0.5675237105349303,1086.54758168812,300.0,-0.0,23.0,0.0,0.6085517294074745
2025-06-27,96,62.92875,24.88349515346732,14.4,93.8,778.6610282905613,1622.49117655806,0.5654166666666668,1073.0028222456274,300.0,-0.0,23.0,0.0,0.609093331861
2025-03-14,96,103.09249999999999,15.194382687794782,86.79,134.77,779.3335649827654,1356.55499576983,0.5675237105349304,1846.276513706476,300.0,-0.0,23.0,0.0,0.6094483748847535
2025-06-14,96,69.51375,28.546909842905027,7.8,99.06,772.0643526647121,1612.41801481084,0.5654166666666667,1192.14487210334,300.0,-0.0,23.0,0.0,0.6120825159321684
2025-05-10,96,68.10958333333333,29.037925035216922,10.48,105.41,773.1348087067828,1636.0897284125,0.5654166666666668,1157.6634958165423,300.0,-0.0,23.0,0.0,0.6147055517981922
2025-02-04,96,108.56958333333334,14.473205000360357,88.31,140.24,774.5711544539628,1315.27277442967,0.5654166666666668,1956.2921417606235,300.0,-0.0,23.0,0.0,0.6169885296874668
2025-11-21,96,108.99041666666666,26.365764800376493,75.51,154.76,777.48842232559,1601.62754909445,0.5654166666666668,1921.1154142063654,300.0,-0.0,23.0,0.0,0.6234096480267391
2025-03-13,96,104.34583333333335,17.65361019685368,82.69,148.72,772.2488225184394,1186.60207659144,0.5654166666666667,1870.2781847616375,300.0,-0.0,23.0,0.0,0.6244390876763346
2025-02-19,96,99.39083333333333,14.80069754164642,79.47,132.14,778.5246685335705,1186.6105732957,0.5675237105349304,1786.846645005315,300.0,-0.0,23.0,0.0,0.6245089148361936
2025-02-18,96,107.55375,18.220798483283353,83.42,149.77,778.304339165059,1601.62945923087,0.5654166666666668,1907.179222224746,300.0,-0.0,23.0,0.0,0.6301656036862884
2025-06-15,96,62.415416666666665,29.18029702661376,14.19,106.48,772.0057567196726,1635.12482236793,0.5654166666666667,1083.7356767828214,300.0,-0.0,23.0,0.0,0.6301798129914047
2025-09-20,96,76.74875,19.885273749819568,7.74,97.3,774.2265426734189,1636.6203745053,0.563309622798403,1368.0009681464828,300.0,-0.0,23.0,0.0,0.6333908051420178
2025-08-30,96,62.53541666666667,21.443252105900182,15.73,87.26,773.494078850706,1666.32389972955,0.5654166666666667,1079.2291621382512,300.0,-0.0,23.0,0.0,0.6357361646102848
2025-02-26,96,102.87041666666666,15.606621665964779,85.02,135.22,775.3305619970843,1601.8055486187,0.5633088894853466,1831.863650548948,300.0,-0.0,23.0,0.0,0.636524923516943
2025-02-24,96,72.58166666666666,32.94277036465279,16.54,130.0,782.2351243244383,1604.2410789195,0.5675237105349304,1268.9635071935436,300.0,-0.0,23.0,0.0,0.6518254606988798
2025-01-28,96,102.0425,15.80635694902529,77.23,126.86,768.4817460510526,1186.60610861648,0.563309622798403,1845.9012759169116,300.0,-0.0,23.0,0.0,0.6633700830834077
2025-04-04,96,75.20916666666666,32.467071307684115,8.02,115.24,780.7039447391371,1675.81457760152,0.5654166666666668,1254.7695030340697,300.0,-0.0,23.0,0.0,0.6721485010525238
2025-11-03,96,53.740833333333335,25.23571586239866,13.7,93.39,776.8634544742026,1601.48896204906,0.5654166666666667,925.6465105068818,300.0,-0.0,23.0,0.0,0.6728387656823366
2025-03-22,96,75.19083333333333,37.304311918587885,14.0,120.41,772.7186932433113,1186.60207659154,0.5675237105349303,1359.550783107282,300.0,-0.0,23.0,0.0,0.676254053425093
2025-06-04,96,57.365,28.795928805813396,13.84,103.31,779.4282315390209,1626.63526874347,0.5654166666666667,960.8048149485776,300.0,-0.0,23.0,0.0,0.6781741024247225
2025-01-18,96,108.46791666666667,12.744326615290168,93.65,138.72,771.0277015057837,1290.26046782555,0.5654166666666667,1974.3251415151765,300.0,-0.0,23.0,0.0,0.6830392121646953
2025-03-21,96,63.333333333333336,32.22738223334367,10.86,106.17,780.6869673823979,1635.03635826959,0.5654166666666667,1031.0230221197637,300.0,-0.0,23.0,0.0,0.6860327502114217
2025-01-13,96,102.60083333333334,11.901544142776434,85.4,129.71,773.2704486418285,1186.60213730641,0.5675244438479868,1868.5864530895033,300.0,-0.0,23.0,0.0,0.6885673238554888
2025-03-29,96,67.66458333333334,29.4121660440626,8.66,100.86,772.190786507406,1635.03627594761,0.563309622798403,1126.9876271156534,300.0,-0.0,23.0,0.0,0.6962633850851587
2025-01-04,96,110.88,12.070016090339449,91.38,138.2,771.5275768004685,1290.52324814702,0.5654166666666667,2022.615176997715,300.0,-0.0,23.0,0.0,0.697606680741134
2025-08-08,96,59.326249999999995,29.63315977787473,6.5,99.79,773.1405820218819,1624.3747633756,0.5654166666666667,1006.5526091243478,300.0,-0.0,23.0,0.0,0.6980461962643199
2025-01-17,96,107.68083333333334,17.600418874600777,86.56,151.98,769.3540658299612,1290.52131834419,0.5633088894853466,1936.4315561364278,300.0,-0.0,23.0,0.0,0.6987428323915545
2025-07-04,96,59.354166666666664,28.412230267473372,6.06,88.41,773.486927226651,1622.49117655861,0.5654166666666668,1001.2880330219422,300.0,-0.0,23.0,0.0,0.7038779484008931
2025-11-04,96,61.375,30.031534303654535,6.9,95.87,773.4595266584179,1674.89683195977,0.5654166666666667,1090.1880471334177,300.0,-0.0,23.0,0.0,0.7126606527822674
2025-01-30,96,114.84375,19.764051323978133,90.15,159.35,773.2524057738786,1331.62754918802,0.5654166666666668,2061.5880342241944,300.0,-0.0,23.0,0.0,0.713128019993773
2025-12-19,96,61.4025,29.565647811714122,6.81,94.6,775.5555285936742,1601.61183737862,0.5675244438479867,1087.9393230630806,300.0,-0.0,23.0,0.0,0.7141623878584078
2025-10-13,96,105.22583333333334,36.68988926169017,70.86,217.9,777.811135793023,1356.55361756688,0.5654166666666668,1818.3829979317236,300.0,-0.0,23.0,0.0,0.718840377158405
2025-08-03,96,54.46083333333333,28.95494822420973,8.78,98.92,772.8906366929217,1622.48730670313,0.5654166666666667,940.839644860707,300.0,-0.0,23.0,0.0,0.7193560319993687
2025-09-14,96,61.88291666666667,27.35191623871762,1.94,93.76,774.7675479698499,1666.32389972955,0.5654166666666668,1051.7708170346798,300.0,-0.0,23.0,0.0,0.7305026369109061
2025-09-06,96,59.88083333333333,28.46447091659009,1.31,86.46,773.9424549949057,1635.03633226651,0.5654166666666667,999.0691573297518,300.0,-0.0,23.0,0.0,0.742300173455738
2025-04-03,96,69.84958333333334,36.82809848090584,3.65,119.58,780.7589042250455,1663.11397580402,0.5654166666666668,1125.4038990614415,300.0,-0.0,23.0,0.0,0.7447537485642424
2025-10-31,96,50.69958333333333,24.5506283301163,9.76,84.58,772.5022623393157,1186.60213746425,0.5654166666666667,886.8169255993676,300.0,-0.0,23.0,0.0,0.7538377142011617
2025-01-14,96,112.39,20.696186885002444,87.82,160.97,769.9434847093145,1290.52380120481,0.5633088894853466,2013.5730704208825,300.0,-0.0,23.0,0.0,0.7563868991182693
2025-10-15,96,106.2925,36.39826337673415,73.44,209.6,778.1110604906862,1601.63050475212,0.5654166666666667,1848.7516205196139,300.0,-0.0,23.0,0.0,0.7626545461563785
2025-02-15,96,112.145,10.92377571123985,98.75,140.73,770.5604090869765,1290.09005051523,0.5654166666666668,2037.5237147372932,300.0,-0.0,23.0,0.0,0.7632534494253214
2025-08-07,96,54.195,28.796008787768898,8.8,101.83,779.2768963704065,1674.76120758028,0.5654166666666667,911.5529493807514,300.0,-0.0,23.0,0.0,0.768850532562158
2025-01-16,96,112.13208333333334,18.40229619063119,88.22,152.0,779.806573395726,1591.67795490484,0.5675244438479868,2009.3051776756627,300.0,-0.0,23.0,0.0,0.7710519220852949
2025-11-25,96,108.46291666666667,36.976714889712504,71.58,196.18,772.1641667489454,1186.2216714089,0.5654166666666667,1914.1296253915452,300.0,-0.0,23.0,0.0,0.7740800954465152
2025-12-07,96,73.17708333333333,15.070262241749063,18.49,88.55,763.5978355677086,1096.3538277071,0.563309622798403,1318.4237949501112,300.0,-0.0,23.0,0.0,0.7803968384699723
2025-06-12,96,49.84041666666667,29.829069463993,8.99,100.87,779.7201631312914,1627.22164031517,0.5654166666666667,839.1984428448322,300.0,-0.0,23.0,0.0,0.7825429517561353
2025-02-16,96,107.68458333333332,11.240235988969241,94.06,135.85,773.1319253122329,1185.87144238609,0.5675237105349303,1970.2450585919273,300.0,-0.0,23.0,0.0,0.7849570194152465
2025-02-05,96,117.98958333333333,20.551647387761335,89.21,160.42,776.9402113252763,1601.62787438172,0.5654166666666668,2111.049248272753,300.0,-0.0,23.0,0.0,0.7906457529518045
2025-10-27,96,62.29791666666667,36.765470067690494,-0.35,114.42,778.4669558991368,1647.54503223825,0.5654166666666667,1079.3036841862545,300.0,-0.0,23.0,0.08333333333333333,0.7972858873740084
2025-02-07,96,113.14958333333334,11.836897345670018,96.61,135.56,772.8679891218153,1286.51360658549,0.5675244438479868,2055.634015757361,300.0,-0.0,23.0,0.0,0.7982243873914551
2025-05-11,96,52.12291666666667,29.973434902002168,3.47,98.26,773.5888418745668,1666.31887634705,0.5654166666666667,888.7852860803081,300.0,-0.0,23.0,0.0,0.8074419769181805
2025-02-10,96,117.84791666666666,13.562069700506761,96.53,141.45,770.736082233771,1271.63032265541,0.5654166666666667,2132.58498073888,300.0,-0.0,23.0,0.0,0.8116299884722304
2025-04-27,96,52.18541666666667,31.081617377027374,2.23,99.53,773.8482391212175,1674.76120821991,0.5654166666666667,879.781262730583,300.0,-0.0,23.0,0.0,0.8262436343146541
2025-02-06,96,119.64041666666667,16.50573577604985,101.88,163.35,776.7297209857643,1356.55499568631,0.5654166666666668,2140.9070466513695,300.0,-0.0,23.0,0.0,0.8325482692739954
2025-02-02,96,115.10875,14.806768384762407,97.37,152.32,771.0613364667793,1186.57825258707,0.5654166666666667,2095.3785190072085,300.0,-0.0,23.0,0.0,0.8345538255870182
2025-05-03,96,51.74458333333333,29.623611205880913,2.34,78.88,773.8726445745466,1663.11397604992,0.5654166666666668,857.5492932337767,300.0,-0.0,23.0,0.0,0.837019969193947
2025-10-03,96,49.693333333333335,28.566415270444924,0.02,93.1,779.9553932392,1626.59401308312,0.5654166666666667,822.1870631202013,300.0,-0.0,23.0,0.0,0.8395335138544361
2025-02-17,96,117.59125,20.35456494770955,93.86,158.71,775.7897073004292,1601.62945904754,0.563309622798403,2081.851468555447,300.0,-0.0,23.0,0.0,0.8415168617568635
2025-02-01,96,112.73208333333334,10.334204414331714,99.91,138.95,768.0565624238571,1290.09005051524,0.5633088894853466,2042.0901304932643,300.0,-0.0,23.0,0.0,0.8421752192649912
2025-09-18,96,49.34125,32.39984175562395,8.57,103.11,780.9298065595303,1666.29132204376,0.5654166666666667,789.3097358146075,300.0,-0.0,23.0,0.0,0.8465523052883509
2025-09-01,96,49.04916666666667,32.107278980143604,8.09,101.83,779.9794356308295,1676.33401131052,0.5659154938074328,811.5018945516028,300.0,-0.0,23.0,0.0,0.8472280875476343
2025-02-08,96,118.05624999999999,15.860407856307525,91.13,150.05,768.232777917863,1286.51360658324,0.5633088894853466,2147.4036237339806,300.0,-0.0,23.0,0.0,0.8527289435958041
2025-02-03,96,118.71458333333334,18.984762638920202,100.02,163.1,777.8356801301092,1601.6305479832,0.5654166666666668,2113.2531542413267,300.0,-0.0,23.0,0.0,0.8541895821564445
2025-09-13,96,45.53958333333333,33.284142641857386,4.69,106.43,777.8426775725255,1634.85361214901,0.5654166666666667,778.0071966090172,300.0,-0.0,23.0,0.0,0.8562185666685395
2025-11-01,96,41.333333333333336,27.215396210182067,9.01,98.19,779.4088565682567,1626.70883709483,0.5654166666666667,716.7743652174187,300.0,-0.0,23.0,0.0,0.8578193540969563
2025-02-09,96,117.17125,10.114067457077576,104.65,142.46,770.5558396931355,1290.09005051524,0.5654166666666668,2137.3971637505556,300.0,-0.0,23.0,0.0,0.8606046077622126
2025-10-24,96,45.79291666666666,29.839933325615743,5.09,98.23,780.7613684103995,1626.59401357362,0.5654166666666667,733.9710589159031,300.0,-0.0,23.0,0.0,0.8638917017914793
2025-05-29,96,47.265833333333326,29.60609509318421,0.2,84.13,774.4263750618657,1647.4449500887,0.5654166666666667,783.2345945384566,300.0,-0.0,23.0,0.0,0.8740851944858691
2025-08-04,96,46.153333333333336,26.613052383989736,4.75,81.4,772.8382217060248,1676.33401167069,0.5654166666666667,766.8989201799402,300.0,-0.0,23.0,0.0,0.8760289795955887
2025-01-09,96,103.85708333333334,14.613926589075133,79.92,129.45,767.1748631101499,1185.47289350762,0.5608878789909703,1860.4020805054006,300.0,-0.0,23.0,0.0,0.8796955828940142
2025-01-19,96,116.89125,21.54421476870299,94.56,172.32,773.8258462109052,1186.46055014253,0.5675237105349303,2115.133992808106,300.0,-0.0,23.0,0.0,0.8934545188269722
2025-06-08,96,46.72875,36.59229522727428,-1.63,108.02,773.3454740261545,1647.28708182199,0.5654166666666667,815.7827768035179,300.0,-0.0,23.0,0.041666666666666664,0.9006848544665277
2025-12-26,96,83.21708333333333,6.479971721294146,73.61,96.09,767.3787810791988,916.52638950835,0.5675237105349304,1530.5599708629436,300.0,-0.0,23.0,0.0,0.9136854046743349
2025-09-11,96,43.18083333333334,34.583864070330364,8.0,107.54,782.3932397985045,1635.65535032139,0.5654166666666668,681.4887437861463,300.0,-0.0,23.0,0.0,0.9154396293017782
2025-06-24,96,45.94541666666667,34.91493096133927,1.46,108.13,780.7901502903165,1674.84967638872,0.5654166666666667,754.3484120109583,300.0,-0.0,23.0,0.0,0.9249820449708495
2025-05-04,96,37.845416666666665,33.320408031768,6.03,96.04,773.1235160698885,1626.53456866108,0.5654166666666667,663.0521809721438,300.0,-0.0,23.0,0.0,0.9297867463029428
2025-01-31,96,123.18416666666667,20.516445761063657,97.08,179.15,773.8524486116445,1290.52314094365,0.5675244438479868,2217.0868536610733,300.0,-0.0,23.0,0.0,0.9375629473863509
2025-02-11,96,124.17291666666667,14.166879827085689,102.21,152.13,770.8854352713652,1186.6101927226,0.5654166666666667,2251.78362744422,300.0,-0.0,23.0,0.0,0.9623868245409715
2025-05-31,96,57.45041666666666,35.466219299546275,-6.3,95.44,779.1713537056384,1642.52760450876,0.5662804953809208,951.7698001040061,300.0,-0.0,23.0,0.16666666666666666,0.9853672109895265
2025-04-05,96,55.74041666666667,35.976435033495164,-7.55,109.32,780.2620132247072,1645.95792973525,0.5654166666666668,918.7938625357156,300.0,-0.0,23.0,0.16666666666666666,1.0004283830167984
2025-09-21,96,37.03791666666667,37.27184911788878,1.0,105.39,778.5221806499594,1674.89229568981,0.5654166666666667,649.0740743221828,300.0,-0.0,23.0,0.0,1.0083642059304456
2025-07-05,96,34.745416666666664,33.354108148035934,-0.36,92.49,779.3688224132671,1647.44449394916,0.5654166666666667,584.7253321343401,300.0,-0.0,23.0,0.041666666666666664,1.0229755753793472
2025-01-15,96,127.95416666666667,30.55001888763879,91.99,202.63,771.9951600675577,1186.57824913299,0.5654166666666667,2275.760901107177,300.0,-0.0,23.0,0.0,1.0281358467946122
2025-06-28,96,39.3525,33.755125146919696,-2.21,97.43,777.8394631984969,1644.06618809435,0.5654166666666667,659.5532296855339,300.0,-0.0,23.0,0.125,1.0323110728472054
2025-02-12,96,126.95291666666667,15.808765451094509,106.48,160.58,773.1364643997341,1186.61060222396,0.5675237105349304,2300.9332485255845,300.0,-0.0,23.0,0.0,1.0530859170974467
2025-09-12,96,36.53416666666667,38.17527256075219,0.1,109.71,783.7074095235743,1637.17201330152,0.5654166666666667,568.6180224803627,300.0,-0.0,23.0,0.0,1.055183342362492
2025-02-14,96,128.2925,19.72667363322004,101.69,169.82,769.3669747207618,1186.60202643582,0.5633088894853466,2303.6702287953008,300.0,-0.0,23.0,0.0,1.0582178687688428
2025-02-13,96,130.57291666666666,16.458659017874655,106.96,160.89,770.9721757483873,1186.60212097421,0.5654173999797231,2360.8330339326585,300.0,-0.0,23.0,0.0,1.0645805497446965
2025-01-11,96,107.42041666666667,16.568825382669814,84.69,148.95,780.8356180480615,1309.55790834378,0.5724389565439602,1965.7387971019816,300.0,-0.0,23.0,0.0,1.1296666604562802
2025-06-22,96,44.07666666666666,39.2105092965935,-8.97,108.17,783.4017268826778,1644.24278333576,0.5654166666666667,714.6204143284418,300.0,-0.0,23.0,0.20833333333333334,1.2001725421044815
2025-01-05,96,97.74624999999999,19.139489915108157,56.04,120.54,784.9620412714459,1368.77228666312,0.5745467337252802,1793.3967936985139,300.0,-0.0,23.0,0.0,1.2999768601380333
2025-08-09,96,38.18875,36.95428154810809,-11.59,93.16,786.4626522248401,1642.18379714494,0.5654166666666667,622.2309197426174,300.0,-0.0,23.0,0.25,1.3501205754808039
2025-10-25,96,15.235416666666666,19.40093410212734,-0.37,66.61,788.8482122291251,1626.63406642048,0.5654166666666667,226.71257228400714,300.0,-0.0,23.0,0.125,1.369545352583268
2025-01-12,96,103.87833333333333,11.745588615723971,85.12,129.47,761.5511170326099,1290.52318864446,0.5562865996080532,1864.0775071865503,300.0,-0.0,23.0,0.0,1.4039635508646449
2025-06-03,96,27.857916666666668,33.3691346800939,-7.24,90.56,792.7027115054761,1639.16451173217,0.5654166666666667,424.9590716797252,300.0,-0.0,23.0,0.20833333333333334,1.416535325884414
2025-05-26,96,26.27208333333333,32.497657888617354,-1.51,91.21,795.4016666967418,1675.36139616209,0.5654166666666667,418.70369283763245,300.0,-0.0,23.0,0.20833333333333334,1.4538852348833309
2025-09-16,96,32.9325,39.42765903324854,-0.94,103.84,802.5924999840163,1663.01615491487,0.5648081348662675,538.2108104263095,300.0,-0.0,23.0,0.20833333333333334,1.5342594037195705
2025-06-23,96,21.917083333333334,31.41922234009207,-13.83,84.3,799.0871518774949,1642.27547011905,0.5654166666666667,313.29137903454887,300.0,-0.0,23.0,0.2916666666666667,1.7210896780933633
2025-08-31,96,16.357499999999998,22.775237938557193,-2.19,66.01,801.3826006271289,1642.04179609963,0.5654166666666667,255.26095734739138,300.0,-0.0,23.0,0.3333333333333333,1.8315819769080073
2025-06-01,96,25.035,31.995324395259605,-15.27,78.28,797.4264485925465,1641.78600088146,0.5666598818206763,394.78358401719106,300.0,-0.0,23.0,0.375,1.8422421274872793
2025-08-05,96,17.864166666666666,28.626820242440175,-9.58,76.84,803.367068121882,1640.85817986158,0.5654166666666667,263.429501523766,300.0,-0.0,23.0,0.3333333333333333,1.8756998939869927
2025-01-07,96,92.56916666666666,26.606576775663893,28.1,125.6,793.4581408013604,1583.095,0.5784762401337326,1679.878163902912,300.0,-0.0,23.0,0.0,1.8918908614720307
2025-01-06,96,87.67583333333333,35.209130624005,7.29,126.4,761.1622488201274,1593.63929730082,0.5562865996080532,1542.3996170938142,300.0,270.0,23.0,0.0,1.9998591530562648
2025-01-21,96,159.60625,75.96720809526616,91.45,368.57,772.6594322937716,1186.57956142826,0.5654166666666668,2704.3323396070837,300.0,-0.0,23.0,0.0,2.0634707250156064
2025-09-15,96,11.36875,16.501519499411973,-1.5,49.17,808.7142367419164,1679.19318455317,0.566025198467066,137.09845231504661,300.0,-0.0,23.0,0.375,2.104270363334222
2025-01-26,96,94.50791666666667,23.156557689671573,28.45,123.25,809.9469045431002,1681.17493060589,0.5800193061520132,1726.8834369046654,300.0,-0.0,23.0,0.0,2.320885781042833
2025-09-07,96,19.544583333333332,38.00806551292881,-12.33,89.98,822.4720614120682,1634.72768183985,0.5675237105349303,315.4414228635655,300.0,-0.0,23.0,0.625,2.8445329940762534
2025-10-05,96,14.009583333333333,24.67788790402268,-2.35,71.49,820.8810509998365,1633.87290211343,0.5654166666666667,219.62678144917678,300.0,190.0,23.0,0.625,2.9654754397053744
2025-01-20,96,193.49458333333334,106.60012584091187,93.9,521.4,770.5026849704996,1186.6065570411,0.563309622798403,3234.639432044922,300.0,-0.0,23.0,0.0,3.1142180636628125
2025-05-25,96,1.6558333333333335,26.807282893653188,-32.17,55.89,828.6106009678325,1637.69451539998,0.5654166666666667,-40.699019401750654,300.0,-0.0,23.0,0.6666666666666666,3.1936525793103554
2025-10-04,96,0.15541666666666676,5.225554197084426,-4.02,18.92,838.684380765104,1660.23860319219,0.5654166666666667,-20.20586717204524,300.0,0.0,23.0,0.75,3.547820893726326
2025-01-08,96,166.66875000000002,82.94836569247538,85.38,332.1,767.1126947129924,1351.34249885071,0.558992924743561,2897.1172207861546,300.0,-0.0,18.367245243158,0.0,3.7328844691585563
2025-01-10,96,221.02958333333333,141.21050807713817,83.22,550.24,772.6033238739791,1186.74942782675,0.5654173999797231,3736.3589509988633,300.0,-0.0,23.0,0.0,3.7712341626808397
2025-01-01,96,50.629999999999995,47.99090238346167,-4.97,119.64,789.9778119314163,1680.23804699385,0.5578082626959735,981.4285045455588,600.0,500.0,20.0,0.20833333333333334,4.80870976615472
2025-01-27,96,94.62166666666667,27.004095699752725,39.15,127.79,737.8672366543857,1365.58113700335,0.5508132938682638,1648.972585746501,600.0,540.0,18.367245243158,0.0,5.679702893778144
2025-01-22,96,256.98541666666665,211.8176154093877,95.31,897.58,772.9338765365832,1290.5231491903,0.5654166666666667,4101.373594769772,300.0,-0.0,23.0,0.0,5.820578073201289
2025-01-02,96,105.08416666666666,13.2251778749687,75.98,129.99,731.8513983411339,1271.63063141234,0.5462386123040266,1808.4710071820602,600.0,666.666666666667,18.367245243158,0.0,6.318789928679877
