Time_Slot_EXT,P_IT_Total_kW,P_Grid_IT_kW,P_Chiller_HVAC_kW,P_Chiller_TES_kW,P_Grid_Cooling_kW,P_Grid_Other_kW,P_UPS_Charge_kW,P_UPS_Discharge_kW,E_UPS_kWh,T_IT_Celsius,T_Rack_Celsius,T_ColdAisle_Celsius,T_HotAisle_Celsius,E_TES_kWh,Q_Cool_Total_Watts,Q_Charge_TES_Watts,Q_Discharge_TES_Watts,P_IT_Nominal,Price_GBP_per_MWh,Optimized_Cost,Nominal_Cost
1,733.3440,733.3440,122.2240,0.0000,122.2240,73.3344,0.0000,0.0000,600.0000,28.5000,26,20,27,150.0000,733344.0000,0.0000,0.0000,733.3440,60,1882.4612,1882.4612
2,733.3440,733.3440,122.2240,0.0000,122.2240,73.3344,0.0000,0.0000,600.0000,28.5000,26,20,27,150.0000,733344.0000,0.0000,0.0000,733.3440,60,1882.4612,1882.4612
3,733.3440,733.3440,122.2240,0.0000,122.2240,73.3344,0.0000,0.0000,600.0000,28.5000,26,20,27,150.0000,733344.0000,0.0000,0.0000,733.3440,60,1882.4612,1882.4612
4,708.3450,708.3450,118.0575,0.0000,118.0575,70.8345,0.0000,0.0000,600.0000,28.5000,26,20,27,150.0000,708345.0000,0.0000,0.0000,708.3450,60,1882.4612,1882.4612
5,708.3450,708.3450,118.0575,0.0000,118.0575,70.8345,0.0000,0.0000,600.0000,28.5000,26,20,27,150.0000,708345.0000,0.0000,0.0000,708.3450,60,1882.4612,1882.4612
6,708.3450,708.3450,118.0575,0.0000,118.0575,70.8345,0.0000,0.0000,600.0000,28.5000,26,20,27,150.0000,708345.0000,0.0000,0.0000,708.3450,60,1882.4612,1882.4612
7,683.3460,683.3460,113.8910,0.0000,113.8910,68.3346,0.0000,0.0000,600.0000,28.5000,26,20,27,150.0000,683346.0000,0.0000,0.0000,683.3460,60,1882.4612,1882.4612
8,683.3460,683.3460,113.8910,0.0000,113.8910,68.3346,0.0000,0.0000,600.0000,28.5000,26,20,27,150.0000,683346.0000,0.0000,0.0000,683.3460,60,1882.4612,1882.4612
9,683.3460,683.3460,113.8910,0.0000,113.8910,68.3346,0.0000,0.0000,600.0000,28.5000,26,20,27,150.0000,683346.0000,0.0000,0.0000,683.3460,60,1882.4612,1882.4612
10,658.3470,658.3470,109.7245,0.0000,109.7245,65.8347,0.0000,0.0000,600.0000,28.5000,26,20,27,150.0000,658347.0000,0.0000,0.0000,658.3470,60,1882.4612,1882.4612
11,658.3470,658.3470,109.7245,0.0000,109.7245,65.8347,0.0000,0.0000,600.0000,28.5000,26,20,27,150.0000,658347.0000,0.0000,0.0000,658.3470,60,1882.4612,1882.4612
12,658.3470,658.3470,109.7245,0.0000,109.7245,65.8347,0.0000,0.0000,600.0000,28.5000,26,20,27,150.0000,658347.0000,0.0000,0.0000,658.3470,60,1882.4612,1882.4612
13,633.3480,633.3480,105.5580,0.0000,105.5580,63.3348,0.0000,0.0000,600.0000,28.5000,26,20,27,150.0000,633348.0000,0.0000,0.0000,633.3480,55,1882.4612,1882.4612
14,633.3480,633.3480,105.5580,0.0000,105.5580,63.3348,0.0000,0.0000,600.0000,28.5000,26,20,27,150.0000,633348.0000,0.0000,0.0000,633.3480,55,1882.4612,1882.4612
15,633.3480,633.3480,105.5580,0.0000,105.5580,63.3348,0.0000,0.0000,600.0000,28.5000,26,20,27,150.0000,633348.0000,0.0000,0.0000,633.3480,55,1882.4612,1882.4612
16,625.0150,625.0150,104.1692,0.0000,104.1692,62.5015,0.0000,0.0000,600.0000,28.5000,26,20,27,150.0000,625015.0000,0.0000,0.0000,625.0150,55,1882.4612,1882.4612
17,625.0150,625.0150,104.1692,0.0000,104.1692,62.5015,0.0000,0.0000,600.0000,28.5000,26,20,27,150.0000,625015.0000,0.0000,0.0000,625.0150,55,1882.4612,1882.4612
18,625.0150,625.0150,104.1692,0.0000,104.1692,62.5015,0.0000,0.0000,600.0000,28.5000,26,20,27,150.0000,625015.0000,0.0000,0.0000,625.0150,55,1882.4612,1882.4612
19,608.3490,608.3490,101.3915,0.0000,101.3915,60.8349,0.0000,0.0000,600.0000,28.5000,26,20,27,150.0000,608349.0000,0.0000,0.0000,608.3490,55,1882.4612,1882.4612
20,608.3490,608.3490,101.3915,0.0000,101.3915,60.8349,0.0000,0.0000,600.0000,28.5000,26,20,27,150.0000,608349.0000,0.0000,0.0000,608.3490,55,1882.4612,1882.4612
21,608.3490,608.3490,101.3915,0.0000,101.3915,60.8349,0.0000,0.0000,600.0000,28.5000,26,20,27,150.0000,608349.0000,0.0000,0.0000,608.3490,55,1882.4612,1882.4612
22,591.6830,591.6830,98.6138,0.0000,98.6138,59.1683,0.0000,0.0000,600.0000,28.5000,26,20,27,150.0000,591683.0000,0.0000,0.0000,591.6830,55,1882.4612,1882.4612
23,591.6830,591.6830,98.6138,0.0000,98.6138,59.1683,0.0000,0.0000,600.0000,28.5000,26,20,27,150.0000,591683.0000,0.0000,0.0000,591.6830,55,1882.4612,1882.4612
24,591.6830,591.6830,98.6138,0.0000,98.6138,59.1683,0.0000,0.0000,600.0000,28.5000,26,20,27,150.0000,591683.0000,0.0000,0.0000,591.6830,55,1882.4612,1882.4612
25,583.3500,583.3500,97.2250,0.0000,97.2250,58.3350,0.0000,0.0000,600.0000,28.5000,26,20,27,150.0000,583350.0000,0.0000,0.0000,583.3500,52,1882.4612,1882.4612
26,583.3500,583.3500,97.2250,0.0000,97.2250,58.3350,0.0000,0.0000,600.0000,28.5000,26,20,27,150.0000,583350.0000,0.0000,0.0000,583.3500,52,1882.4612,1882.4612
27,583.3500,583.3500,97.2250,0.0000,97.2250,58.3350,0.0000,0.0000,600.0000,28.5000,26,20,27,150.0000,583350.0000,0.0000,0.0000,583.3500,52,1882.4612,1882.4612
28,550.0180,550.0180,91.6697,0.0000,91.6697,55.0018,0.0000,0.0000,600.0000,28.5000,26,20,27,150.0000,550018.0000,0.0000,0.0000,550.0180,52,1882.4612,1882.4612
29,550.0180,550.0180,91.6697,0.0000,91.6697,55.0018,0.0000,0.0000,600.0000,28.5000,26,20,27,150.0000,550018.0000,0.0000,0.0000,550.0180,52,1882.4612,1882.4612
30,550.0180,550.0180,91.6697,0.0000,91.6697,55.0018,0.0000,0.0000,600.0000,28.5000,26,20,27,150.0000,550018.0000,0.0000,0.0000,550.0180,52,1882.4612,1882.4612
31,533.3520,533.3520,88.8920,0.0000,88.8920,53.3352,0.0000,0.0000,600.0000,28.5000,26,20,27,150.0000,533352.0000,0.0000,0.0000,533.3520,52,1882.4612,1882.4612
32,533.3520,533.3520,88.8920,0.0000,88.8920,53.3352,0.0000,0.0000,600.0000,28.5000,26,20,27,150.0000,533352.0000,0.0000,0.0000,533.3520,52,1882.4612,1882.4612
33,533.3520,533.3520,88.8920,0.0000,88.8920,53.3352,0.0000,0.0000,600.0000,28.5000,26,20,27,150.0000,533352.0000,0.0000,0.0000,533.3520,52,1882.4612,1882.4612
34,516.6860,516.6860,86.1143,0.0000,86.1143,51.6686,0.0000,0.0000,600.0000,28.5000,26,20,27,150.0000,516686.0000,0.0000,0.0000,516.6860,52,1882.4612,1882.4612
35,516.6860,516.6860,86.1143,0.0000,86.1143,51.6686,0.0000,0.0000,600.0000,28.5000,26,20,27,150.0000,516686.0000,0.0000,0.0000,516.6860,52,1882.4612,1882.4612
36,516.6860,516.6860,86.1143,0.0000,86.1143,51.6686,0.0000,0.0000,600.0000,28.5000,26,20,27,150.0000,516686.0000,0.0000,0.0000,516.6860,52,1882.4612,1882.4612
37,491.6870,491.6870,81.9478,0.0000,81.9478,49.1687,0.0000,0.0000,600.0000,28.5000,26,20,27,150.0000,491687.0000,0.0000,0.0000,491.6870,50,1882.4612,1882.4612
38,491.6870,491.6870,81.9478,0.0000,81.9478,49.1687,0.0000,0.0000,600.0000,28.5000,26,20,27,150.0000,491687.0000,0.0000,0.0000,491.6870,50,1882.4612,1882.4612
39,491.6870,491.6870,81.9478,0.0000,81.9478,49.1687,0.0000,0.0000,600.0000,28.5000,26,20,27,150.0000,491687.0000,0.0000,0.0000,491.6870,50,1882.4612,1882.4612
40,483.3540,483.3540,80.5590,0.0000,80.5590,48.3354,0.0000,0.0000,600.0000,28.5000,26,20,27,150.0000,483354.0000,0.0000,0.0000,483.3540,50,1882.4612,1882.4612
41,483.3540,483.3540,80.5590,0.0000,80.5590,48.3354,0.0000,0.0000,600.0000,28.5000,26,20,27,150.0000,483354.0000,0.0000,0.0000,483.3540,50,1882.4612,1882.4612
42,483.3540,483.3540,80.5590,0.0000,80.5590,48.3354,0.0000,0.0000,600.0000,28.5000,26,20,27,150.0000,483354.0000,0.0000,0.0000,483.3540,50,1882.4612,1882.4612
43,475.0210,475.0210,79.1702,0.0000,79.1702,47.5021,0.0000,0.0000,600.0000,28.5000,26,20,27,150.0000,475021.0000,0.0000,0.0000,475.0210,50,1882.4612,1882.4612
44,475.0210,475.0210,79.1702,0.0000,79.1702,47.5021,0.0000,0.0000,600.0000,28.5000,26,20,27,150.0000,475021.0000,0.0000,0.0000,475.0210,50,1882.4612,1882.4612
45,475.0210,475.0210,79.1702,0.0000,79.1702,47.5021,0.0000,0.0000,600.0000,28.5000,26,20,27,150.0000,475021.0000,0.0000,0.0000,475.0210,50,1882.4612,1882.4612
46,466.6880,466.6880,77.7813,0.0000,77.7813,46.6688,0.0000,0.0000,600.0000,28.5000,26,20,27,150.0000,466688.0000,0.0000,0.0000,466.6880,50,1882.4612,1882.4612
47,466.6880,466.6880,77.7813,0.0000,77.7813,46.6688,0.0000,0.0000,600.0000,28.5000,26,20,27,150.0000,466688.0000,0.0000,0.0000,466.6880,50,1882.4612,1882.4612
48,466.6880,466.6880,77.7813,0.0000,77.7813,46.6688,0.0000,0.0000,600.0000,28.5000,26,20,27,150.0000,466688.0000,0.0000,0.0000,466.6880,50,1882.4612,1882.4612
49,458.3550,458.3550,76.3925,0.0000,76.3925,45.8355,0.0000,0.0000,600.0000,28.5000,26,20,27,150.0000,458355.0000,0.0000,0.0000,458.3550,48,1882.4612,1882.4612
50,458.3550,458.3550,76.3925,0.0000,76.3925,45.8355,0.0000,0.0000,600.0000,28.5000,26,20,27,150.0000,458355.0000,0.0000,0.0000,458.3550,48,1882.4612,1882.4612
51,458.3550,458.3550,76.3925,0.0000,76.3925,45.8355,0.0000,0.0000,600.0000,28.5000,26,20,27,150.0000,458355.0000,0.0000,0.0000,458.3550,48,1882.4612,1882.4612
52,450.0220,450.0220,75.0037,0.0000,75.0037,45.0022,0.0000,0.0000,600.0000,28.5000,26,20,27,150.0000,450022.0000,0.0000,0.0000,450.0220,48,1882.4612,1882.4612
53,450.0220,450.0220,75.0037,0.0000,75.0037,45.0022,0.0000,0.0000,600.0000,28.5000,26,20,27,150.0000,450022.0000,0.0000,0.0000,450.0220,48,1882.4612,1882.4612
54,450.0220,450.0220,75.0037,0.0000,75.0037,45.0022,0.0000,0.0000,600.0000,28.5000,26,20,27,150.0000,450022.0000,0.0000,0.0000,450.0220,48,1882.4612,1882.4612
55,441.6890,441.6890,73.6148,0.0000,73.6148,44.1689,0.0000,0.0000,600.0000,28.5000,26,20,27,150.0000,441689.0000,0.0000,0.0000,441.6890,48,1882.4612,1882.4612
56,441.6890,441.6890,73.6148,0.0000,73.6148,44.1689,0.0000,0.0000,600.0000,28.5000,26,20,27,150.0000,441689.0000,0.0000,0.0000,441.6890,48,1882.4612,1882.4612
57,441.6890,441.6890,73.6148,0.0000,73.6148,44.1689,0.0000,0.0000,600.0000,28.5000,26,20,27,150.0000,441689.0000,0.0000,0.0000,441.6890,48,1882.4612,1882.4612
58,441.6890,441.6890,73.6148,0.0000,73.6148,44.1689,0.0000,0.0000,600.0000,28.5000,26,20,27,150.0000,441689.0000,0.0000,0.0000,441.6890,48,1882.4612,1882.4612
59,441.6890,441.6890,73.6148,0.0000,73.6148,44.1689,0.0000,0.0000,600.0000,28.5000,26,20,27,150.0000,441689.0000,0.0000,0.0000,441.6890,48,1882.4612,1882.4612
60,441.6890,441.6890,73.6148,0.0000,73.6148,44.1689,0.0000,0.0000,600.0000,28.5000,26,20,27,150.0000,441689.0000,0.0000,0.0000,441.6890,48,1882.4612,1882.4612
61,441.6890,441.6890,73.6148,0.0000,73.6148,44.1689,0.0000,0.0000,600.0000,28.5000,26,20,27,150.0000,441689.0000,0.0000,0.0000,441.6890,48,1882.4612,1882.4612
62,441.6890,441.6890,73.6148,0.0000,73.6148,44.1689,0.0000,0.0000,600.0000,28.5000,26,20,27,150.0000,441689.0000,0.0000,0.0000,441.6890,48,1882.4612,1882.4612
63,441.6890,441.6890,73.6148,0.0000,73.6148,44.1689,0.0000,0.0000,600.0000,28.5000,26,20,27,150.0000,441689.0000,0.0000,0.0000,441.6890,48,1882.4612,1882.4612
64,425.0230,425.0230,70.8372,0.0000,70.8372,42.5023,0.0000,0.0000,600.0000,28.5000,26,20,27,150.0000,425023.0000,0.0000,0.0000,425.0230,48,1882.4612,1882.4612
65,425.0230,425.0230,70.8372,0.0000,70.8372,42.5023,0.0000,0.0000,600.0000,28.5000,26,20,27,150.0000,425023.0000,0.0000,0.0000,425.0230,48,1882.4612,1882.4612
66,425.0230,425.0230,70.8372,0.0000,70.8372,42.5023,0.0000,0.0000,600.0000,28.5000,26,20,27,150.0000,425023.0000,0.0000,0.0000,425.0230,48,1882.4612,1882.4612
67,425.0230,425.0230,70.8372,0.0000,70.8372,42.5023,0.0000,0.0000,600.0000,28.5000,26,20,27,150.0000,425023.0000,0.0000,0.0000,425.0230,48,1882.4612,1882.4612
68,425.0230,425.0230,70.8372,0.0000,70.8372,42.5023,0.0000,0.0000,600.0000,28.5000,26,20,27,150.0000,425023.0000,0.0000,0.0000,425.0230,48,1882.4612,1882.4612
69,425.0230,425.0230,70.8372,0.0000,70.8372,42.5023,0.0000,0.0000,600.0000,28.5000,26,20,27,150.0000,425023.0000,0.0000,0.0000,425.0230,48,1882.4612,1882.4612
70,416.6900,416.6900,69.4483,0.0000,69.4483,41.6690,0.0000,0.0000,600.0000,28.5000,26,20,27,150.0000,416690.0000,0.0000,0.0000,416.6900,48,1882.4612,1882.4612
71,416.6900,416.6900,69.4483,0.0000,69.4483,41.6690,0.0000,0.0000,600.0000,28.5000,26,20,27,150.0000,416690.0000,0.0000,0.0000,416.6900,48,1882.4612,1882.4612
72,416.6900,416.6900,69.4483,0.0000,69.4483,41.6690,0.0000,0.0000,600.0000,28.5000,26,20,27,150.0000,416690.0000,0.0000,0.0000,416.6900,48,1882.4612,1882.4612
73,416.6900,416.6900,69.4483,0.0000,69.4483,41.6690,0.0000,0.0000,600.0000,28.5000,26,20,27,150.0000,416690.0000,0.0000,0.0000,416.6900,55,1882.4612,1882.4612
74,416.6900,416.6900,69.4483,0.0000,69.4483,41.6690,0.0000,0.0000,600.0000,28.5000,26,20,27,150.0000,416690.0000,0.0000,0.0000,416.6900,55,1882.4612,1882.4612
75,416.6900,416.6900,69.4483,0.0000,69.4483,41.6690,0.0000,0.0000,600.0000,28.5000,26,20,27,150.0000,416690.0000,0.0000,0.0000,416.6900,55,1882.4612,1882.4612
76,441.6890,441.6890,73.6148,0.0000,73.6148,44.1689,0.0000,0.0000,600.0000,28.5000,26,20,27,150.0000,441689.0000,0.0000,0.0000,441.6890,55,1882.4612,1882.4612
77,441.6890,441.6890,73.6148,0.0000,73.6148,44.1689,0.0000,0.0000,600.0000,28.5000,26,20,27,150.0000,441689.0000,0.0000,0.0000,441.6890,55,1882.4612,1882.4612
78,441.6890,441.6890,73.6148,0.0000,73.6148,44.1689,0.0000,0.0000,600.0000,28.5000,26,20,27,150.0000,441689.0000,0.0000,0.0000,441.6890,55,1882.4612,1882.4612
79,475.0210,475.0210,79.1702,0.0000,79.1702,47.5021,0.0000,0.0000,600.0000,28.5000,26,20,27,150.0000,475021.0000,0.0000,0.0000,475.0210,55,1882.4612,1882.4612
80,475.0210,475.0210,79.1702,0.0000,79.1702,47.5021,0.0000,0.0000,600.0000,28.5000,26,20,27,150.0000,475021.0000,0.0000,0.0000,475.0210,55,1882.4612,1882.4612
81,475.0210,475.0210,79.1702,0.0000,79.1702,47.5021,0.0000,0.0000,600.0000,28.5000,26,20,27,150.0000,475021.0000,0.0000,0.0000,475.0210,55,1882.4612,1882.4612
82,500.0200,500.0200,83.3367,0.0000,83.3367,50.0020,0.0000,0.0000,600.0000,28.5000,26,20,27,150.0000,500020.0000,0.0000,0.0000,500.0200,55,1882.4612,1882.4612
83,500.0200,500.0200,83.3367,0.0000,83.3367,50.0020,0.0000,0.0000,600.0000,28.5000,26,20,27,150.0000,500020.0000,0.0000,0.0000,500.0200,55,1882.4612,1882.4612
84,500.0200,500.0200,83.3367,0.0000,83.3367,50.0020,0.0000,0.0000,600.0000,28.5000,26,20,27,150.0000,500020.0000,0.0000,0.0000,500.0200,55,1882.4612,1882.4612
85,533.3520,533.3520,88.8920,0.0000,88.8920,53.3352,0.0000,0.0000,600.0000,28.5000,26,20,27,150.0000,533352.0000,0.0000,0.0000,533.3520,65,1882.4612,1882.4612
86,533.3520,533.3520,88.8920,0.0000,88.8920,53.3352,0.0000,0.0000,600.0000,28.5000,26,20,27,150.0000,533352.0000,0.0000,0.0000,533.3520,65,1882.4612,1882.4612
87,533.3520,533.3520,88.8920,0.0000,88.8920,53.3352,0.0000,0.0000,600.0000,28.5000,26,20,27,150.0000,533352.0000,0.0000,0.0000,533.3520,65,1882.4612,1882.4612
88,541.6850,541.6850,90.2808,0.0000,90.2808,54.1685,0.0000,0.0000,600.0000,28.5000,26,20,27,150.0000,541685.0000,0.0000,0.0000,541.6850,65,1882.4612,1882.4612
89,541.6850,541.6850,90.2808,0.0000,90.2808,54.1685,0.0000,0.0000,600.0000,28.5000,26,20,27,150.0000,541685.0000,0.0000,0.0000,541.6850,65,1882.4612,1882.4612
90,541.6850,541.6850,90.2808,0.0000,90.2808,54.1685,0.0000,0.0000,600.0000,28.5000,26,20,27,150.0000,541685.0000,0.0000,0.0000,541.6850,65,1882.4612,1882.4612
91,550.0180,550.0180,91.6697,0.0000,91.6697,55.0018,0.0000,0.0000,600.0000,28.5000,26,20,27,150.0000,550018.0000,0.0000,0.0000,550.0180,65,1882.4612,1882.4612
92,550.0180,550.0180,91.6697,0.0000,91.6697,55.0018,0.0000,0.0000,600.0000,28.5000,26,20,27,150.0000,550018.0000,0.0000,0.0000,550.0180,65,1882.4612,1882.4612
93,550.0180,550.0180,91.6697,0.0000,91.6697,55.0018,0.0000,0.0000,600.0000,28.5000,26,20,27,150.0000,550018.0000,0.0000,0.0000,550.0180,65,1882.4612,1882.4612
94,558.3510,558.3510,93.0585,0.0000,93.0585,55.8351,0.0000,0.0000,600.0000,28.5000,26,20,27,150.0000,558351.0000,0.0000,0.0000,558.3510,65,1882.4612,1882.4612
95,558.3510,558.3510,93.0585,0.0000,93.0585,55.8351,0.0000,0.0000,600.0000,28.5000,26,20,27,150.0000,558351.0000,0.0000,0.0000,558.3510,65,1882.4612,1882.4612
96,558.3510,558.3510,93.0585,0.0000,93.0585,55.8351,0.0000,0.0000,600.0000,28.5000,26,20,27,150.0000,558351.0000,0.0000,0.0000,558.3510,65,1882.4612,1882.4612
97,566.6840,566.6840,94.4473,0.0000,94.4473,56.6684,0.0000,0.0000,600.0000,28.5000,26,20,27,150.0000,566684.0000,0.0000,0.0000,566.6840,80,1882.4612,1882.4612
98,566.6840,566.6840,94.4473,0.0000,94.4473,56.6684,0.0000,0.0000,600.0000,28.5000,26,20,27,150.0000,566684.0000,0.0000,0.0000,566.6840,80,1882.4612,1882.4612
99,566.6840,566.6840,94.4473,0.0000,94.4473,56.6684,0.0000,0.0000,600.0000,28.5000,26,20,27,150.0000,566684.0000,0.0000,0.0000,566.6840,80,1882.4612,1882.4612
100,591.6830,591.6830,98.6138,0.0000,98.6138,59.1683,0.0000,0.0000,600.0000,28.5000,26,20,27,150.0000,591683.0000,0.0000,0.0000,591.6830,80,1882.4612,1882.4612
101,591.6830,591.6830,98.6138,0.0000,98.6138,59.1683,0.0000,0.0000,600.0000,28.5000,26,20,27,150.0000,591683.0000,0.0000,0.0000,591.6830,80,1882.4612,1882.4612
102,591.6830,591.6830,98.6138,0.0000,98.6138,59.1683,0.0000,0.0000,600.0000,28.5000,26,20,27,150.0000,591683.0000,0.0000,0.0000,591.6830,80,1882.4612,1882.4612
103,625.0150,625.0150,104.1692,0.0000,104.1692,62.5015,0.0000,0.0000,600.0000,28.5000,26,20,27,150.0000,625015.0000,0.0000,0.0000,625.0150,80,1882.4612,1882.4612
104,625.0150,625.0150,104.1692,0.0000,104.1692,62.5015,0.0000,0.0000,600.0000,28.5000,26,20,27,150.0000,625015.0000,0.0000,0.0000,625.0150,80,1882.4612,1882.4612
105,625.0150,625.0150,104.1692,0.0000,104.1692,62.5015,0.0000,0.0000,600.0000,28.5000,26,20,27,150.0000,625015.0000,0.0000,0.0000,625.0150,80,1882.4612,1882.4612
106,650.0140,650.0140,108.3357,0.0000,108.3357,65.0014,0.0000,0.0000,600.0000,28.5000,26,20,27,150.0000,650014.0000,0.0000,0.0000,650.0140,80,1882.4612,1882.4612
107,650.0140,650.0140,108.3357,0.0000,108.3357,65.0014,0.0000,0.0000,600.0000,28.5000,26,20,27,150.0000,650014.0000,0.0000,0.0000,650.0140,80,1882.4612,1882.4612
108,650.0140,650.0140,108.3357,0.0000,108.3357,65.0014,0.0000,0.0000,600.0000,28.5000,26,20,27,150.0000,650014.0000,0.0000,0.0000,650.0140,80,1882.4612,1882.4612
109,683.3460,683.3460,113.8910,0.0000,113.8910,68.3346,0.0000,0.0000,600.0000,28.5000,26,20,27,150.0000,683346.0000,0.0000,0.0000,683.3460,90,1882.4612,1882.4612
110,683.3460,683.3460,113.8910,0.0000,113.8910,68.3346,0.0000,0.0000,600.0000,28.5000,26,20,27,150.0000,683346.0000,0.0000,0.0000,683.3460,90,1882.4612,1882.4612
111,683.3460,683.3460,113.8910,0.0000,113.8910,68.3346,0.0000,0.0000,600.0000,28.5000,26,20,27,150.0000,683346.0000,0.0000,0.0000,683.3460,90,1882.4612,1882.4612
112,666.6800,666.6800,111.1133,0.0000,111.1133,66.6680,0.0000,0.0000,600.0000,28.5000,26,20,27,150.0000,666680.0000,0.0000,0.0000,666.6800,90,1882.4612,1882.4612
113,666.6800,666.6800,111.1133,0.0000,111.1133,66.6680,0.0000,0.0000,600.0000,28.5000,26,20,27,150.0000,666680.0000,0.0000,0.0000,666.6800,90,1882.4612,1882.4612
114,666.6800,666.6800,111.1133,0.0000,111.1133,66.6680,0.0000,0.0000,600.0000,28.5000,26,20,27,150.0000,666680.0000,0.0000,0.0000,666.6800,90,1882.4612,1882.4612
115,658.3470,658.3470,109.7245,0.0000,109.7245,65.8347,0.0000,0.0000,600.0000,28.5000,26,20,27,150.0000,658347.0000,0.0000,0.0000,658.3470,90,1882.4612,1882.4612
116,658.3470,658.3470,109.7245,0.0000,109.7245,65.8347,0.0000,0.0000,600.0000,28.5000,26,20,27,150.0000,658347.0000,0.0000,0.0000,658.3470,90,1882.4612,1882.4612
117,658.3470,658.3470,109.7245,0.0000,109.7245,65.8347,0.0000,0.0000,600.0000,28.5000,26,20,27,150.0000,658347.0000,0.0000,0.0000,658.3470,90,1882.4612,1882.4612
118,650.0140,650.0140,108.3357,0.0000,108.3357,65.0014,0.0000,0.0000,600.0000,28.5000,26,20,27,150.0000,650014.0000,0.0000,0.0000,650.0140,90,1882.4612,1882.4612
119,650.0140,650.0140,108.3357,0.0000,108.3357,65.0014,0.0000,0.0000,600.0000,28.5000,26,20,27,150.0000,650014.0000,0.0000,0.0000,650.0140,90,1882.4612,1882.4612
120,650.0140,650.0140,108.3357,0.0000,108.3357,65.0014,0.0000,0.0000,600.0000,28.5000,26,20,27,150.0000,650014.0000,0.0000,0.0000,650.0140,90,1882.4612,1882.4612
121,633.3480,633.3480,105.5580,0.0000,105.5580,63.3348,0.0000,0.0000,600.0000,28.5000,26,20,27,150.0000,633348.0000,0.0000,0.0000,633.3480,95,1882.4612,1882.4612
122,633.3480,633.3480,105.5580,0.0000,105.5580,63.3348,0.0000,0.0000,600.0000,28.5000,26,20,27,150.0000,633348.0000,0.0000,0.0000,633.3480,95,1882.4612,1882.4612
123,633.3480,633.3480,105.5580,0.0000,105.5580,63.3348,0.0000,0.0000,600.0000,28.5000,26,20,27,150.0000,633348.0000,0.0000,0.0000,633.3480,95,1882.4612,1882.4612
124,633.3480,633.3480,105.5580,0.0000,105.5580,63.3348,0.0000,0.0000,600.0000,28.5000,26,20,27,150.0000,633348.0000,0.0000,0.0000,633.3480,95,1882.4612,1882.4612
125,633.3480,633.3480,105.5580,0.0000,105.5580,63.3348,0.0000,0.0000,600.0000,28.5000,26,20,27,150.0000,633348.0000,0.0000,0.0000,633.3480,95,1882.4612,1882.4612
126,633.3480,633.3480,105.5580,0.0000,105.5580,63.3348,0.0000,0.0000,600.0000,28.5000,26,20,27,150.0000,633348.0000,0.0000,0.0000,633.3480,95,1882.4612,1882.4612
127,633.3480,633.3480,105.5580,0.0000,105.5580,63.3348,0.0000,0.0000,600.0000,28.5000,26,20,27,150.0000,633348.0000,0.0000,0.0000,633.3480,95,1882.4612,1882.4612
128,633.3480,633.3480,105.5580,0.0000,105.5580,63.3348,0.0000,0.0000,600.0000,28.5000,26,20,27,150.0000,633348.0000,0.0000,0.0000,633.3480,95,1882.4612,1882.4612
129,633.3480,633.3480,105.5580,0.0000,105.5580,63.3348,0.0000,0.0000,600.0000,28.5000,26,20,27,150.0000,633348.0000,0.0000,0.0000,633.3480,95,1882.4612,1882.4612
130,633.3480,633.3480,105.5580,0.0000,105.5580,63.3348,0.0000,0.0000,600.0000,28.5000,26,20,27,150.0000,633348.0000,0.0000,0.0000,633.3480,95,1882.4612,1882.4612
131,633.3480,633.3480,105.5580,0.0000,105.5580,63.3348,0.0000,0.0000,600.0000,28.5000,26,20,27,150.0000,633348.0000,0.0000,0.0000,633.3480,95,1882.4612,1882.4612
132,633.3480,633.3480,105.5580,0.0000,105.5580,63.3348,0.0000,0.0000,600.0000,28.5000,26,20,27,150.0000,633348.0000,0.0000,0.0000,633.3480,95,1882.4612,1882.4612
133,650.0140,650.0140,108.3357,0.0000,108.3357,65.0014,0.0000,0.0000,600.0000,28.5000,26,20,27,150.0000,650014.0000,0.0000,0.0000,650.0140,100,1882.4612,1882.4612
134,650.0140,650.0140,108.3357,0.0000,108.3357,65.0014,0.0000,0.0000,600.0000,28.5000,26,20,27,150.0000,650014.0000,0.0000,0.0000,650.0140,100,1882.4612,1882.4612
135,650.0140,650.0140,108.3357,0.0000,108.3357,65.0014,0.0000,0.0000,600.0000,28.5000,26,20,27,150.0000,650014.0000,0.0000,0.0000,650.0140,100,1882.4612,1882.4612
136,650.0140,650.0140,108.3357,0.0000,108.3357,65.0014,0.0000,0.0000,600.0000,28.5000,26,20,27,150.0000,650014.0000,0.0000,0.0000,650.0140,100,1882.4612,1882.4612
137,650.0140,650.0140,108.3357,0.0000,108.3357,65.0014,0.0000,0.0000,600.0000,28.5000,26,20,27,150.0000,650014.0000,0.0000,0.0000,650.0140,100,1882.4612,1882.4612
138,650.0140,650.0140,108.3357,0.0000,108.3357,65.0014,0.0000,0.0000,600.0000,28.5000,26,20,27,150.0000,650014.0000,0.0000,0.0000,650.0140,100,1882.4612,1882.4612
139,650.0140,650.0140,108.3357,0.0000,108.3357,65.0014,0.0000,0.0000,600.0000,28.5000,26,20,27,150.0000,650014.0000,0.0000,0.0000,650.0140,100,1882.4612,1882.4612
140,650.0140,650.0140,108.3357,0.0000,108.3357,65.0014,0.0000,0.0000,600.0000,28.5000,26,20,27,150.0000,650014.0000,0.0000,0.0000,650.0140,100,1882.4612,1882.4612
141,650.0140,650.0140,108.3357,0.0000,108.3357,65.0014,0.0000,0.0000,600.0000,28.5000,26,20,27,150.0000,650014.0000,0.0000,0.0000,650.0140,100,1882.4612,1882.4612
142,650.0140,650.0140,108.3357,0.0000,108.3357,65.0014,0.0000,0.0000,600.0000,28.5000,26,20,27,150.0000,650014.0000,0.0000,0.0000,650.0140,100,1882.4612,1882.4612
143,650.0140,650.0140,108.3357,0.0000,108.3357,65.0014,0.0000,0.0000,600.0000,28.5000,26,20,27,150.0000,650014.0000,0.0000,0.0000,650.0140,100,1882.4612,1882.4612
144,650.0140,650.0140,108.3357,0.0000,108.3357,65.0014,0.0000,0.0000,600.0000,28.5000,26,20,27,150.0000,650014.0000,0.0000,0.0000,650.0140,100,1882.4612,1882.4612
145,666.6800,666.6800,111.1133,0.0000,111.1133,66.6680,0.0000,0.0000,600.0000,28.5000,26,20,27,150.0000,666680.0000,0.0000,0.0000,666.6800,98,1882.4612,1882.4612
146,666.6800,666.6800,111.1133,0.0000,111.1133,66.6680,0.0000,0.0000,600.0000,28.5000,26,20,27,150.0000,666680.0000,0.0000,0.0000,666.6800,98,1882.4612,1882.4612
147,666.6800,666.6800,111.1133,0.0000,111.1133,66.6680,0.0000,0.0000,600.0000,28.5000,26,20,27,150.0000,666680.0000,0.0000,0.0000,666.6800,98,1882.4612,1882.4612
148,666.6800,666.6800,111.1133,0.0000,111.1133,66.6680,0.0000,0.0000,600.0000,28.5000,26,20,27,150.0000,666680.0000,0.0000,0.0000,666.6800,98,1882.4612,1882.4612
149,666.6800,666.6800,111.1133,0.0000,111.1133,66.6680,0.0000,0.0000,600.0000,28.5000,26,20,27,150.0000,666680.0000,0.0000,0.0000,666.6800,98,1882.4612,1882.4612
150,666.6800,666.6800,111.1133,0.0000,111.1133,66.6680,0.0000,0.0000,600.0000,28.5000,26,20,27,150.0000,666680.0000,0.0000,0.0000,666.6800,98,1882.4612,1882.4612
151,675.0130,675.0130,112.5022,0.0000,112.5022,67.5013,0.0000,0.0000,600.0000,28.5000,26,20,27,150.0000,675013.0000,0.0000,0.0000,675.0130,98,1882.4612,1882.4612
152,675.0130,675.0130,112.5022,0.0000,112.5022,67.5013,0.0000,0.0000,600.0000,28.5000,26,20,27,150.0000,675013.0000,0.0000,0.0000,675.0130,98,1882.4612,1882.4612
153,675.0130,675.0130,112.5022,0.0000,112.5022,67.5013,0.0000,0.0000,600.0000,28.5000,26,20,27,150.0000,675013.0000,0.0000,0.0000,675.0130,98,1882.4612,1882.4612
154,675.0130,675.0130,112.5022,0.0000,112.5022,67.5013,0.0000,0.0000,600.0000,28.5000,26,20,27,150.0000,675013.0000,0.0000,0.0000,675.0130,98,1882.4612,1882.4612
155,675.0130,675.0130,112.5022,0.0000,112.5022,67.5013,0.0000,0.0000,600.0000,28.5000,26,20,27,150.0000,675013.0000,0.0000,0.0000,675.0130,98,1882.4612,1882.4612
156,675.0130,675.0130,112.5022,0.0000,112.5022,67.5013,0.0000,0.0000,600.0000,28.5000,26,20,27,150.0000,675013.0000,0.0000,0.0000,675.0130,98,1882.4612,1882.4612
157,666.6800,666.6800,111.1133,0.0000,111.1133,66.6680,0.0000,0.0000,600.0000,28.5000,26,20,27,150.0000,666680.0000,0.0000,0.0000,666.6800,95,1882.4612,1882.4612
158,666.6800,666.6800,111.1133,0.0000,111.1133,66.6680,0.0000,0.0000,600.0000,28.5000,26,20,27,150.0000,666680.0000,0.0000,0.0000,666.6800,95,1882.4612,1882.4612
159,666.6800,666.6800,111.1133,0.0000,111.1133,66.6680,0.0000,0.0000,600.0000,28.5000,26,20,27,150.0000,666680.0000,0.0000,0.0000,666.6800,95,1882.4612,1882.4612
160,666.6800,666.6800,111.1133,0.0000,111.1133,66.6680,0.0000,0.0000,600.0000,28.5000,26,20,27,150.0000,666680.0000,0.0000,0.0000,666.6800,95,1882.4612,1882.4612
161,666.6800,666.6800,111.1133,0.0000,111.1133,66.6680,0.0000,0.0000,600.0000,28.5000,26,20,27,150.0000,666680.0000,0.0000,0.0000,666.6800,95,1882.4612,1882.4612
162,666.6800,666.6800,111.1133,0.0000,111.1133,66.6680,0.0000,0.0000,600.0000,28.5000,26,20,27,150.0000,666680.0000,0.0000,0.0000,666.6800,95,1882.4612,1882.4612
163,666.6800,666.6800,111.1133,0.0000,111.1133,66.6680,0.0000,0.0000,600.0000,28.5000,26,20,27,150.0000,666680.0000,0.0000,0.0000,666.6800,95,1882.4612,1882.4612
164,666.6800,666.6800,111.1133,0.0000,111.1133,66.6680,0.0000,0.0000,600.0000,28.5000,26,20,27,150.0000,666680.0000,0.0000,0.0000,666.6800,95,1882.4612,1882.4612
165,666.6800,666.6800,111.1133,0.0000,111.1133,66.6680,0.0000,0.0000,600.0000,28.5000,26,20,27,150.0000,666680.0000,0.0000,0.0000,666.6800,95,1882.4612,1882.4612
166,675.0130,675.0130,112.5022,0.0000,112.5022,67.5013,0.0000,0.0000,600.0000,28.5000,26,20,27,150.0000,675013.0000,0.0000,0.0000,675.0130,95,1882.4612,1882.4612
167,675.0130,675.0130,112.5022,0.0000,112.5022,67.5013,0.0000,0.0000,600.0000,28.5000,26,20,27,150.0000,675013.0000,0.0000,0.0000,675.0130,95,1882.4612,1882.4612
168,675.0130,675.0130,112.5022,0.0000,112.5022,67.5013,0.0000,0.0000,600.0000,28.5000,26,20,27,150.0000,675013.0000,0.0000,0.0000,675.0130,95,1882.4612,1882.4612
169,683.3460,683.3460,113.8910,0.0000,113.8910,68.3346,0.0000,0.0000,600.0000,28.5000,26,20,27,150.0000,683346.0000,0.0000,0.0000,683.3460,110,1882.4612,1882.4612
170,683.3460,683.3460,113.8910,0.0000,113.8910,68.3346,0.0000,0.0000,600.0000,28.5000,26,20,27,150.0000,683346.0000,0.0000,0.0000,683.3460,110,1882.4612,1882.4612
171,683.3460,683.3460,113.8910,0.0000,113.8910,68.3346,0.0000,0.0000,600.0000,28.5000,26,20,27,150.0000,683346.0000,0.0000,0.0000,683.3460,110,1882.4612,1882.4612
172,675.0130,675.0130,112.5022,0.0000,112.5022,67.5013,0.0000,0.0000,600.0000,28.5000,26,20,27,150.0000,675013.0000,0.0000,0.0000,675.0130,110,1882.4612,1882.4612
173,675.0130,675.0130,112.5022,0.0000,112.5022,67.5013,0.0000,0.0000,600.0000,28.5000,26,20,27,150.0000,675013.0000,0.0000,0.0000,675.0130,110,1882.4612,1882.4612
174,675.0130,675.0130,112.5022,0.0000,112.5022,67.5013,0.0000,0.0000,600.0000,28.5000,26,20,27,150.0000,675013.0000,0.0000,0.0000,675.0130,110,1882.4612,1882.4612
175,666.6800,666.6800,111.1133,0.0000,111.1133,66.6680,0.0000,0.0000,600.0000,28.5000,26,20,27,150.0000,666680.0000,0.0000,0.0000,666.6800,110,1882.4612,1882.4612
176,666.6800,666.6800,111.1133,0.0000,111.1133,66.6680,0.0000,0.0000,600.0000,28.5000,26,20,27,150.0000,666680.0000,0.0000,0.0000,666.6800,110,1882.4612,1882.4612
177,666.6800,666.6800,111.1133,0.0000,111.1133,66.6680,0.0000,0.0000,600.0000,28.5000,26,20,27,150.0000,666680.0000,0.0000,0.0000,666.6800,110,1882.4612,1882.4612
178,658.3470,658.3470,109.7245,0.0000,109.7245,65.8347,0.0000,0.0000,600.0000,28.5000,26,20,27,150.0000,658347.0000,0.0000,0.0000,658.3470,110,1882.4612,1882.4612
179,658.3470,658.3470,109.7245,0.0000,109.7245,65.8347,0.0000,0.0000,600.0000,28.5000,26,20,27,150.0000,658347.0000,0.0000,0.0000,658.3470,110,1882.4612,1882.4612
180,658.3470,658.3470,109.7245,0.0000,109.7245,65.8347,0.0000,0.0000,600.0000,28.5000,26,20,27,150.0000,658347.0000,0.0000,0.0000,658.3470,110,1882.4612,1882.4612
181,666.6800,666.6800,111.1133,0.0000,111.1133,66.6680,0.0000,0.0000,600.0000,28.5000,26,20,27,150.0000,666680.0000,0.0000,0.0000,666.6800,120,1882.4612,1882.4612
182,666.6800,666.6800,111.1133,0.0000,111.1133,66.6680,0.0000,0.0000,600.0000,28.5000,26,20,27,150.0000,666680.0000,0.0000,0.0000,666.6800,120,1882.4612,1882.4612
183,666.6800,666.6800,111.1133,0.0000,111.1133,66.6680,0.0000,0.0000,600.0000,28.5000,26,20,27,150.0000,666680.0000,0.0000,0.0000,666.6800,120,1882.4612,1882.4612
184,658.3470,658.3470,109.7245,0.0000,109.7245,65.8347,0.0000,0.0000,600.0000,28.5000,26,20,27,150.0000,658347.0000,0.0000,0.0000,658.3470,120,1882.4612,1882.4612
185,658.3470,658.3470,109.7245,0.0000,109.7245,65.8347,0.0000,0.0000,600.0000,28.5000,26,20,27,150.0000,658347.0000,0.0000,0.0000,658.3470,120,1882.4612,1882.4612
186,658.3470,658.3470,109.7245,0.0000,109.7245,65.8347,0.0000,0.0000,600.0000,28.5000,26,20,27,150.0000,658347.0000,0.0000,0.0000,658.3470,120,1882.4612,1882.4612
187,650.0140,650.0140,108.3357,0.0000,108.3357,65.0014,0.0000,0.0000,600.0000,28.5000,26,20,27,150.0000,650014.0000,0.0000,0.0000,650.0140,120,1882.4612,1882.4612
188,650.0140,650.0140,108.3357,0.0000,108.3357,65.0014,0.0000,0.0000,600.0000,28.5000,26,20,27,150.0000,650014.0000,0.0000,0.0000,650.0140,120,1882.4612,1882.4612
189,650.0140,650.0140,108.3357,0.0000,108.3357,65.0014,0.0000,0.0000,600.0000,28.5000,26,20,27,150.0000,650014.0000,0.0000,0.0000,650.0140,120,1882.4612,1882.4612
190,650.0140,650.0140,108.3357,0.0000,108.3357,65.0014,0.0000,0.0000,600.0000,28.5000,26,20,27,150.0000,650014.0000,0.0000,0.0000,650.0140,120,1882.4612,1882.4612
191,650.0140,650.0140,108.3357,0.0000,108.3357,65.0014,0.0000,0.0000,600.0000,28.5000,26,20,27,150.0000,650014.0000,0.0000,0.0000,650.0140,120,1882.4612,1882.4612
192,650.0140,650.0140,108.3357,0.0000,108.3357,65.0014,0.0000,0.0000,600.0000,28.5000,26,20,27,150.0000,650014.0000,0.0000,0.0000,650.0140,120,1882.4612,1882.4612
193,666.6800,666.6800,111.1133,0.0000,111.1133,66.6680,0.0000,0.0000,600.0000,28.5000,26,20,27,150.0000,666680.0000,0.0000,0.0000,666.6800,130,1882.4612,1882.4612
194,666.6800,666.6800,111.1133,0.0000,111.1133,66.6680,0.0000,0.0000,600.0000,28.5000,26,20,27,150.0000,666680.0000,0.0000,0.0000,666.6800,130,1882.4612,1882.4612
195,666.6800,666.6800,111.1133,0.0000,111.1133,66.6680,0.0000,0.0000,600.0000,28.5000,26,20,27,150.0000,666680.0000,0.0000,0.0000,666.6800,130,1882.4612,1882.4612
196,683.3460,683.3460,113.8910,0.0000,113.8910,68.3346,0.0000,0.0000,600.0000,28.5000,26,20,27,150.0000,683346.0000,0.0000,0.0000,683.3460,130,1882.4612,1882.4612
197,683.3460,683.3460,113.8910,0.0000,113.8910,68.3346,0.0000,0.0000,600.0000,28.5000,26,20,27,150.0000,683346.0000,0.0000,0.0000,683.3460,130,1882.4612,1882.4612
198,683.3460,683.3460,113.8910,0.0000,113.8910,68.3346,0.0000,0.0000,600.0000,28.5000,26,20,27,150.0000,683346.0000,0.0000,0.0000,683.3460,130,1882.4612,1882.4612
199,691.6790,691.6790,115.2798,0.0000,115.2798,69.1679,0.0000,0.0000,600.0000,28.5000,26,20,27,150.0000,691679.0000,0.0000,0.0000,691.6790,130,1882.4612,1882.4612
200,691.6790,691.6790,115.2798,0.0000,115.2798,69.1679,0.0000,0.0000,600.0000,28.5000,26,20,27,150.0000,691679.0000,0.0000,0.0000,691.6790,130,1882.4612,1882.4612
201,691.6790,691.6790,115.2798,0.0000,115.2798,69.1679,0.0000,0.0000,600.0000,28.5000,26,20,27,150.0000,691679.0000,0.0000,0.0000,691.6790,130,1882.4612,1882.4612
202,708.3450,708.3450,118.0575,0.0000,118.0575,70.8345,0.0000,0.0000,600.0000,28.5000,26,20,27,150.0000,708345.0000,0.0000,0.0000,708.3450,130,1882.4612,1882.4612
203,708.3450,708.3450,118.0575,0.0000,118.0575,70.8345,0.0000,0.0000,600.0000,28.5000,26,20,27,150.0000,708345.0000,0.0000,0.0000,708.3450,130,1882.4612,1882.4612
204,708.3450,708.3450,118.0575,0.0000,118.0575,70.8345,0.0000,0.0000,600.0000,28.5000,26,20,27,150.0000,708345.0000,0.0000,0.0000,708.3450,130,1882.4612,1882.4612
205,725.0110,725.0110,120.8352,0.0000,120.8352,72.5011,0.0000,0.0000,600.0000,28.5000,26,20,27,150.0000,725011.0000,0.0000,0.0000,725.0110,140,1882.4612,1882.4612
206,725.0110,725.0110,120.8352,0.0000,120.8352,72.5011,0.0000,0.0000,600.0000,28.5000,26,20,27,150.0000,725011.0000,0.0000,0.0000,725.0110,140,1882.4612,1882.4612
207,725.0110,725.0110,120.8352,0.0000,120.8352,72.5011,0.0000,0.0000,600.0000,28.5000,26,20,27,150.0000,725011.0000,0.0000,0.0000,725.0110,140,1882.4612,1882.4612
208,733.3440,733.3440,122.2240,0.0000,122.2240,73.3344,0.0000,0.0000,600.0000,28.5000,26,20,27,150.0000,733344.0000,0.0000,0.0000,733.3440,140,1882.4612,1882.4612
209,733.3440,733.3440,122.2240,0.0000,122.2240,73.3344,0.0000,0.0000,600.0000,28.5000,26,20,27,150.0000,733344.0000,0.0000,0.0000,733.3440,140,1882.4612,1882.4612
210,733.3440,733.3440,122.2240,0.0000,122.2240,73.3344,0.0000,0.0000,600.0000,28.5000,26,20,27,150.0000,733344.0000,0.0000,0.0000,733.3440,140,1882.4612,1882.4612
211,741.6770,741.6770,123.6128,0.0000,123.6128,74.1677,0.0000,0.0000,600.0000,28.5000,26,20,27,150.0000,741677.0000,0.0000,0.0000,741.6770,140,1882.4612,1882.4612
212,741.6770,741.6770,123.6128,0.0000,123.6128,74.1677,0.0000,0.0000,600.0000,28.5000,26,20,27,150.0000,741677.0000,0.0000,0.0000,741.6770,140,1882.4612,1882.4612
213,741.6770,741.6770,123.6128,0.0000,123.6128,74.1677,0.0000,0.0000,600.0000,28.5000,26,20,27,150.0000,741677.0000,0.0000,0.0000,741.6770,140,1882.4612,1882.4612
214,741.6770,741.6770,123.6128,0.0000,123.6128,74.1677,0.0000,0.0000,600.0000,28.5000,26,20,27,150.0000,741677.0000,0.0000,0.0000,741.6770,140,1882.4612,1882.4612
215,741.6770,741.6770,123.6128,0.0000,123.6128,74.1677,0.0000,0.0000,600.0000,28.5000,26,20,27,150.0000,741677.0000,0.0000,0.0000,741.6770,140,1882.4612,1882.4612
216,741.6770,741.6770,123.6128,0.0000,123.6128,74.1677,0.0000,0.0000,600.0000,28.5000,26,20,27,150.0000,741677.0000,0.0000,0.0000,741.6770,140,1882.4612,1882.4612
217,758.3430,758.3430,126.3905,0.0000,126.3905,75.8343,0.0000,0.0000,600.0000,28.5000,26,20,27,150.0000,758343.0000,0.0000,0.0000,758.3430,135,1882.4612,1882.4612
218,758.3430,758.3430,126.3905,0.0000,126.3905,75.8343,0.0000,0.0000,600.0000,28.5000,26,20,27,150.0000,758343.0000,0.0000,0.0000,758.3430,135,1882.4612,1882.4612
219,758.3430,758.3430,126.3905,0.0000,126.3905,75.8343,0.0000,0.0000,600.0000,28.5000,26,20,27,150.0000,758343.0000,0.0000,0.0000,758.3430,135,1882.4612,1882.4612
220,758.3430,758.3430,126.3905,0.0000,126.3905,75.8343,0.0000,0.0000,600.0000,28.5000,26,20,27,150.0000,758343.0000,0.0000,0.0000,758.3430,135,1882.4612,1882.4612
221,758.3430,758.3430,126.3905,0.0000,126.3905,75.8343,0.0000,0.0000,600.0000,28.5000,26,20,27,150.0000,758343.0000,0.0000,0.0000,758.3430,135,1882.4612,1882.4612
222,758.3430,758.3430,126.3905,0.0000,126.3905,75.8343,0.0000,0.0000,600.0000,28.5000,26,20,27,150.0000,758343.0000,0.0000,0.0000,758.3430,135,1882.4612,1882.4612
223,758.3430,758.3430,126.3905,0.0000,126.3905,75.8343,0.0000,0.0000,600.0000,28.5000,26,20,27,150.0000,758343.0000,0.0000,0.0000,758.3430,135,1882.4612,1882.4612
224,758.3430,758.3430,126.3905,0.0000,126.3905,75.8343,0.0000,0.0000,600.0000,28.5000,26,20,27,150.0000,758343.0000,0.0000,0.0000,758.3430,135,1882.4612,1882.4612
225,758.3430,758.3430,126.3905,0.0000,126.3905,75.8343,0.0000,0.0000,600.0000,28.5000,26,20,27,150.0000,758343.0000,0.0000,0.0000,758.3430,135,1882.4612,1882.4612
226,758.3430,758.3430,126.3905,0.0000,126.3905,75.8343,0.0000,0.0000,600.0000,28.5000,26,20,27,150.0000,758343.0000,0.0000,0.0000,758.3430,135,1882.4612,1882.4612
227,758.3430,758.3430,126.3905,0.0000,126.3905,75.8343,0.0000,0.0000,600.0000,28.5000,26,20,27,150.0000,758343.0000,0.0000,0.0000,758.3430,135,1882.4612,1882.4612
228,758.3430,758.3430,126.3905,0.0000,126.3905,75.8343,0.0000,0.0000,600.0000,28.5000,26,20,27,150.0000,758343.0000,0.0000,0.0000,758.3430,135,1882.4612,1882.4612
229,758.3430,758.3430,126.3905,0.0000,126.3905,75.8343,0.0000,0.0000,600.0000,28.5000,26,20,27,150.0000,758343.0000,0.0000,0.0000,758.3430,120,1882.4612,1882.4612
230,758.3430,758.3430,126.3905,0.0000,126.3905,75.8343,0.0000,0.0000,600.0000,28.5000,26,20,27,150.0000,758343.0000,0.0000,0.0000,758.3430,120,1882.4612,1882.4612
231,758.3430,758.3430,126.3905,0.0000,126.3905,75.8343,0.0000,0.0000,600.0000,28.5000,26,20,27,150.0000,758343.0000,0.0000,0.0000,758.3430,120,1882.4612,1882.4612
232,758.3430,758.3430,126.3905,0.0000,126.3905,75.8343,0.0000,0.0000,600.0000,28.5000,26,20,27,150.0000,758343.0000,0.0000,0.0000,758.3430,120,1882.4612,1882.4612
233,758.3430,758.3430,126.3905,0.0000,126.3905,75.8343,0.0000,0.0000,600.0000,28.5000,26,20,27,150.0000,758343.0000,0.0000,0.0000,758.3430,120,1882.4612,1882.4612
234,758.3430,758.3430,126.3905,0.0000,126.3905,75.8343,0.0000,0.0000,600.0000,28.5000,26,20,27,150.0000,758343.0000,0.0000,0.0000,758.3430,120,1882.4612,1882.4612
235,758.3430,758.3430,126.3905,0.0000,126.3905,75.8343,0.0000,0.0000,600.0000,28.5000,26,20,27,150.0000,758343.0000,0.0000,0.0000,758.3430,120,1882.4612,1882.4612
236,758.3430,758.3430,126.3905,0.0000,126.3905,75.8343,0.0000,0.0000,600.0000,28.5000,26,20,27,150.0000,758343.0000,0.0000,0.0000,758.3430,120,1882.4612,1882.4612
237,758.3430,758.3430,126.3905,0.0000,126.3905,75.8343,0.0000,0.0000,600.0000,28.5000,26,20,27,150.0000,758343.0000,0.0000,0.0000,758.3430,120,1882.4612,1882.4612
238,758.3430,758.3430,126.3905,0.0000,126.3905,75.8343,0.0000,0.0000,600.0000,28.5000,26,20,27,150.0000,758343.0000,0.0000,0.0000,758.3430,120,1882.4612,1882.4612
239,758.3430,758.3430,126.3905,0.0000,126.3905,75.8343,0.0000,0.0000,600.0000,28.5000,26,20,27,150.0000,758343.0000,0.0000,0.0000,758.3430,120,1882.4612,1882.4612
240,758.3430,758.3430,126.3905,0.0000,126.3905,75.8343,0.0000,0.0000,600.0000,28.5000,26,20,27,150.0000,758343.0000,0.0000,0.0000,758.3430,120,1882.4612,1882.4612
241,766.6760,766.6760,127.7793,0.0000,127.7793,76.6676,0.0000,0.0000,600.0000,28.5000,26,20,27,150.0000,766676.0000,0.0000,0.0000,766.6760,100,1882.4612,1882.4612
242,766.6760,766.6760,127.7793,0.0000,127.7793,76.6676,0.0000,0.0000,600.0000,28.5000,26,20,27,150.0000,766676.0000,0.0000,0.0000,766.6760,100,1882.4612,1882.4612
243,766.6760,766.6760,127.7793,0.0000,127.7793,76.6676,0.0000,0.0000,600.0000,28.5000,26,20,27,150.0000,766676.0000,0.0000,0.0000,766.6760,100,1882.4612,1882.4612
244,766.6760,766.6760,127.7793,0.0000,127.7793,76.6676,0.0000,0.0000,600.0000,28.5000,26,20,27,150.0000,766676.0000,0.0000,0.0000,766.6760,100,1882.4612,1882.4612
245,766.6760,766.6760,127.7793,0.0000,127.7793,76.6676,0.0000,0.0000,600.0000,28.5000,26,20,27,150.0000,766676.0000,0.0000,0.0000,766.6760,100,1882.4612,1882.4612
246,766.6760,766.6760,127.7793,0.0000,127.7793,76.6676,0.0000,0.0000,600.0000,28.5000,26,20,27,150.0000,766676.0000,0.0000,0.0000,766.6760,100,1882.4612,1882.4612
247,766.6760,766.6760,127.7793,0.0000,127.7793,76.6676,0.0000,0.0000,600.0000,28.5000,26,20,27,150.0000,766676.0000,0.0000,0.0000,766.6760,100,1882.4612,1882.4612
248,766.6760,766.6760,127.7793,0.0000,127.7793,76.6676,0.0000,0.0000,600.0000,28.5000,26,20,27,150.0000,766676.0000,0.0000,0.0000,766.6760,100,1882.4612,1882.4612
249,766.6760,766.6760,127.7793,0.0000,127.7793,76.6676,0.0000,0.0000,600.0000,28.5000,26,20,27,150.0000,766676.0000,0.0000,0.0000,766.6760,100,1882.4612,1882.4612
250,766.6760,766.6760,127.7793,0.0000,127.7793,76.6676,0.0000,0.0000,600.0000,28.5000,26,20,27,150.0000,766676.0000,0.0000,0.0000,766.6760,100,1882.4612,1882.4612
251,766.6760,766.6760,127.7793,0.0000,127.7793,76.6676,0.0000,0.0000,600.0000,28.5000,26,20,27,150.0000,766676.0000,0.0000,0.0000,766.6760,100,1882.4612,1882.4612
252,766.6760,766.6760,127.7793,0.0000,127.7793,76.6676,0.0000,0.0000,600.0000,28.5000,26,20,27,150.0000,766676.0000,0.0000,0.0000,766.6760,100,1882.4612,1882.4612
253,750.0100,750.0100,125.0017,0.0000,125.0017,75.0010,0.0000,0.0000,600.0000,28.5000,26,20,27,150.0000,750010.0000,0.0000,0.0000,750.0100,90,1882.4612,1882.4612
254,750.0100,750.0100,125.0017,0.0000,125.0017,75.0010,0.0000,0.0000,600.0000,28.5000,26,20,27,150.0000,750010.0000,0.0000,0.0000,750.0100,90,1882.4612,1882.4612
255,750.0100,750.0100,125.0017,0.0000,125.0017,75.0010,0.0000,0.0000,600.0000,28.5000,26,20,27,150.0000,750010.0000,0.0000,0.0000,750.0100,90,1882.4612,1882.4612
256,750.0100,750.0100,125.0017,0.0000,125.0017,75.0010,0.0000,0.0000,600.0000,28.5000,26,20,27,150.0000,750010.0000,0.0000,0.0000,750.0100,90,1882.4612,1882.4612
257,750.0100,750.0100,125.0017,0.0000,125.0017,75.0010,0.0000,0.0000,600.0000,28.5000,26,20,27,150.0000,750010.0000,0.0000,0.0000,750.0100,90,1882.4612,1882.4612
258,750.0100,750.0100,125.0017,0.0000,125.0017,75.0010,0.0000,0.0000,600.0000,28.5000,26,20,27,150.0000,750010.0000,0.0000,0.0000,750.0100,90,1882.4612,1882.4612
259,750.0100,750.0100,125.0017,0.0000,125.0017,75.0010,0.0000,0.0000,600.0000,28.5000,26,20,27,150.0000,750010.0000,0.0000,0.0000,750.0100,90,1882.4612,1882.4612
260,750.0100,750.0100,125.0017,0.0000,125.0017,75.0010,0.0000,0.0000,600.0000,28.5000,26,20,27,150.0000,750010.0000,0.0000,0.0000,750.0100,90,1882.4612,1882.4612
261,750.0100,750.0100,125.0017,0.0000,125.0017,75.0010,0.0000,0.0000,600.0000,28.5000,26,20,27,150.0000,750010.0000,0.0000,0.0000,750.0100,90,1882.4612,1882.4612
262,758.3430,758.3430,126.3905,0.0000,126.3905,75.8343,0.0000,0.0000,600.0000,28.5000,26,20,27,150.0000,758343.0000,0.0000,0.0000,758.3430,90,1882.4612,1882.4612
263,758.3430,758.3430,126.3905,0.0000,126.3905,75.8343,0.0000,0.0000,600.0000,28.5000,26,20,27,150.0000,758343.0000,0.0000,0.0000,758.3430,90,1882.4612,1882.4612
264,758.3430,758.3430,126.3905,0.0000,126.3905,75.8343,0.0000,0.0000,600.0000,28.5000,26,20,27,150.0000,758343.0000,0.0000,0.0000,758.3430,90,1882.4612,1882.4612
265,750.0100,750.0100,125.0017,0.0000,125.0017,75.0010,0.0000,0.0000,600.0000,28.5000,26,20,27,150.0000,750010.0000,0.0000,0.0000,750.0100,80,1882.4612,1882.4612
266,750.0100,750.0100,125.0017,0.0000,125.0017,75.0010,0.0000,0.0000,600.0000,28.5000,26,20,27,150.0000,750010.0000,0.0000,0.0000,750.0100,80,1882.4612,1882.4612
267,750.0100,750.0100,125.0017,0.0000,125.0017,75.0010,0.0000,0.0000,600.0000,28.5000,26,20,27,150.0000,750010.0000,0.0000,0.0000,750.0100,80,1882.4612,1882.4612
268,725.0110,725.0110,120.8352,0.0000,120.8352,72.5011,0.0000,0.0000,600.0000,28.5000,26,20,27,150.0000,725011.0000,0.0000,0.0000,725.0110,80,1882.4612,1882.4612
269,725.0110,725.0110,120.8352,0.0000,120.8352,72.5011,0.0000,0.0000,600.0000,28.5000,26,20,27,150.0000,725011.0000,0.0000,0.0000,725.0110,80,1882.4612,1882.4612
270,725.0110,725.0110,120.8352,0.0000,120.8352,72.5011,0.0000,0.0000,600.0000,28.5000,26,20,27,150.0000,725011.0000,0.0000,0.0000,725.0110,80,1882.4612,1882.4612
271,716.6780,716.6780,119.4463,0.0000,119.4463,71.6678,0.0000,0.0000,600.0000,28.5000,26,20,27,150.0000,716678.0000,0.0000,0.0000,716.6780,80,1882.4612,1882.4612
272,716.6780,716.6780,119.4463,0.0000,119.4463,71.6678,0.0000,0.0000,600.0000,28.5000,26,20,27,150.0000,716678.0000,0.0000,0.0000,716.6780,80,1882.4612,1882.4612
273,716.6780,716.6780,119.4463,0.0000,119.4463,71.6678,0.0000,0.0000,600.0000,28.5000,26,20,27,150.0000,716678.0000,0.0000,0.0000,716.6780,80,1882.4612,1882.4612
274,691.6790,691.6790,115.2798,0.0000,115.2798,69.1679,0.0000,0.0000,600.0000,28.5000,26,20,27,150.0000,691679.0000,0.0000,0.0000,691.6790,80,1882.4612,1882.4612
275,691.6790,691.6790,115.2798,0.0000,115.2798,69.1679,0.0000,0.0000,600.0000,28.5000,26,20,27,150.0000,691679.0000,0.0000,0.0000,691.6790,80,1882.4612,1882.4612
276,691.6790,691.6790,115.2798,0.0000,115.2798,69.1679,0.0000,0.0000,600.0000,28.5000,26,20,27,150.0000,691679.0000,0.0000,0.0000,691.6790,80,1882.4612,1882.4612
277,691.6790,691.6790,115.2798,0.0000,115.2798,69.1679,0.0000,0.0000,600.0000,28.5000,26,20,27,150.0000,691679.0000,0.0000,0.0000,691.6790,70,1882.4612,1882.4612
278,691.6790,691.6790,115.2798,0.0000,115.2798,69.1679,0.0000,0.0000,600.0000,28.5000,26,20,27,150.0000,691679.0000,0.0000,0.0000,691.6790,70,1882.4612,1882.4612
279,691.6790,691.6790,115.2798,0.0000,115.2798,69.1679,0.0000,0.0000,600.0000,28.5000,26,20,27,150.0000,691679.0000,0.0000,0.0000,691.6790,70,1882.4612,1882.4612
280,691.6790,691.6790,115.2798,0.0000,115.2798,69.1679,0.0000,0.0000,600.0000,28.5000,26,20,27,150.0000,691679.0000,0.0000,0.0000,691.6790,70,1882.4612,1882.4612
281,691.6790,691.6790,115.2798,0.0000,115.2798,69.1679,0.0000,0.0000,600.0000,28.5000,26,20,27,150.0000,691679.0000,0.0000,0.0000,691.6790,70,1882.4612,1882.4612
282,691.6790,691.6790,115.2798,0.0000,115.2798,69.1679,0.0000,0.0000,600.0000,28.5000,26,20,27,150.0000,691679.0000,0.0000,0.0000,691.6790,70,1882.4612,1882.4612
283,691.6790,691.6790,115.2798,0.0000,115.2798,69.1679,0.0000,0.0000,600.0000,28.5000,26,20,27,150.0000,691679.0000,0.0000,0.0000,691.6790,70,1882.4612,1882.4612
284,691.6790,691.6790,115.2798,0.0000,115.2798,69.1679,0.0000,0.0000,600.0000,28.5000,26,20,27,150.0000,691679.0000,0.0000,0.0000,691.6790,70,1882.4612,1882.4612
285,691.6790,691.6790,115.2798,0.0000,115.2798,69.1679,0.0000,0.0000,600.0000,28.5000,26,20,27,150.0000,691679.0000,0.0000,0.0000,691.6790,70,1882.4612,1882.4612
286,691.6790,691.6790,115.2798,0.0000,115.2798,69.1679,0.0000,0.0000,600.0000,28.5000,26,20,27,150.0000,691679.0000,0.0000,0.0000,691.6790,70,1882.4612,1882.4612
287,691.6790,691.6790,115.2798,0.0000,115.2798,69.1679,0.0000,0.0000,600.0000,28.5000,26,20,27,150.0000,691679.0000,0.0000,0.0000,691.6790,70,1882.4612,1882.4612
288,691.6790,691.6790,115.2798,0.0000,115.2798,69.1679,0.0000,0.0000,600.0000,28.5000,26,20,27,150.0000,691679.0000,0.0000,0.0000,691.6790,70,1882.4612,1882.4612
289,733.3440,733.3440,122.2240,0.0000,122.2240,73.3344,0.0000,0.0000,600.0000,28.5000,26,20,27,150.0000,733344.0000,0.0000,0.0000,733.3440,60,1882.4612,1882.4612
290,733.3440,733.3440,122.2240,0.0000,122.2240,73.3344,0.0000,0.0000,600.0000,28.5000,26,20,27,150.0000,733344.0000,0.0000,0.0000,733.3440,60,1882.4612,1882.4612
291,733.3440,733.3440,122.2240,0.0000,122.2240,73.3344,0.0000,0.0000,600.0000,28.5000,26,20,27,150.0000,733344.0000,0.0000,0.0000,733.3440,60,1882.4612,1882.4612
292,708.3450,708.3450,118.0575,0.0000,118.0575,70.8345,0.0000,0.0000,600.0000,28.5000,26,20,27,150.0000,708345.0000,0.0000,0.0000,708.3450,60,1882.4612,1882.4612
293,708.3450,708.3450,118.0575,0.0000,118.0575,70.8345,0.0000,0.0000,600.0000,28.5000,26,20,27,150.0000,708345.0000,0.0000,0.0000,708.3450,60,1882.4612,1882.4612
294,708.3450,708.3450,118.0575,0.0000,118.0575,70.8345,0.0000,0.0000,600.0000,28.5000,26,20,27,150.0000,708345.0000,0.0000,0.0000,708.3450,60,1882.4612,1882.4612
295,683.3460,683.3460,113.8910,0.0000,113.8910,68.3346,0.0000,0.0000,600.0000,28.5000,26,20,27,150.0000,683346.0000,0.0000,0.0000,683.3460,60,1882.4612,1882.4612
296,683.3460,683.3460,113.8910,0.0000,113.8910,68.3346,0.0000,0.0000,600.0000,28.5000,26,20,27,150.0000,683346.0000,0.0000,0.0000,683.3460,60,1882.4612,1882.4612
297,683.3460,683.3460,113.8910,0.0000,113.8910,68.3346,0.0000,0.0000,600.0000,28.5000,26,20,27,150.0000,683346.0000,0.0000,0.0000,683.3460,60,1882.4612,1882.4612
298,658.3470,658.3470,109.7245,0.0000,109.7245,65.8347,0.0000,0.0000,600.0000,28.5000,26,20,27,150.0000,658347.0000,0.0000,0.0000,658.3470,60,1882.4612,1882.4612
299,658.3470,658.3470,109.7245,0.0000,109.7245,65.8347,0.0000,0.0000,600.0000,28.5000,26,20,27,150.0000,658347.0000,0.0000,0.0000,658.3470,60,1882.4612,1882.4612
300,658.3470,658.3470,109.7245,0.0000,109.7245,65.8347,0.0000,0.0000,600.0000,28.5000,26,20,27,150.0000,658347.0000,0.0000,0.0000,658.3470,60,1882.4612,1882.4612
301,633.3480,633.3480,105.5580,0.0000,105.5580,63.3348,0.0000,0.0000,600.0000,28.5000,26,20,27,150.0000,633348.0000,0.0000,0.0000,633.3480,55,1882.4612,1882.4612
302,633.3480,633.3480,105.5580,0.0000,105.5580,63.3348,0.0000,0.0000,600.0000,28.5000,26,20,27,150.0000,633348.0000,0.0000,0.0000,633.3480,55,1882.4612,1882.4612
303,633.3480,633.3480,105.5580,0.0000,105.5580,63.3348,0.0000,0.0000,600.0000,28.5000,26,20,27,150.0000,633348.0000,0.0000,0.0000,633.3480,55,1882.4612,1882.4612
304,625.0150,625.0150,104.1692,0.0000,104.1692,62.5015,0.0000,0.0000,600.0000,28.5000,26,20,27,150.0000,625015.0000,0.0000,0.0000,625.0150,55,1882.4612,1882.4612
305,625.0150,625.0150,104.1692,0.0000,104.1692,62.5015,0.0000,0.0000,600.0000,28.5000,26,20,27,150.0000,625015.0000,0.0000,0.0000,625.0150,55,1882.4612,1882.4612
306,625.0150,625.0150,104.1692,0.0000,104.1692,62.5015,0.0000,0.0000,600.0000,28.5000,26,20,27,150.0000,625015.0000,0.0000,0.0000,625.0150,55,1882.4612,1882.4612
307,608.3490,608.3490,101.3915,0.0000,101.3915,60.8349,0.0000,0.0000,600.0000,28.5000,26,20,27,150.0000,608349.0000,0.0000,0.0000,608.3490,55,1882.4612,1882.4612
308,608.3490,608.3490,101.3915,0.0000,101.3915,60.8349,0.0000,0.0000,600.0000,28.5000,26,20,27,150.0000,608349.0000,0.0000,0.0000,608.3490,55,1882.4612,1882.4612
309,608.3490,608.3490,101.3915,0.0000,101.3915,60.8349,0.0000,0.0000,600.0000,28.5000,26,20,27,150.0000,608349.0000,0.0000,0.0000,608.3490,55,1882.4612,1882.4612
310,591.6830,591.6830,98.6138,0.0000,98.6138,59.1683,0.0000,0.0000,600.0000,28.5000,26,20,27,150.0000,591683.0000,0.0000,0.0000,591.6830,55,1882.4612,1882.4612
311,591.6830,591.6830,98.6138,0.0000,98.6138,59.1683,0.0000,0.0000,600.0000,28.5000,26,20,27,150.0000,591683.0000,0.0000,0.0000,591.6830,55,1882.4612,1882.4612
312,591.6830,591.6830,98.6138,0.0000,98.6138,59.1683,0.0000,0.0000,600.0000,28.5000,26,20,27,150.0000,591683.0000,0.0000,0.0000,591.6830,55,1882.4612,1882.4612
313,583.3500,583.3500,97.2250,0.0000,97.2250,58.3350,0.0000,0.0000,600.0000,28.5000,26,20,27,150.0000,583350.0000,0.0000,0.0000,583.3500,52,1882.4612,1882.4612
314,583.3500,583.3500,97.2250,0.0000,97.2250,58.3350,0.0000,0.0000,600.0000,28.5000,26,20,27,150.0000,583350.0000,0.0000,0.0000,583.3500,52,1882.4612,1882.4612
315,583.3500,583.3500,97.2250,0.0000,97.2250,58.3350,0.0000,0.0000,600.0000,28.5000,26,20,27,150.0000,583350.0000,0.0000,0.0000,583.3500,52,1882.4612,1882.4612
316,550.0180,550.0180,91.6697,0.0000,91.6697,55.0018,0.0000,0.0000,600.0000,28.5000,26,20,27,150.0000,550018.0000,0.0000,0.0000,550.0180,52,1882.4612,1882.4612
317,550.0180,550.0180,91.6697,0.0000,91.6697,55.0018,0.0000,0.0000,600.0000,28.5000,26,20,27,150.0000,550018.0000,0.0000,0.0000,550.0180,52,1882.4612,1882.4612
318,550.0180,550.0180,91.6697,0.0000,91.6697,55.0018,0.0000,0.0000,600.0000,28.5000,26,20,27,150.0000,550018.0000,0.0000,0.0000,550.0180,52,1882.4612,1882.4612
319,533.3520,533.3520,88.8920,0.0000,88.8920,53.3352,0.0000,0.0000,600.0000,28.5000,26,20,27,150.0000,533352.0000,0.0000,0.0000,533.3520,52,1882.4612,1882.4612
320,533.3520,533.3520,88.8920,0.0000,88.8920,53.3352,0.0000,0.0000,600.0000,28.5000,26,20,27,150.0000,533352.0000,0.0000,0.0000,533.3520,52,1882.4612,1882.4612
321,533.3520,533.3520,88.8920,0.0000,88.8920,53.3352,0.0000,0.0000,600.0000,28.5000,26,20,27,150.0000,533352.0000,0.0000,0.0000,533.3520,52,1882.4612,1882.4612
322,516.6860,516.6860,86.1143,0.0000,86.1143,51.6686,0.0000,0.0000,600.0000,28.5000,26,20,27,150.0000,516686.0000,0.0000,0.0000,516.6860,52,1882.4612,1882.4612
323,516.6860,516.6860,86.1143,0.0000,86.1143,51.6686,0.0000,0.0000,600.0000,28.5000,26,20,27,150.0000,516686.0000,0.0000,0.0000,516.6860,52,1882.4612,1882.4612
324,516.6860,516.6860,86.1143,0.0000,86.1143,51.6686,0.0000,0.0000,600.0000,28.5000,26,20,27,150.0000,516686.0000,0.0000,0.0000,516.6860,52,1882.4612,1882.4612
