slot,P_grid_kw,P_it_kw,P_grid_it_kw,P_chiller_kw,P_ups_ch_kw,P_ups_disch_kw,E_ups_kwh,E_tes_kwh,total_cpu,da_price,x_bm_off_kw,x_bm_bid_kw,committed_down_kw,committed_up_kw
1,6717.733421891692,5912.814660828746,4743.5221975296645,1443.261224362028,0.0,1169.2924632990819,5682.257482799163,6666.666666666666,0.6,73.49,21930.446563533285,3732.3030795676364,6496.867831639295,1549.9634985406706
2,6253.809999999999,4769.049999999999,4769.049999999999,953.8099999999998,0.0,0.0,5682.257482799163,7341.666666666666,0.4723317878287667,73.49,22610.28780247034,4196.22650145933,6496.867831639295,1549.9634985406706
3,6223.176637035596,4743.522197529663,4743.522197529664,948.7044395059328,0.0,0.0,5682.257482799163,7341.666666666666,0.469333970609877,66.88,22605.18224197627,4201.332061953397,6496.867831639295,1549.9634985406706
4,6618.893328536926,5073.286107114105,5073.286107114105,1014.6572214228212,0.0,0.0,5682.257482799163,7341.666666666666,0.5075568939004003,66.88,22671.13502389316,3831.1431729224023,6496.867831639295,1549.9634985406706
5,6223.176637035596,4743.522197529663,4743.522197529664,948.7044395059328,0.0,0.0,5682.257482799163,7341.666666666666,0.469333970609877,70.9,22605.18224197627,4201.332061953397,6496.867831639295,1549.9634985406706
6,6223.176637035596,4743.522197529663,4743.522197529664,948.7044395059328,0.0,0.0,5682.257482799163,7341.666666666666,0.469333970609877,70.9,22605.18224197627,4201.332061953397,6496.867831639295,1549.9634985406706
7,7184.264657604889,4769.049999999999,4769.049999999999,1884.26465760489,0.0,0.0,5682.257482799163,7341.666666666666,0.4723317878287667,65.19,23540.742460075227,3265.77184385444,6496.867831639295,1549.9634985406706
8,6223.176637035596,4743.522197529663,4743.522197529664,948.7044395059328,0.0,0.0,5682.257482799163,7341.666666666666,0.469333970609877,65.19,22605.18224197627,4201.332061953397,6496.867831639295,1549.9634985406706
9,6223.176637035596,4743.522197529663,4743.522197529664,948.7044395059328,0.0,0.0,5682.257482799163,7341.666666666666,0.469333970609877,64.64,22605.18224197627,4201.332061953397,6496.867831639295,1549.9634985406706
10,6223.176637035596,4743.522197529663,4743.522197529664,948.7044395059328,0.0,0.0,5682.257482799163,7341.666666666666,0.469333970609877,64.64,22605.18224197627,4201.332061953397,6496.867831639295,1549.9634985406706
11,6717.818016540128,4743.522197529663,4743.522197529664,1443.3458190104648,0.0,0.0,5682.257482799163,7341.666666666666,0.469333970609877,67.66,23099.823621480802,3706.690682448865,6496.867831639295,1549.9634985406706
12,6223.176637035596,4743.522197529663,4743.522197529664,948.7044395059328,0.0,0.0,5682.257482799163,7341.666666666666,0.469333970609877,67.66,22605.18224197627,4201.332061953397,6496.867831639295,1549.9634985406706
13,7906.864757812516,4769.049999999999,4769.049999999999,2606.864757812516,0.0,0.0,5682.257482799163,7341.666666666666,0.4723317878287667,58.55,24511.44981086407,2543.171743646814,6496.867831639295,1549.9634985406706
14,7939.54111600999,4769.049999999999,4769.049999999999,2639.5411160099907,0.0,0.0,5682.257482799163,8016.666666666666,0.4723317878287668,58.55,24544.126169061543,2510.4953854493388,6496.867831639295,1549.9634985406706
15,6223.176637035596,4743.522197529663,4743.522197529664,948.7044395059328,0.0,0.0,5682.257482799163,8691.666666666666,0.469333970609877,71.78,22605.18224197627,4201.332061953397,6496.867831639295,1549.9634985406706
16,6223.176637035596,4743.522197529663,4743.522197529664,948.7044395059328,0.0,0.0,5682.257482799163,8691.666666666666,0.469333970609877,71.78,22605.18224197627,4201.332061953397,6496.867831639295,1549.9634985406706
17,5060.942387671127,3367.597115309153,3367.597115309153,673.5194230618307,488.87584930014305,0.0,5782.477031905692,8691.666666666666,0.3,67.0,23705.92230775268,5537.604727638026,5467.530420376816,0.0
18,5158.717557531156,3856.4729646092965,3856.4729646092965,771.2945929218594,0.0,0.0,5782.477031905692,8691.666666666666,0.3622364113511761,67.0,23314.821628312566,5928.7054070781405,5467.530420376816,0.0
19,5158.717557531156,3856.4729646092965,3856.4729646092965,771.2945929218594,0.0,0.0,5782.477031905692,8691.666666666666,0.3622364113511761,72.99,23314.821628312566,5928.7054070781405,5467.530420376816,0.0
20,5158.717557531156,3856.4729646092965,3856.4729646092965,771.2945929218594,0.0,0.0,5782.477031905692,8691.666666666666,0.3622364113511761,72.99,23314.821628312566,5928.7054070781405,5467.530420376816,0.0
21,7311.891698907715,3367.597115309153,3367.597115309153,2352.2569343580335,1061.0876492405291,0.0,6000.0,8691.666666666666,0.3,66.08,25674.561053665886,3286.6554164014374,5749.840985700198,0.0
22,6997.963974937375,3956.533529932678,3956.533529932678,2510.4804450046963,0.0,0.0,6000.0,9366.666666666666,0.3749746362244484,66.08,24906.554724733483,4189.519554995303,5749.840985700198,0.0
23,5158.717557531156,3856.4729646092965,3856.4729646092965,771.2945929218594,0.0,0.0,6000.0,10000.0,0.3622364113511761,70.32,23314.821628312566,5928.7054070781405,5467.530420376816,0.0
24,5158.717557531156,3856.4729646092965,3856.4729646092965,771.2945929218594,0.0,0.0,6000.0,10000.0,0.3622364113511761,70.32,23314.821628312566,5928.7054070781405,5467.530420376816,0.0
25,5158.717557531156,3856.4729646092965,3856.4729646092965,771.2945929218594,0.0,0.0,6000.0,10000.0,0.3622364113511761,74.14,23314.821628312566,5928.7054070781405,5467.530420376816,0.0
26,6141.691722866138,3920.5198346469806,3920.5198346469806,1690.2218882191573,0.0,0.0,6000.0,10000.0,0.37038990748956563,74.14,24233.748923609863,5009.778111780843,5467.530420376816,0.0
27,5524.833025931371,4161.569188276142,4161.569188276142,832.3138376552286,0.0,0.0,6000.0,10000.0,0.4009932368646926,85.42,23375.840873045934,5867.686162344771,5467.530420376816,0.0
28,5514.683579462773,4153.111316218978,4153.111316218978,830.6222632437958,0.0,0.0,6000.0,10000.0,0.39999999999999997,85.42,23374.1492986345,5869.377736756204,5467.530420376816,0.0
29,5785.335485292007,4378.654571076673,4378.654571076673,875.7309142153347,0.0,0.0,6000.0,10000.0,0.42648631639180534,90.53,23419.257949606043,5824.269085784666,5467.530420376816,0.0
30,6072.8963874968695,4618.288656247391,4618.288656247391,923.6577312494783,0.0,0.0,6000.0,10000.0,0.4546273672163892,90.53,23596.846863683524,5776.342268750522,5467.530420376816,0.0
31,5785.335485292007,4378.654571076673,4378.654571076673,875.7309142153347,0.0,0.0,6000.0,10000.0,0.42648631639180534,93.59,23419.257949606043,5824.269085784666,5467.530420376816,0.0
32,6340.408405402816,4173.548428109175,4173.548428109175,1635.909977293642,0.0,0.0,6000.0,10000.0,0.4023999999999999,93.59,24179.43701268435,5064.090022706358,5467.530420376816,0.0
33,7081.433383483543,5458.736152902953,5458.736152902953,1091.7472305805907,0.0,0.0,6000.0,10000.0,0.55,95.12,22657.21111498528,4918.566616516456,6740.160952279286,0.0
34,7081.433383483543,5458.736152902953,5458.736152902953,1091.7472305805907,0.0,0.0,6000.0,10000.0,0.55,95.12,22668.990768090138,4918.566616516456,6740.160952279286,0.0
35,7841.950310368328,5458.736152902953,5458.736152902953,1852.2641574653758,0.0,0.0,6000.0,10000.0,0.55,96.05,22793.528004562424,4158.049689631671,7039.070292001304,0.0
36,7754.264373374144,5562.624805011452,5562.624805011452,1660.6895683626926,0.0,0.0,6000.0,10000.0,0.5614395033342424,96.05,22601.953415459742,4245.735626625854,7039.070292001304,0.0
37,7081.433383483543,5458.736152902953,5458.736152902953,1091.7472305805907,0.0,0.0,6000.0,10000.0,0.55,101.32,22033.011077677635,4918.566616516456,6740.160952279286,0.0
38,7081.433383483543,5458.736152902953,5458.736152902953,1091.7472305805907,0.0,0.0,6000.0,10000.0,0.55,101.32,22033.011077677635,4918.566616516456,6740.160952279286,0.0
39,8240.135683447916,5912.814660828746,5912.814660828746,1796.371022619169,0.0,0.0,6000.0,10000.0,0.6,99.19,22737.63486971621,3759.8643165520843,6740.160952279286,0.0
40,7820.679617868212,5912.814660828746,5912.814660828746,1376.9149570394661,0.0,0.0,6000.0,10000.0,0.6,99.19,22318.178804136507,4179.3203821317875,6740.160952279286,0.0
41,8221.997878237942,5912.814660828746,5912.814660828746,1778.2332174091946,0.0,0.0,6000.0,10000.0,0.6,97.78,22719.497064506235,3778.002121762058,6740.160952279286,0.0
42,8392.3995065972,5994.833424284229,5994.833424284229,1866.6160823129699,0.0,0.0,6000.0,10000.0,0.6085604966657574,97.78,22807.879929410017,3607.6004934027997,6740.160952279286,0.0
43,7081.433383483543,5458.736152902953,5458.736152902953,1091.7472305805907,0.0,0.0,6000.0,10000.0,0.55,106.67,22033.011077677635,4918.566616516456,6908.783703701302,0.0
44,7081.433383483543,5458.736152902953,5458.736152902953,1091.7472305805907,0.0,0.0,6000.0,10000.0,0.55,106.67,22033.011077677635,4918.566616516456,6908.783703701302,0.0
45,8245.614651993144,5912.814660828746,5912.814660828746,1801.8499911643974,0.0,0.0,6000.0,10000.0,0.6,100.8,22743.113838261444,3754.3853480068556,7154.23336108134,0.0
46,8067.323963023808,5912.814660828746,5912.814660828746,1623.559302195062,0.0,0.0,6000.0,10000.0,0.6,100.8,22564.823149292104,3932.6760369761905,7154.23336108134,0.0
47,7374.671282888151,5458.736152902953,5458.736152902953,1384.985129985198,0.0,0.0,6000.0,10000.0,0.55,107.46,22326.248977082243,4625.328717111848,6847.898141195093,0.0
48,7081.433383483543,5458.736152902953,5458.736152902953,1091.7472305805907,0.0,0.0,6000.0,10000.0,0.55,107.46,22033.011077677642,4918.566616516456,6847.898141195093,0.0
49,8241.45970496007,5912.814660828746,5912.814660828746,1797.6950441313247,0.0,0.0,6000.0,10000.0,0.6,101.89,22392.55044391322,3758.5402950399293,7442.787208018235,0.0
50,8261.952707140259,6042.300252777293,6042.300252777293,1688.7024543629648,0.0,0.0,6000.0,10000.0,0.613514724331839,101.89,22283.557854144863,3738.047292859741,7442.787208018235,0.0
51,7832.619942842197,5805.144600218104,5805.144600218103,1496.5253426240945,0.0,0.0,6000.0,10000.0,0.588144113987857,106.83,22091.380742405996,4167.380057157802,7442.787208018235,0.0
52,7497.123520261724,5805.144600218103,5805.144600218103,1161.0289200436207,0.0,0.0,6000.0,10000.0,0.5881441139878568,106.83,21755.88431982552,4502.8764797382755,7442.787208018235,0.0
53,8157.214634368705,5884.865281911731,5884.865281911731,1741.3993524569748,0.0,0.0,6000.0,10000.0,0.5969224067612573,107.6,22336.254752238867,3842.7853656312946,7442.787208018235,0.0
54,7860.074764396021,5912.814660828746,5912.814660828746,1416.3101035672753,0.0,0.0,6000.0,10000.0,0.6,107.6,22011.165503349173,4139.925235603978,7442.787208018235,0.0
55,8106.569695486575,5805.144600218103,5805.144600218103,1770.475095268473,0.0,0.0,6000.0,10000.0,0.5881441139878568,103.28,22365.330495050373,3893.4303045134234,7691.200574444729,0.0
56,8326.295471418513,5912.814660828746,5912.814660828746,1882.530810589766,0.0,0.0,6000.0,10000.0,0.6,103.28,22477.386210371667,3673.7045285814875,7691.200574444729,0.0
57,7497.123520261724,5805.144600218104,5805.144600218103,1161.0289200436207,0.0,0.0,6000.0,10000.0,0.588144113987857,118.61,21755.88431982552,4502.8764797382755,7442.787208018235,0.0
58,7497.123520261724,5805.144600218104,5805.144600218103,1161.0289200436207,0.0,0.0,6000.0,10000.0,0.588144113987857,118.61,21755.88431982552,4502.8764797382755,7442.787208018235,0.0
59,8045.930354457195,5805.144600218103,5805.144600218103,1709.835754239092,0.0,0.0,6000.0,10000.0,0.5881441139878568,116.17,22304.69115402099,3954.069645542804,7442.787208018235,0.0
60,7712.870429914335,5805.144600218103,5805.144600218103,1376.7758296962324,0.0,0.0,6000.0,10000.0,0.5881441139878568,116.17,21971.63122947813,4287.129570085664,7442.787208018235,0.0
61,8042.1731588677185,5912.814660828746,5912.814660828746,1598.408498038973,0.0,0.0,6000.0,10000.0,0.6,124.79,22193.26389782087,3957.8268411322806,7442.787208018235,0.0
62,8792.457081114055,6489.1674151070165,6489.1674151070165,1772.3396660070368,0.0,0.0,6000.0,10000.0,0.660155330602822,124.79,22367.195065788936,3207.5429188859453,7442.787208018235,0.0
63,8346.535851779405,5912.814660828746,5912.814660828746,1902.7711909506581,0.0,0.0,6000.0,10000.0,0.6,125.11,22497.626590732554,3653.4641482205952,7442.787208018235,0.0
64,8536.010991905487,6042.300252777293,6042.300252777293,1962.7607391281933,0.0,0.0,6000.0,10000.0,0.613514724331839,125.11,22557.616138910093,3463.9890080945133,7442.787208018235,0.0
65,6135.540962430258,5920.492468691882,4920.492468691882,684.0984937383764,0.0,1000.0,5728.260869565217,10000.0,0.6008013513718525,134.35,21663.606025046494,4538.902303741531,5826.233052922973,1325.5567338282096
66,5935.540962430258,4920.492468691882,4920.492468691882,484.09849373837636,0.0,0.0,5728.260869565217,9305.555555555555,0.4901161952740707,134.35,22463.606025046494,4738.902303741531,5826.233052922973,1325.5567338282096
67,5935.540962430258,4920.492468691882,4920.492468691882,484.09849373837636,0.0,0.0,5728.260869565217,8611.111111111111,0.4901161952740707,137.72,22463.606025046494,4738.902303741531,5826.233052922973,1325.5567338282096
68,6769.403704263076,4920.492468691882,4920.492468691882,1317.9612355711945,0.0,0.0,5728.260869565217,7916.666666666667,0.4901161952740707,137.72,23297.468766879312,3905.039561908713,5826.233052922973,1325.5567338282096
69,5935.540962430258,4920.492468691882,4920.492468691882,484.09849373837636,0.0,0.0,5728.260869565217,7222.222222222223,0.4901161952740707,150.02,22463.606025046494,4738.902303741531,5826.233052922973,1325.5567338282096
70,5935.540962430258,4920.492468691882,4920.492468691882,484.09849373837636,0.0,0.0,5728.260869565217,6527.777777777777,0.4901161952740707,150.02,22463.606025046494,4738.902303741531,5826.233052922973,1325.5567338282096
71,6397.686520042555,4920.492468691882,4920.492468691882,946.2440513506727,0.0,0.0,5728.260869565217,5833.333333333333,0.4901161952740707,146.6,22925.75158265879,3813.7937831662716,5826.233052922973,1788.5196967911727
72,6119.319889771851,4920.492468691882,4920.492468691882,667.8774210799693,0.0,0.0,5728.260869565217,5138.888888888889,0.4901161952740707,146.6,22647.384952388085,4092.160413436975,5826.233052922973,1788.5196967911727
73,6287.000458890222,4920.492468691882,4920.492468691882,835.5579901983399,0.0,0.0,5728.260869565217,4444.444444444444,0.4901161952740707,142.97,22815.065521506458,4387.442807281567,5826.233052922973,1325.5567338282096
74,6185.866628512887,4920.492468691882,4920.492468691882,734.4241598210047,0.0,0.0,5728.260869565217,3749.9999999999995,0.4901161952740707,142.97,22713.931691129124,4488.576637658903,5826.233052922973,1325.5567338282096
75,6248.405749823486,4920.492468691882,4920.492468691882,796.9632811316046,0.0,0.0,5728.260869565217,3055.5555555555557,0.4901161952740707,139.53,22776.470812439722,4426.037516348303,5826.233052922973,1325.5567338282096
76,6191.640590889085,4920.492468691882,4920.492468691882,740.1981221972025,0.0,0.0,5728.260869565217,2361.111111111111,0.4901161952740707,139.53,22719.70565350532,4482.8026752827045,5826.233052922973,1325.5567338282096
77,5588.198526636196,5322.516702371071,4189.134249933579,868.1142767026178,0.0,1133.3824524374888,5420.2765074898125,1666.6666666666665,0.5350004516670337,129.15,22545.597574331547,5086.244739535593,4189.13424993358,1325.5567338282096
78,5359.046056381324,5189.134249933579,4189.134249933579,638.9618064477452,0.0,1000.0,5148.5373770550295,833.3333333333333,0.5203132940379736,129.15,22449.827556514167,5315.397209790465,4189.13424993358,1325.5567338282096
79,6410.086853125885,5781.031672020998,4189.134249933579,1690.0026031923064,0.0,1591.8974220874188,4715.956555835623,0.0,0.5854889642971953,117.49,22908.970931171312,4264.356413045904,4189.13424993358,1325.5567338282096
80,6536.539173972592,5004.65764497716,5004.65764497716,1000.9315289954319,0.0,0.0,4715.956555835623,0.0,0.5,117.49,23811.79727906185,4137.904092199197,4189.13424993358,1325.5567338282096
81,8867.036293921767,6314.72012547509,6314.72012547509,2021.3661684466767,0.0,0.0,4715.956555835623,0.0,0.6419478451649921,99.44,22706.646042971584,3132.9637060782325,6314.72012547509,0.0
82,8224.383539843155,6314.72012547509,6314.72012547509,1378.7134143680637,0.0,0.0,4715.956555835623,0.0,0.6419478451649921,99.44,22063.993288892972,3775.6164601568457,6314.72012547509,0.0
83,9454.453629096119,6870.922194280208,6870.922194280208,2052.5814348159092,0.0,0.0,4715.956555835623,0.0,0.7,94.55,22737.86130934082,2545.5463709038822,6314.72012547509,0.0
84,8173.29326358,6314.72012547509,6314.72012547509,1327.6231381049101,0.0,0.0,4715.956555835623,0.0,0.6419478451649921,94.55,22012.90301262982,3826.7067364199993,6314.72012547509,0.0
85,10561.943004982542,7625.96744339562,7625.96744339562,2405.0255615869214,0.0,0.0,4715.956555835623,0.0,0.7752745450877127,87.14,23090.305436111827,1438.0569950174586,6314.72012547509,0.0
86,8787.285177664926,6880.27931472077,6880.27931472077,1376.0558629441541,0.0,0.0,4715.956555835623,0.0,0.700932861951412,87.14,22061.335737469064,3212.714822335074,6314.72012547509,0.0
87,10516.762855675277,7613.693247790303,7613.693247790303,2372.119607884973,0.0,0.0,4715.956555835623,0.0,0.7740508641340343,89.23,23057.39948240988,1483.237144324723,6314.72012547509,0.0
88,8776.05663313625,6870.922194280208,6870.922194280208,1374.1844388560414,0.0,0.0,4715.956555835623,0.0,0.7,89.23,22059.46431338095,3223.9433668637494,6314.72012547509,0.0
89,11157.241993129048,8084.882076442508,8084.882076442508,2541.4099166865385,0.0,0.0,4715.956555835623,0.0,0.8202000000000006,83.13,23226.68979121145,842.7580068709531,6314.72012547509,0.0
90,10173.124009676265,7873.977408012294,7873.977408012294,1768.1966016639703,0.0,0.0,4715.956555835623,0.0,0.8,83.13,22453.47647618888,1826.8759903237342,6314.72012547509,0.0
91,9849.872232181018,7341.355089520562,7341.355089520562,1977.5671426604558,0.0,0.0,4715.956555835623,0.0,0.7469000000000006,73.63,22662.847017185366,2150.127767818981,6314.72012547509,0.0
92,10882.666115372056,7828.839923394351,7828.839923394351,2522.876191977704,0.0,0.0,4715.956555835623,0.0,0.7955000000000001,73.63,23208.15606650261,1117.333884627944,6314.72012547509,0.0
93,8108.614150570108,6314.72012547509,6314.72012547509,1262.944025095018,0.0,0.0,4715.956555835623,0.0,0.6419478451649921,75.6,21948.223899619927,3891.385849429891,6314.72012547509,0.0
94,8108.614150570108,6314.72012547509,6314.72012547509,1262.944025095018,0.0,0.0,4715.956555835623,0.0,0.6419478451649921,75.6,21948.223899619927,3891.385849429891,6314.72012547509,0.0
95,11520.90246614712,7873.977408012294,7873.977408012294,3115.9750581348253,0.0,0.0,4715.956555835623,0.0,0.8,67.86,23801.254932659736,479.0975338528797,6314.72012547509,0.0
96,10855.486866181622,7873.977408012294,7873.977408012294,2450.5594581693267,0.0,0.0,4715.956555835623,675.0000000000001,0.8,67.86,23135.839332694235,1144.5131338183792,6314.72012547509,0.0
97,10465.8037475395,7749.641789879292,7749.641789879292,2185.2119576602067,0.0,0.0,4715.956555835623,1350.0000000000002,0.7876043096700147,72.76,0.0,0.0,0.0,0.0
98,8776.05663313625,6870.922194280208,6870.922194280208,1374.1844388560414,0.0,0.0,4715.956555835623,1350.0000000000002,0.7,72.76,0.0,0.0,0.0,0.0
99,11377.281728825443,7873.977408012294,7873.977408012294,2972.3543208131464,0.0,0.0,4715.956555835623,1350.0000000000002,0.8,70.71,0.0,0.0,0.0,0.0
100,10205.525933716899,7873.977408012294,7873.977408012294,1800.5985257046045,0.0,0.0,4715.956555835623,1941.666666666666,0.8,70.71,0.0,0.0,0.0,0.0
101,13894.21301846325,7873.977408012294,7873.977408012294,2789.285610450955,2700.0,0.0,5269.456555835623,1941.666666666666,0.8,65.04,0.0,0.0,0.0,0.0
102,13597.141148585968,7801.757432623592,7801.757432623592,2564.433715962375,2700.0,0.0,5822.956555835623,2616.666666666666,0.7928000000000008,65.04,0.0,0.0,0.0,0.0
103,10541.044446897962,6870.922194280208,6870.922194280208,2275.545695718351,863.6265568994021,0.0,6000.0,3291.666666666666,0.7,66.23,0.0,0.0,0.0,0.0
104,9970.526014919771,6870.922194280208,6870.922194280208,2568.6538206395626,0.0,0.0,6000.0,3966.666666666666,0.7,66.23,0.0,0.0,0.0,0.0
105,9767.31882956249,6870.922194280208,6870.922194280208,2365.4466352822806,0.0,0.0,6000.0,4641.666666666666,0.7,67.21,0.0,0.0,0.0,0.0
106,8182.736056233621,5876.488380194684,5876.488380194684,1775.2976760389367,0.0,0.0,6000.0,5316.666666666666,0.5960000000000001,67.21,0.0,0.0,0.0,0.0
107,8421.781529818594,6075.692941515495,6075.692941515495,1815.138588303099,0.0,0.0,6000.0,5991.666666666666,0.617,68.08,0.0,0.0,0.0,0.0
108,7026.327592994499,5912.814660828746,5912.814660828746,582.5629321657493,3.637978807091713e-12,0.0,6000.0,6666.666666666666,0.6,68.08,0.0,0.0,0.0,0.0
