sample_order,case_id,date,next_date_extension,gap_from_previous_days,price_mean_gbp_per_mwh,price_min_gbp_per_mwh,price_max_gbp_per_mwh,price_std_gbp_per_mwh,negative_price_hours,negative_prices_in_27h_original,negative_prices_clipped_27h
1,imrp_20250101,2025-01-01,2025-01-02,,51.350833333333334,0.0,119.64,46.93074622219662,0,5.0,5
2,imrp_20250102,2025-01-02,2025-01-03,1.0,105.08416666666665,75.98,129.99,13.156116421860805,0,0.0,0
3,imrp_20250103,2025-01-03,2025-01-04,1.0,107.89291666666668,74.85,151.97,21.14101276334041,0,0.0,0
4,imrp_20250104,2025-01-04,2025-01-05,1.0,110.88,91.38,138.2,12.006986854883007,0,0.0,0
5,imrp_20250105,2025-01-05,2025-01-06,1.0,97.74624999999999,56.04,120.54,19.039544114924777,0,0.0,0
6,imrp_20250106,2025-01-06,2025-01-07,1.0,87.67583333333334,7.29,126.4,35.02526967736612,0,0.0,0
7,imrp_20250107,2025-01-07,2025-01-08,1.0,92.56916666666666,28.1,125.6,26.467638088280985,0,0.0,0
8,imrp_20250108,2025-01-08,2025-01-09,1.0,166.66875000000002,85.38,332.1,82.51521199716753,0,0.0,0
9,imrp_20250109,2025-01-09,2025-01-10,1.0,103.85708333333334,79.92,129.45,14.53761313488986,0,0.0,0
10,imrp_20250110,2025-01-10,2025-01-11,1.0,221.0295833333333,83.22,550.24,140.47311134991773,0,0.0,0
11,imrp_20250111,2025-01-11,2025-01-12,1.0,107.42041666666667,84.69,148.95,16.482303509918008,0,0.0,0
12,imrp_20250112,2025-01-12,2025-01-13,1.0,103.87833333333333,85.12,129.47,11.684253530095773,0,0.0,0
13,imrp_20250113,2025-01-13,2025-01-14,1.0,102.60083333333334,85.4,129.71,11.839394662406612,0,0.0,0
14,imrp_20250114,2025-01-14,2025-01-15,1.0,112.38999999999999,87.82,160.97,20.58811206335669,0,0.0,0
15,imrp_20250115,2025-01-15,2025-01-16,1.0,127.95416666666667,91.99,202.63,30.390487672497496,0,0.0,0
16,imrp_20250116,2025-01-16,2025-01-17,1.0,112.13208333333334,88.22,152.0,18.306199992344734,0,0.0,0
17,imrp_20250117,2025-01-17,2025-01-18,1.0,107.68083333333334,86.56,151.98,17.508510053843974,0,0.0,0
18,imrp_20250118,2025-01-18,2025-01-19,1.0,108.46791666666667,93.65,138.72,12.67777615198037,0,0.0,0
19,imrp_20250119,2025-01-19,2025-01-20,1.0,116.89125000000001,94.56,172.32,21.43171157274892,0,0.0,0
20,imrp_20250120,2025-01-20,2025-01-21,1.0,193.49458333333334,93.9,521.4,106.04346341552468,0,0.0,0
21,imrp_20250121,2025-01-21,2025-01-22,1.0,159.60625,91.45,368.57,75.57050978018808,0,0.0,0
22,imrp_20250122,2025-01-22,2025-01-23,1.0,256.98541666666665,95.31,897.58,210.71151064071717,0,0.0,0
23,imrp_20250123,2025-01-23,2025-01-24,1.0,106.81958333333331,90.95,135.8,12.32482402821188,0,0.0,0
24,imrp_20250124,2025-01-24,2025-01-25,1.0,92.64958333333334,35.68,123.77,26.688800940838878,0,0.0,0
25,imrp_20250125,2025-01-25,2025-01-26,1.0,94.49458333333332,55.22,138.53,22.892055022643166,0,0.0,0
26,imrp_20250126,2025-01-26,2025-01-27,1.0,94.50791666666667,28.45,123.25,23.03563489089,0,0.0,0
27,imrp_20250127,2025-01-27,2025-01-28,1.0,94.62166666666667,39.15,127.79,26.863081181345443,0,0.0,0
28,imrp_20250128,2025-01-28,2025-01-29,1.0,102.04250000000002,77.23,126.86,15.723816661887998,0,0.0,0
29,imrp_20250129,2025-01-29,2025-01-30,1.0,98.2675,64.18,129.91,18.465871955673617,0,0.0,0
30,imrp_20250130,2025-01-30,2025-01-31,1.0,114.84375,90.15,159.35,19.660844084224017,0,0.0,0
31,imrp_20250131,2025-01-31,2025-02-01,1.0,123.18416666666667,97.08,179.15,20.409309541780736,0,0.0,0
32,imrp_20250201,2025-02-01,2025-02-02,1.0,112.73208333333332,99.91,138.95,10.280239531566803,0,0.0,0
33,imrp_20250202,2025-02-02,2025-02-03,1.0,115.10874999999999,97.37,152.32,14.729447916928182,0,0.0,0
34,imrp_20250203,2025-02-03,2025-02-04,1.0,118.71458333333334,100.02,163.1,18.88562481959199,0,0.0,0
35,imrp_20250204,2025-02-04,2025-02-05,1.0,108.56958333333334,88.31,140.24,14.397626389781141,0,0.0,0
36,imrp_20250205,2025-02-05,2025-02-06,1.0,117.98958333333333,89.21,160.42,20.44432734671704,0,0.0,0
37,imrp_20250206,2025-02-06,2025-02-07,1.0,119.64041666666667,101.88,163.35,16.419543355192783,0,0.0,0
38,imrp_20250207,2025-02-07,2025-02-08,1.0,113.14958333333334,96.61,135.56,11.77508544879352,0,0.0,0
39,imrp_20250208,2025-02-08,2025-02-09,1.0,118.05625000000002,91.13,150.05,15.777585317072447,0,0.0,0
40,imrp_20250209,2025-02-09,2025-02-10,1.0,117.17124999999999,104.65,142.46,10.06125212241664,0,0.0,0
41,imrp_20250210,2025-02-10,2025-02-11,1.0,117.84791666666668,96.53,141.45,13.491249009131394,0,0.0,0
42,imrp_20250211,2025-02-11,2025-02-12,1.0,124.17291666666665,102.21,152.13,14.09290083669986,0,0.0,0
43,imrp_20250212,2025-02-12,2025-02-13,1.0,126.95291666666668,106.48,160.58,15.726212586836953,0,0.0,0
44,imrp_20250213,2025-02-13,2025-02-14,1.0,130.57291666666666,106.96,160.89,16.372712430333245,0,0.0,0
45,imrp_20250214,2025-02-14,2025-02-15,1.0,128.2925,101.69,169.82,19.62366157856377,0,0.0,0
46,imrp_20250215,2025-02-15,2025-02-16,1.0,112.14499999999998,98.75,140.73,10.866732106142429,0,0.0,0
47,imrp_20250216,2025-02-16,2025-02-17,1.0,107.68458333333332,94.06,135.85,11.181539838489249,0,0.0,0
48,imrp_20250217,2025-02-17,2025-02-18,1.0,117.59125,93.86,158.71,20.248274064822578,0,0.0,0
49,imrp_20250218,2025-02-18,2025-02-19,1.0,107.55375,83.42,149.77,18.125650060181748,0,0.0,0
50,imrp_20250219,2025-02-19,2025-02-20,1.0,99.39083333333333,79.47,132.14,14.72340877555949,0,0.0,0
51,imrp_20250220,2025-02-20,2025-02-21,1.0,86.91708333333334,57.77,118.14,18.018783134821348,0,0.0,0
52,imrp_20250221,2025-02-21,2025-02-22,1.0,64.29416666666667,33.93,101.39,19.13599442513738,0,0.0,0
53,imrp_20250222,2025-02-22,2025-02-23,1.0,79.10083333333334,37.9,131.09,27.27754783649407,0,0.0,0
54,imrp_20250223,2025-02-23,2025-02-24,1.0,56.42166666666666,31.08,100.91,19.90540748696751,0,0.0,0
55,imrp_20250224,2025-02-24,2025-02-25,1.0,72.58166666666666,16.54,130.0,32.77074427832782,0,0.0,0
56,imrp_20250225,2025-02-25,2025-02-26,1.0,97.57166666666666,72.8,135.66,17.232483779833426,0,0.0,0
57,imrp_20250226,2025-02-26,2025-02-27,1.0,102.87041666666669,85.02,135.22,15.525124390045605,0,0.0,0
58,imrp_20250227,2025-02-27,2025-02-28,1.0,96.96541666666667,80.18,131.25,15.567028452032483,0,0.0,0
59,imrp_20250228,2025-02-28,2025-03-01,1.0,100.77458333333334,78.64,141.88,17.160917074165614,0,0.0,0
60,imrp_20250301,2025-03-01,2025-03-02,1.0,98.1875,80.21,125.87,11.995760796353574,0,0.0,0
61,imrp_20250302,2025-03-02,2025-03-03,1.0,91.45708333333334,69.92,124.21,13.0369665052773,0,0.0,0
62,imrp_20250303,2025-03-03,2025-03-04,1.0,100.41250000000001,79.23,141.41,16.710933608967913,0,0.0,0
63,imrp_20250304,2025-03-04,2025-03-05,1.0,95.44416666666666,65.01,131.73,17.163292933046254,0,0.0,0
64,imrp_20250305,2025-03-05,2025-03-06,1.0,80.36125,24.93,125.2,25.78222357757699,0,0.0,0
65,imrp_20250306,2025-03-06,2025-03-07,1.0,82.07124999999999,37.83,118.45,22.00122862336329,0,0.0,0
66,imrp_20250307,2025-03-07,2025-03-08,1.0,92.95166666666667,71.25,126.58,12.654517199623047,0,0.0,0
67,imrp_20250308,2025-03-08,2025-03-09,1.0,82.75666666666666,58.2,111.28,13.050850759837672,0,0.0,0
68,imrp_20250309,2025-03-09,2025-03-10,1.0,90.45458333333333,81.64,121.45,10.630864647794281,0,0.0,0
69,imrp_20250310,2025-03-10,2025-03-11,1.0,87.84625,71.66,122.26,13.79827338609799,0,0.0,0
70,imrp_20250311,2025-03-11,2025-03-12,1.0,92.51875,76.54,129.98,13.923252227987778,0,0.0,0
71,imrp_20250312,2025-03-12,2025-03-13,1.0,95.53125,80.69,141.63,15.203073788026114,0,0.0,0
72,imrp_20250313,2025-03-13,2025-03-14,1.0,104.34583333333335,82.69,148.72,17.561423612724443,0,0.0,0
73,imrp_20250314,2025-03-14,2025-03-15,1.0,103.09249999999999,86.79,134.77,15.115038110548491,0,0.0,0
74,imrp_20250315,2025-03-15,2025-03-16,1.0,93.90708333333333,82.71,126.14,10.324450138371642,0,0.0,0
75,imrp_20250316,2025-03-16,2025-03-17,1.0,94.94291666666665,80.24,127.48,11.266992899307942,0,0.0,0
76,imrp_20250317,2025-03-17,2025-03-18,1.0,98.46,80.95,138.78,16.13739755970584,0,0.0,0
77,imrp_20250318,2025-03-18,2025-03-19,1.0,93.71,79.43,129.02,14.631050315453546,0,0.0,0
78,imrp_20250319,2025-03-19,2025-03-20,1.0,100.64291666666668,81.48,153.54,19.685724624535812,0,0.0,0
79,imrp_20250320,2025-03-20,2025-03-21,1.0,98.15958333333333,80.46,130.56,15.303806574173704,0,0.0,0
80,imrp_20250321,2025-03-21,2025-03-22,1.0,63.333333333333336,10.86,106.17,32.05909188081007,0,0.0,0
81,imrp_20250322,2025-03-22,2025-03-23,1.0,75.19083333333333,14.0,120.41,37.10951000267841,0,0.0,0
82,imrp_20250323,2025-03-23,2025-03-24,1.0,96.78333333333335,73.39,124.21,12.346930680222606,0,0.0,0
83,imrp_20250324,2025-03-24,2025-03-25,1.0,98.90416666666665,71.24,138.8,19.09779806606569,0,0.0,0
84,imrp_20250325,2025-03-25,2025-03-26,1.0,96.40374999999999,80.16,133.61,13.008934690082558,0,0.0,0
85,imrp_20250326,2025-03-26,2025-03-27,1.0,93.63458333333335,78.36,126.82,14.504050290397812,0,0.0,0
86,imrp_20250327,2025-03-27,2025-03-28,1.0,88.38125000000001,55.89,123.49,16.928685790815738,0,0.0,0
87,imrp_20250328,2025-03-28,2025-03-29,1.0,70.5775,23.98,118.67,26.399518343144063,0,0.0,0
88,imrp_20250329,2025-03-29,2025-03-30,1.0,67.66458333333334,8.66,100.86,29.258576659839797,0,0.0,0
89,imrp_20250331,2025-03-31,2025-04-01,2.0,95.79875,70.06,128.25,18.325915009556823,0,0.0,0
90,imrp_20250401,2025-04-01,2025-04-02,1.0,89.65333333333332,58.48,126.99,19.276356127534985,0,0.0,0
91,imrp_20250402,2025-04-02,2025-04-03,1.0,74.81166666666667,31.41,116.08,26.7308667814736,0,0.0,0
92,imrp_20250403,2025-04-03,2025-04-04,1.0,69.84958333333333,3.65,119.58,36.635783336237296,0,0.0,0
93,imrp_20250404,2025-04-04,2025-04-05,1.0,75.20916666666666,8.02,115.24,32.29752930652058,0,0.0,0
94,imrp_20250405,2025-04-05,2025-04-06,1.0,56.5025,0.0,109.32,34.5107737102971,0,4.0,4
95,imrp_20250406,2025-04-06,2025-04-07,1.0,66.69916666666666,24.72,109.76,24.93292834731256,0,0.0,0
96,imrp_20250407,2025-04-07,2025-04-08,1.0,89.09333333333332,63.79,131.53,20.7709146939229,0,0.0,0
97,imrp_20250408,2025-04-08,2025-04-09,1.0,85.02416666666666,67.32,125.13,18.659961574778823,0,0.0,0
98,imrp_20250409,2025-04-09,2025-04-10,1.0,84.68750000000001,68.95,120.71,15.0477493472169,0,0.0,0
99,imrp_20250410,2025-04-10,2025-04-11,1.0,83.14125,63.66,109.09,13.07220630208102,0,0.0,0
100,imrp_20250411,2025-04-11,2025-04-12,1.0,81.455,63.03,108.3,13.388211543493526,0,0.0,0
101,imrp_20250412,2025-04-12,2025-04-13,1.0,76.51708333333333,29.18,99.63,18.509712423294303,0,0.0,0
102,imrp_20250413,2025-04-13,2025-04-14,1.0,70.43375,37.37,100.96,16.8397465866968,0,0.0,0
103,imrp_20250414,2025-04-14,2025-04-15,1.0,81.0625,64.99,115.05,16.12796904190564,0,0.0,0
104,imrp_20250415,2025-04-15,2025-04-16,1.0,84.17125,65.89,104.64,10.901237434537727,0,0.0,0
105,imrp_20250416,2025-04-16,2025-04-17,1.0,65.96666666666665,28.34,109.29,23.050885678332527,0,0.0,0
106,imrp_20250417,2025-04-17,2025-04-18,1.0,84.44333333333333,68.03,108.39,13.253176872818917,0,0.0,0
107,imrp_20250418,2025-04-18,2025-04-19,1.0,79.86666666666666,50.82,99.31,12.431644657441304,0,0.0,0
108,imrp_20250419,2025-04-19,2025-04-20,1.0,70.55166666666666,40.29,101.95,16.340133788381973,0,0.0,0
109,imrp_20250420,2025-04-20,2025-04-21,1.0,83.86916666666667,74.69,107.48,9.178896954730213,0,0.0,0
110,imrp_20250421,2025-04-21,2025-04-22,1.0,87.06916666666666,73.94,110.39,9.258100469618784,0,0.0,0
111,imrp_20250422,2025-04-22,2025-04-23,1.0,89.02708333333334,68.21,121.04,15.877630616469688,0,0.0,0
112,imrp_20250423,2025-04-23,2025-04-24,1.0,88.08083333333333,72.21,119.07,14.301642655264777,0,0.0,0
113,imrp_20250424,2025-04-24,2025-04-25,1.0,84.06833333333333,70.38,107.5,12.517844485196147,0,0.0,0
114,imrp_20250425,2025-04-25,2025-04-26,1.0,81.50375,67.93,103.85,11.479734975345322,0,0.0,0
115,imrp_20250426,2025-04-26,2025-04-27,1.0,79.74,69.17,97.6,8.880265574106815,0,0.0,0
116,imrp_20250427,2025-04-27,2025-04-28,1.0,52.18541666666667,2.23,99.53,30.919310171688107,0,0.0,0
117,imrp_20250428,2025-04-28,2025-04-29,1.0,78.87916666666668,59.27,111.33,16.603493587361534,0,0.0,0
118,imrp_20250429,2025-04-29,2025-04-30,1.0,79.52208333333333,60.75,106.61,13.595484538124742,0,0.0,0
119,imrp_20250430,2025-04-30,2025-05-01,1.0,79.33583333333333,60.87,105.03,12.777335375795518,0,0.0,0
120,imrp_20250501,2025-05-01,2025-05-02,1.0,77.39874999999999,57.6,101.29,11.492214869387304,0,0.0,0
121,imrp_20250502,2025-05-02,2025-05-03,1.0,76.255,58.49,99.47,11.82821732130417,0,0.0,0
122,imrp_20250503,2025-05-03,2025-05-04,1.0,51.74458333333334,2.34,78.88,29.468917661830105,0,0.0,0
123,imrp_20250504,2025-05-04,2025-05-05,1.0,37.845416666666665,6.03,96.04,33.14640993370256,0,0.0,0
124,imrp_20250505,2025-05-05,2025-05-06,1.0,78.3675,64.81,99.98,9.632498486028084,0,0.0,0
125,imrp_20250506,2025-05-06,2025-05-07,1.0,82.83999999999999,61.68,110.6,13.483100224602154,0,0.0,0
126,imrp_20250507,2025-05-07,2025-05-08,1.0,84.76458333333333,70.28,113.68,13.281030952441991,0,0.0,0
127,imrp_20250508,2025-05-08,2025-05-09,1.0,85.72333333333331,67.44,113.87,13.745451874064463,0,0.0,0
128,imrp_20250509,2025-05-09,2025-05-10,1.0,84.44833333333332,67.46,112.43,12.677756987031351,0,0.0,0
129,imrp_20250510,2025-05-10,2025-05-11,1.0,68.10958333333333,10.48,105.41,28.88628992549445,0,0.0,0
130,imrp_20250511,2025-05-11,2025-05-12,1.0,52.12291666666666,3.47,98.26,29.81691458987201,0,0.0,0
131,imrp_20250512,2025-05-12,2025-05-13,1.0,79.085,59.51,100.19,13.65198520362515,0,0.0,0
132,imrp_20250513,2025-05-13,2025-05-14,1.0,81.86166666666666,66.82,108.45,13.216101816429163,0,0.0,0
133,imrp_20250514,2025-05-14,2025-05-15,1.0,78.38208333333334,59.93,100.75,12.187490505694308,0,0.0,0
134,imrp_20250515,2025-05-15,2025-05-16,1.0,80.14208333333333,62.48,101.74,12.046417855932203,0,0.0,0
135,imrp_20250516,2025-05-16,2025-05-17,1.0,74.47375,43.77,96.21,14.43648410928021,0,0.0,0
136,imrp_20250517,2025-05-17,2025-05-18,1.0,72.54083333333334,28.99,97.36,18.613189973033162,0,0.0,0
137,imrp_20250518,2025-05-18,2025-05-19,1.0,77.02125000000001,44.03,100.36,14.375107626408692,0,0.0,0
138,imrp_20250519,2025-05-19,2025-05-20,1.0,85.60916666666667,68.86,114.05,13.180416001485774,0,0.0,0
139,imrp_20250520,2025-05-20,2025-05-21,1.0,85.51208333333334,71.45,115.7,13.276682874864575,0,0.0,0
140,imrp_20250521,2025-05-21,2025-05-22,1.0,85.35416666666667,63.92,105.64,11.607276782499655,0,0.0,0
141,imrp_20250522,2025-05-22,2025-05-23,1.0,86.29166666666667,69.97,107.42,11.501082074695795,0,0.0,0
142,imrp_20250523,2025-05-23,2025-05-24,1.0,88.23708333333333,73.85,109.7,10.000759337489775,0,0.0,0
143,imrp_20250524,2025-05-24,2025-05-25,1.0,61.58166666666667,15.06,100.42,23.330769144820085,0,2.0,2
144,imrp_20250525,2025-05-25,2025-05-26,1.0,10.912916666666666,0.0,55.89,19.874204906353416,0,16.0,16
145,imrp_20250526,2025-05-26,2025-05-27,1.0,26.449583333333333,0.0,91.21,32.17977955683334,0,5.0,5
146,imrp_20250527,2025-05-27,2025-05-28,1.0,61.88625,15.0,110.57,30.361712156994155,0,0.0,0
147,imrp_20250528,2025-05-28,2025-05-29,1.0,79.71583333333332,42.41,111.37,19.865348792278702,0,0.0,0
148,imrp_20250529,2025-05-29,2025-05-30,1.0,47.26583333333334,0.2,84.13,29.45149301771002,0,0.0,0
149,imrp_20250530,2025-05-30,2025-05-31,1.0,60.51833333333334,25.12,111.59,27.955924933525072,0,0.0,0
150,imrp_20250531,2025-05-31,2025-06-01,1.0,57.99,0.0,95.44,34.35025303157654,0,4.0,4
151,imrp_20250601,2025-06-01,2025-06-02,1.0,27.813333333333333,0.0,78.28,28.898003631546743,0,9.0,9
152,imrp_20250602,2025-06-02,2025-06-03,1.0,66.74958333333335,29.13,95.72,20.095458748841462,0,0.0,0
153,imrp_20250603,2025-06-03,2025-06-04,1.0,28.79125,0.0,90.56,32.30792089572102,0,5.0,5
154,imrp_20250604,2025-06-04,2025-06-05,1.0,57.365,13.84,103.31,28.64555739261035,0,0.0,0
155,imrp_20250605,2025-06-05,2025-06-06,1.0,74.37541666666667,39.22,103.07,18.10386698543681,0,0.0,0
156,imrp_20250606,2025-06-06,2025-06-07,1.0,74.515,47.26,103.36,19.990812264637974,0,0.0,0
157,imrp_20250607,2025-06-07,2025-06-08,1.0,83.58083333333333,62.9,103.41,10.872249045416295,0,0.0,0
158,imrp_20250608,2025-06-08,2025-06-09,1.0,46.79666666666666,0.0,108.02,36.31233338076136,0,1.0,1
159,imrp_20250609,2025-06-09,2025-06-10,1.0,82.33749999999999,56.76,113.63,15.610615045004899,0,0.0,0
160,imrp_20250610,2025-06-10,2025-06-11,1.0,80.01333333333334,50.23,111.79,16.45400348108495,0,0.0,0
161,imrp_20250611,2025-06-11,2025-06-12,1.0,80.16541666666666,53.7,103.2,11.852939149976919,0,0.0,0
162,imrp_20250612,2025-06-12,2025-06-13,1.0,49.84041666666667,8.99,100.87,29.6733030235326,0,0.0,0
163,imrp_20250613,2025-06-13,2025-06-14,1.0,83.38916666666667,62.17,105.12,12.651267366245257,0,0.0,0
164,imrp_20250614,2025-06-14,2025-06-15,1.0,69.51375,7.8,99.06,28.397838798709664,0,0.0,0
165,imrp_20250615,2025-06-15,2025-06-16,1.0,62.41541666666666,14.19,106.48,29.027918454935566,0,0.0,0
166,imrp_20250616,2025-06-16,2025-06-17,1.0,87.13791666666664,66.7,118.92,14.462097006533629,0,0.0,0
167,imrp_20250617,2025-06-17,2025-06-18,1.0,82.29625,62.17,121.13,18.14987530088017,0,0.0,0
168,imrp_20250618,2025-06-18,2025-06-19,1.0,89.15625,65.51,116.07,14.500154830351523,0,0.0,0
169,imrp_20250619,2025-06-19,2025-06-20,1.0,91.89125000000001,77.56,114.11,10.478476476608293,0,0.0,0
170,imrp_20250620,2025-06-20,2025-06-21,1.0,90.97458333333333,63.89,119.03,15.127451586207625,0,0.0,0
171,imrp_20250621,2025-06-21,2025-06-22,1.0,78.33916666666666,17.08,115.33,28.557940214685576,0,0.0,0
172,imrp_20250622,2025-06-22,2025-06-23,1.0,45.062083333333334,0.0,108.17,37.77526615604081,0,5.0,5
173,imrp_20250623,2025-06-23,2025-06-24,1.0,24.341250000000002,0.0,84.3,28.971186161497887,0,7.0,7
174,imrp_20250624,2025-06-24,2025-06-25,1.0,45.94541666666667,1.46,108.13,34.73260631586774,0,0.0,0
175,imrp_20250625,2025-06-25,2025-06-26,1.0,88.71791666666667,70.12,116.28,14.918776474398143,0,0.0,0
176,imrp_20250626,2025-06-26,2025-06-27,1.0,73.01666666666667,29.83,99.78,20.777245098638293,0,0.0,0
177,imrp_20250627,2025-06-27,2025-06-28,1.0,62.92875,14.4,93.8,24.75355434284472,0,0.0,0
178,imrp_20250628,2025-06-28,2025-06-29,1.0,39.535000000000004,0.0,97.43,33.359268702016436,0,3.0,3
179,imrp_20250629,2025-06-29,2025-06-30,1.0,74.83083333333333,58.41,101.26,12.194994163134679,0,0.0,0
180,imrp_20250630,2025-06-30,2025-07-01,1.0,79.36291666666666,45.04,118.38,21.417261239314787,0,0.0,0
181,imrp_20250701,2025-07-01,2025-07-02,1.0,96.17875,67.32,177.68,32.20887019550412,0,0.0,0
182,imrp_20250702,2025-07-02,2025-07-03,1.0,86.56291666666668,60.69,128.64,18.865332508591578,0,0.0,0
183,imrp_20250703,2025-07-03,2025-07-04,1.0,75.64791666666666,41.57,101.19,17.691565311179286,0,0.0,0
184,imrp_20250704,2025-07-04,2025-07-05,1.0,59.354166666666664,6.06,88.41,28.26386251568521,0,0.0,0
185,imrp_20250705,2025-07-05,2025-07-06,1.0,34.760416666666664,0.0,92.49,33.164137819735174,0,1.0,1
186,imrp_20250706,2025-07-06,2025-07-07,1.0,72.92458333333333,52.33,95.79,13.068439392663619,0,0.0,0
187,imrp_20250707,2025-07-07,2025-07-08,1.0,63.93125,16.49,93.63,24.242364659224837,0,0.0,0
188,imrp_20250708,2025-07-08,2025-07-09,1.0,74.74791666666667,55.84,106.9,16.632348746535737,0,0.0,0
189,imrp_20250709,2025-07-09,2025-07-10,1.0,83.76958333333333,70.2,111.14,13.237971735115702,0,0.0,0
190,imrp_20250710,2025-07-10,2025-07-11,1.0,83.85333333333334,69.01,114.88,14.39405307371377,0,0.0,0
191,imrp_20250711,2025-07-11,2025-07-12,1.0,83.78708333333333,67.55,107.05,10.926762435707518,0,0.0,0
192,imrp_20250712,2025-07-12,2025-07-13,1.0,79.57333333333334,59.85,100.52,10.628556920966373,0,0.0,0
193,imrp_20250713,2025-07-13,2025-07-14,1.0,83.6425,71.52,108.36,11.614898209483657,0,0.0,0
194,imrp_20250714,2025-07-14,2025-07-15,1.0,78.18458333333332,44.54,103.17,17.17576489785503,0,0.0,0
195,imrp_20250715,2025-07-15,2025-07-16,1.0,79.0,68.03,97.72,9.93681790111905,0,0.0,0
196,imrp_20250716,2025-07-16,2025-07-17,1.0,84.77958333333333,68.07,111.53,13.165874283909984,0,0.0,0
197,imrp_20250717,2025-07-17,2025-07-18,1.0,87.14124999999997,68.04,110.97,12.605034150588406,0,0.0,0
198,imrp_20250718,2025-07-18,2025-07-19,1.0,89.03916666666665,68.93,121.52,14.756224934093257,0,0.0,0
199,imrp_20250719,2025-07-19,2025-07-20,1.0,82.44708333333334,57.75,102.01,11.04654488937856,0,0.0,0
200,imrp_20250720,2025-07-20,2025-07-21,1.0,78.98458333333333,54.34,98.76,11.43267830211811,0,0.0,0
201,imrp_20250721,2025-07-21,2025-07-22,1.0,84.73458333333333,74.42,103.17,8.81349674229184,0,0.0,0
202,imrp_20250722,2025-07-22,2025-07-23,1.0,81.12833333333334,69.77,101.11,9.804681988156927,0,0.0,0
203,imrp_20250723,2025-07-23,2025-07-24,1.0,82.62375000000002,71.31,104.67,9.90909170597891,0,0.0,0
204,imrp_20250724,2025-07-24,2025-07-25,1.0,82.48666666666666,71.91,101.9,9.153105878455806,0,0.0,0
205,imrp_20250725,2025-07-25,2025-07-26,1.0,79.8575,65.01,97.29,9.906039508804719,0,0.0,0
206,imrp_20250726,2025-07-26,2025-07-27,1.0,78.65916666666666,58.36,94.58,9.146763050694796,0,0.0,0
207,imrp_20250727,2025-07-27,2025-07-28,1.0,76.96666666666665,61.9,96.58,9.711656083742303,0,0.0,0
208,imrp_20250728,2025-07-28,2025-07-29,1.0,81.46208333333333,68.7,102.17,9.350543646925324,0,0.0,0
209,imrp_20250729,2025-07-29,2025-07-30,1.0,83.55958333333334,68.76,108.74,10.9697814013341,0,0.0,0
210,imrp_20250730,2025-07-30,2025-07-31,1.0,84.23041666666667,70.28,107.64,9.800529526156,0,0.0,0
211,imrp_20250731,2025-07-31,2025-08-01,1.0,82.45958333333333,68.05,100.04,9.507823742917665,0,0.0,0
212,imrp_20250801,2025-08-01,2025-08-02,1.0,75.92708333333333,49.1,97.73,14.64113567975707,0,0.0,0
213,imrp_20250802,2025-08-02,2025-08-03,1.0,77.55708333333332,67.3,101.51,10.45909073452638,0,0.0,0
214,imrp_20250803,2025-08-03,2025-08-04,1.0,54.46083333333333,8.78,98.92,28.8037464167231,0,0.0,0
215,imrp_20250804,2025-08-04,2025-08-05,1.0,46.15333333333333,4.75,81.4,26.474079881188608,0,0.0,0
216,imrp_20250805,2025-08-05,2025-08-06,1.0,19.675416666666667,0.0,76.84,27.006882452930196,0,8.0,8
217,imrp_20250806,2025-08-06,2025-08-07,1.0,69.77166666666666,34.58,100.94,19.60977130298963,0,0.0,0
218,imrp_20250807,2025-08-07,2025-08-08,1.0,54.19499999999999,8.8,101.83,28.645636956902646,0,0.0,0
219,imrp_20250808,2025-08-08,2025-08-09,1.0,59.326249999999995,6.5,99.79,29.47841637148837,0,0.0,0
220,imrp_20250809,2025-08-09,2025-08-10,1.0,40.028333333333336,0.0,93.16,34.50664340223327,0,6.0,6
221,imrp_20250810,2025-08-10,2025-08-11,1.0,77.55875,45.26,101.33,13.394718583736651,0,0.0,0
222,imrp_20250811,2025-08-11,2025-08-12,1.0,85.29125,69.2,131.37,16.74967495020426,0,0.0,0
223,imrp_20250812,2025-08-12,2025-08-13,1.0,85.705,68.04,126.17,16.496260939982733,0,0.0,0
224,imrp_20250813,2025-08-13,2025-08-14,1.0,90.53625,70.55,135.2,18.129902512263175,0,0.0,0
225,imrp_20250814,2025-08-14,2025-08-15,1.0,88.24041666666666,68.98,133.1,18.945978790402698,0,0.0,0
226,imrp_20250815,2025-08-15,2025-08-16,1.0,79.7175,68.34,103.13,9.691342033829303,0,0.0,0
227,imrp_20250816,2025-08-16,2025-08-17,1.0,77.40166666666667,65.78,95.9,8.565516459748487,0,0.0,0
228,imrp_20250817,2025-08-17,2025-08-18,1.0,76.19,64.01,102.65,11.10646358357751,0,0.0,0
229,imrp_20250818,2025-08-18,2025-08-19,1.0,84.91916666666667,70.47,125.81,15.275055623648498,0,0.0,0
230,imrp_20250819,2025-08-19,2025-08-20,1.0,78.32416666666667,64.94,97.07,8.714900514189603,0,0.0,0
231,imrp_20250820,2025-08-20,2025-08-21,1.0,78.365,66.59,99.45,8.863312492140471,0,0.0,0
232,imrp_20250821,2025-08-21,2025-08-22,1.0,80.02916666666667,71.57,98.98,8.359979523831917,0,0.0,0
233,imrp_20250822,2025-08-22,2025-08-23,1.0,82.37166666666666,72.55,102.39,8.767946199399013,0,0.0,0
234,imrp_20250823,2025-08-23,2025-08-24,1.0,84.96666666666667,74.39,102.44,8.232055062714021,0,0.0,0
235,imrp_20250824,2025-08-24,2025-08-25,1.0,83.88875,74.76,104.39,8.465163570234974,0,0.0,0
236,imrp_20250825,2025-08-25,2025-08-26,1.0,74.49333333333334,19.08,104.23,24.123476232822576,0,0.0,0
237,imrp_20250826,2025-08-26,2025-08-27,1.0,82.8975,63.12,115.32,14.71693815812243,0,0.0,0
238,imrp_20250827,2025-08-27,2025-08-28,1.0,84.02166666666666,66.99,104.02,11.129747176922853,0,0.0,0
239,imrp_20250828,2025-08-28,2025-08-29,1.0,82.63875,68.89,99.84,10.175556214322308,0,0.0,0
240,imrp_20250829,2025-08-29,2025-08-30,1.0,82.44833333333334,67.59,100.84,10.865450852229841,0,0.0,0
241,imrp_20250830,2025-08-30,2025-08-31,1.0,62.53541666666666,15.73,87.26,21.331276133721012,0,0.0,0
242,imrp_20250831,2025-08-31,2025-09-01,1.0,16.772916666666667,0.0,66.01,22.334729398996284,0,8.0,8
243,imrp_20250901,2025-09-01,2025-09-02,1.0,49.04916666666666,8.09,101.83,31.93961580293177,0,0.0,0
244,imrp_20250902,2025-09-02,2025-09-03,1.0,82.29208333333332,65.26,105.78,11.690818327205424,0,0.0,0
245,imrp_20250903,2025-09-03,2025-09-04,1.0,76.68416666666667,51.63,93.45,11.345283130250895,0,0.0,0
246,imrp_20250904,2025-09-04,2025-09-05,1.0,77.89791666666666,45.18,117.54,19.356705551988668,0,0.0,0
247,imrp_20250905,2025-09-05,2025-09-06,1.0,83.78750000000001,67.16,121.9,16.1179517541777,0,0.0,0
248,imrp_20250906,2025-09-06,2025-09-07,1.0,59.88083333333333,1.31,86.46,28.315830365814023,0,2.0,2
249,imrp_20250907,2025-09-07,2025-09-08,1.0,22.792916666666667,0.0,89.98,35.56455849099946,0,15.0,15
250,imrp_20250908,2025-09-08,2025-09-09,1.0,86.76166666666667,62.47,133.71,21.128340301331978,0,0.0,0
251,imrp_20250909,2025-09-09,2025-09-10,1.0,85.15458333333333,70.57,112.74,14.79196825396772,0,0.0,0
252,imrp_20250910,2025-09-10,2025-09-11,1.0,73.01541666666667,22.67,104.58,20.08137714798769,0,0.0,0
253,imrp_20250911,2025-09-11,2025-09-12,1.0,43.18083333333334,8.0,107.54,34.40326824550572,0,0.0,0
254,imrp_20250912,2025-09-12,2025-09-13,1.0,36.534166666666664,0.1,109.71,37.97592251640798,0,0.0,0
255,imrp_20250913,2025-09-13,2025-09-14,1.0,45.53958333333333,4.69,106.43,33.11033392049058,0,0.0,0
256,imrp_20250914,2025-09-14,2025-09-15,1.0,61.88291666666667,1.94,93.76,27.209085412653174,0,2.0,2
257,imrp_20250915,2025-09-15,2025-09-16,1.0,11.701666666666668,0.0,49.17,16.167433744688392,0,11.0,11
258,imrp_20250916,2025-09-16,2025-09-17,1.0,33.06375,0.0,103.84,39.10987959289613,0,5.0,5
259,imrp_20250917,2025-09-17,2025-09-18,1.0,72.6275,29.13,102.46,19.59491648574531,0,0.0,0
260,imrp_20250918,2025-09-18,2025-09-19,1.0,49.34125,8.57,103.11,32.230650825016966,0,0.0,0
261,imrp_20250919,2025-09-19,2025-09-20,1.0,77.28041666666667,47.28,120.8,22.077182126796036,0,0.0,0
262,imrp_20250920,2025-09-20,2025-09-21,1.0,76.74875,7.74,97.3,19.781433490460188,0,0.0,0
263,imrp_20250921,2025-09-21,2025-09-22,1.0,37.03791666666667,1.0,105.39,37.077216721679484,0,0.0,0
264,imrp_20250922,2025-09-22,2025-09-23,1.0,82.09291666666667,53.29,125.83,20.776728463829965,0,0.0,0
265,imrp_20250923,2025-09-23,2025-09-24,1.0,90.94291666666668,68.49,140.41,20.35559453794105,0,0.0,0
266,imrp_20250924,2025-09-24,2025-09-25,1.0,84.73625,70.25,115.11,14.077357355134758,0,0.0,0
267,imrp_20250925,2025-09-25,2025-09-26,1.0,81.15625,65.57,106.81,13.661268490547771,0,0.0,0
268,imrp_20250926,2025-09-26,2025-09-27,1.0,82.64041666666667,67.93,106.58,12.68648837647317,0,0.0,0
269,imrp_20250927,2025-09-27,2025-09-28,1.0,80.91833333333334,67.48,105.61,10.902751054461232,0,0.0,0
270,imrp_20250928,2025-09-28,2025-09-29,1.0,86.91958333333334,73.5,136.56,17.127822025184315,0,0.0,0
271,imrp_20250929,2025-09-29,2025-09-30,1.0,94.00375000000001,70.22,173.94,28.573439708422107,0,0.0,0
272,imrp_20250930,2025-09-30,2025-10-01,1.0,84.44,69.29,123.55,17.308159443838427,0,0.0,0
273,imrp_20251001,2025-10-01,2025-10-02,1.0,80.105,65.43,113.12,13.635950034131591,0,0.0,0
274,imrp_20251002,2025-10-02,2025-10-03,1.0,75.18458333333332,24.24,110.1,17.432995052286785,0,0.0,0
275,imrp_20251003,2025-10-03,2025-10-04,1.0,49.69333333333333,0.02,93.1,28.417242369534886,0,3.0,3
276,imrp_20251004,2025-10-04,2025-10-05,1.0,1.6516666666666666,0.0,18.92,4.448777609885914,0,21.0,21
277,imrp_20251005,2025-10-05,2025-10-06,1.0,14.792083333333332,0.0,71.49,24.058783562205626,0,15.0,15
278,imrp_20251006,2025-10-06,2025-10-07,1.0,70.44625,18.32,119.66,29.384754665826858,0,0.0,0
279,imrp_20251007,2025-10-07,2025-10-08,1.0,89.14333333333333,67.78,133.81,17.628834964972082,0,0.0,0
280,imrp_20251008,2025-10-08,2025-10-09,1.0,91.17291666666667,75.03,128.02,16.73190452378496,0,0.0,0
281,imrp_20251009,2025-10-09,2025-10-10,1.0,86.37624999999998,68.65,120.85,14.745140389435653,0,0.0,0
282,imrp_20251010,2025-10-10,2025-10-11,1.0,86.14208333333333,72.0,116.38,13.417755332384111,0,0.0,0
283,imrp_20251011,2025-10-11,2025-10-12,1.0,85.93291666666669,71.9,116.63,12.099040760588787,0,0.0,0
284,imrp_20251012,2025-10-12,2025-10-13,1.0,85.28375,73.28,119.42,12.770139261998413,0,0.0,0
285,imrp_20251013,2025-10-13,2025-10-14,1.0,105.22583333333334,70.86,217.9,36.498295841115045,0,0.0,0
286,imrp_20251014,2025-10-14,2025-10-15,1.0,97.24916666666667,73.15,175.81,25.60230994081502,0,0.0,0
287,imrp_20251015,2025-10-15,2025-10-16,1.0,106.2925,73.44,209.6,36.208192817142,0,0.0,0
288,imrp_20251016,2025-10-16,2025-10-17,1.0,90.79916666666666,71.53,142.8,19.798034186223866,0,0.0,0
289,imrp_20251017,2025-10-17,2025-10-18,1.0,89.46166666666666,73.5,124.21,14.626800933750193,0,0.0,0
290,imrp_20251018,2025-10-18,2025-10-19,1.0,83.20541666666666,71.57,105.78,9.732235088939689,0,0.0,0
291,imrp_20251019,2025-10-19,2025-10-20,1.0,57.6875,38.47,91.95,15.85538348374667,0,0.0,0
292,imrp_20251020,2025-10-20,2025-10-21,1.0,79.77625,44.91,106.63,18.69906856247569,0,0.0,0
293,imrp_20251021,2025-10-21,2025-10-22,1.0,78.39083333333333,54.12,102.59,14.980529562476162,0,0.0,0
294,imrp_20251022,2025-10-22,2025-10-23,1.0,86.90208333333332,51.72,173.19,28.739254365641695,0,0.0,0
295,imrp_20251023,2025-10-23,2025-10-24,1.0,76.075,20.73,95.33,17.12619338907511,0,0.0,0
296,imrp_20251024,2025-10-24,2025-10-25,1.0,45.79291666666666,5.09,98.23,29.68411015441969,0,0.0,0
297,imrp_20251025,2025-10-25,2025-10-26,1.0,15.264583333333333,0.0,66.61,19.27633630888026,0,4.0,4
298,imrp_20251027,2025-10-27,2025-10-28,2.0,62.32041666666667,0.0,114.42,36.53503883022966,0,2.0,2
299,imrp_20251028,2025-10-28,2025-10-29,1.0,60.51791666666666,16.05,105.91,25.448976236639766,0,0.0,0
300,imrp_20251029,2025-10-29,2025-10-30,1.0,76.76708333333333,48.62,109.97,16.335513582163724,0,0.0,0
301,imrp_20251030,2025-10-30,2025-10-31,1.0,72.82416666666667,19.43,93.86,18.374288629465056,0,0.0,0
302,imrp_20251031,2025-10-31,2025-11-01,1.0,50.69958333333333,9.76,84.58,24.422425739329327,0,0.0,0
303,imrp_20251101,2025-11-01,2025-11-02,1.0,41.33333333333333,9.01,98.19,27.073278287311684,0,0.0,0
304,imrp_20251102,2025-11-02,2025-11-03,1.0,58.1575,43.12,103.71,18.932302917236456,0,0.0,0
305,imrp_20251103,2025-11-03,2025-11-04,1.0,53.740833333333335,13.7,93.39,25.10393576657298,0,0.0,0
306,imrp_20251104,2025-11-04,2025-11-05,1.0,61.375,6.9,95.87,29.874710598319332,0,0.0,0
307,imrp_20251105,2025-11-05,2025-11-06,1.0,78.17291666666667,60.39,100.94,11.295393042876176,0,0.0,0
308,imrp_20251106,2025-11-06,2025-11-07,1.0,86.50458333333334,70.95,121.55,14.598934886709676,0,0.0,0
309,imrp_20251107,2025-11-07,2025-11-08,1.0,84.34791666666666,71.31,106.77,9.842797696440558,0,0.0,0
310,imrp_20251108,2025-11-08,2025-11-09,1.0,83.57583333333334,72.49,110.99,10.23066180519238,0,0.0,0
311,imrp_20251109,2025-11-09,2025-11-10,1.0,80.59375,69.49,104.07,9.719239001631422,0,0.0,0
312,imrp_20251110,2025-11-10,2025-11-11,1.0,79.19083333333333,62.51,106.14,11.08161875835636,0,0.0,0
313,imrp_20251111,2025-11-11,2025-11-12,1.0,74.90166666666667,51.02,92.98,10.927127812111573,0,0.0,0
314,imrp_20251112,2025-11-12,2025-11-13,1.0,68.4025,38.93,95.32,16.163997094881367,0,0.0,0
315,imrp_20251113,2025-11-13,2025-11-14,1.0,63.99,15.85,98.92,25.128087869951425,0,0.0,0
316,imrp_20251114,2025-11-14,2025-11-15,1.0,69.18916666666667,40.83,83.56,12.608071130783205,0,0.0,0
317,imrp_20251115,2025-11-15,2025-11-16,1.0,68.69291666666666,36.19,99.39,19.83263209106956,0,0.0,0
318,imrp_20251116,2025-11-16,2025-11-17,1.0,79.81041666666667,61.44,100.0,9.718644229506614,0,0.0,0
319,imrp_20251117,2025-11-17,2025-11-18,1.0,80.07000000000001,52.22,114.36,16.566688715612422,0,0.0,0
320,imrp_20251118,2025-11-18,2025-11-19,1.0,89.08333333333333,73.66,114.55,12.526190118662935,0,0.0,0
321,imrp_20251119,2025-11-19,2025-11-20,1.0,83.685,66.34,107.24,11.37849799695314,0,0.0,0
322,imrp_20251120,2025-11-20,2025-11-21,1.0,90.60000000000002,72.53,126.51,14.972141073785451,0,0.0,0
323,imrp_20251121,2025-11-21,2025-11-22,1.0,108.99041666666666,75.51,154.76,26.228083625376104,0,0.0,0
324,imrp_20251122,2025-11-22,2025-11-23,1.0,84.72541666666667,72.94,104.75,8.191466077147334,0,0.0,0
325,imrp_20251123,2025-11-23,2025-11-24,1.0,75.53083333333333,57.99,105.35,13.669294640625104,0,0.0,0
326,imrp_20251124,2025-11-24,2025-11-25,1.0,87.21708333333333,62.76,112.07,14.884134024514902,0,0.0,0
327,imrp_20251125,2025-11-25,2025-11-26,1.0,108.46291666666666,71.58,196.18,36.78362367494157,0,0.0,0
328,imrp_20251126,2025-11-26,2025-11-27,1.0,99.31291666666668,72.9,152.45,23.32146819977369,0,0.0,0
329,imrp_20251127,2025-11-27,2025-11-28,1.0,71.92833333333333,40.87,90.61,12.833482141994391,0,0.0,0
330,imrp_20251128,2025-11-28,2025-11-29,1.0,67.66208333333333,34.51,89.4,18.472212910920796,0,0.0,0
331,imrp_20251129,2025-11-29,2025-11-30,1.0,79.55083333333333,61.14,93.84,7.866932331319213,0,0.0,0
332,imrp_20251130,2025-11-30,2025-12-01,1.0,72.51791666666666,49.81,104.26,15.361069293066446,0,0.0,0
333,imrp_20251201,2025-12-01,2025-12-02,1.0,72.92291666666667,45.74,91.85,15.035296660183404,0,0.0,0
334,imrp_20251202,2025-12-02,2025-12-03,1.0,75.73041666666667,44.97,104.34,16.78563435380749,0,0.0,0
335,imrp_20251203,2025-12-03,2025-12-04,1.0,85.7275,68.5,119.47,15.149214294807503,0,0.0,0
336,imrp_20251204,2025-12-04,2025-12-05,1.0,81.95333333333333,64.57,113.8,13.379163422609386,0,0.0,0
337,imrp_20251205,2025-12-05,2025-12-06,1.0,77.68875,53.97,103.32,11.834066049791733,0,0.0,0
338,imrp_20251206,2025-12-06,2025-12-07,1.0,68.21291666666667,43.39,91.37,14.14521163950504,0,0.0,0
339,imrp_20251207,2025-12-07,2025-12-08,1.0,73.17708333333333,18.49,88.55,14.991565817476248,0,0.0,0
340,imrp_20251208,2025-12-08,2025-12-09,1.0,61.48333333333333,13.55,88.45,25.156570491402217,0,0.0,0
341,imrp_20251209,2025-12-09,2025-12-10,1.0,66.83416666666666,32.15,82.52,12.955416793972917,0,0.0,0
342,imrp_20251210,2025-12-10,2025-12-11,1.0,59.572916666666664,20.56,91.69,21.870581740313224,0,0.0,0
343,imrp_20251211,2025-12-11,2025-12-12,1.0,69.98625,42.88,93.17,14.4803138814104,0,0.0,0
344,imrp_20251212,2025-12-12,2025-12-13,1.0,80.72500000000001,68.62,98.74,9.033961386531011,0,0.0,0
345,imrp_20251213,2025-12-13,2025-12-14,1.0,73.99166666666667,57.29,88.27,8.155648179159165,0,0.0,0
346,imrp_20251214,2025-12-14,2025-12-15,1.0,59.68416666666667,38.29,84.7,13.80298153681137,0,0.0,0
347,imrp_20251215,2025-12-15,2025-12-16,1.0,76.46916666666667,55.23,95.27,10.971199006439036,0,0.0,0
348,imrp_20251216,2025-12-16,2025-12-17,1.0,87.77833333333335,65.52,120.82,16.715717320999286,0,0.0,0
349,imrp_20251217,2025-12-17,2025-12-18,1.0,76.39999999999999,56.52,94.39,9.39016329286486,0,0.0,0
350,imrp_20251218,2025-12-18,2025-12-19,1.0,63.83166666666667,14.41,85.45,21.59799135465045,0,0.0,0
351,imrp_20251219,2025-12-19,2025-12-20,1.0,61.402499999999996,6.81,94.6,29.41125695064165,0,0.0,0
352,imrp_20251220,2025-12-20,2025-12-21,1.0,79.67458333333333,68.93,95.6,7.308855917747243,0,0.0,0
353,imrp_20251221,2025-12-21,2025-12-22,1.0,79.41041666666666,62.81,95.19,9.486668487570098,0,0.0,0
354,imrp_20251222,2025-12-22,2025-12-23,1.0,78.64958333333334,54.83,98.74,12.790781993023552,0,0.0,0
355,imrp_20251223,2025-12-23,2025-12-24,1.0,79.24624999999999,63.29,89.66,7.45398484732607,0,0.0,0
356,imrp_20251224,2025-12-24,2025-12-25,1.0,74.53416666666666,48.36,91.94,12.545292914298795,0,0.0,0
357,imrp_20251225,2025-12-25,2025-12-26,1.0,74.24249999999999,46.91,91.76,13.335414707337254,0,0.0,0
358,imrp_20251226,2025-12-26,2025-12-27,1.0,83.21708333333333,73.61,96.09,6.44613351757384,0,0.0,0
359,imrp_20251227,2025-12-27,2025-12-28,1.0,81.89041666666667,70.73,95.06,6.812628273512034,0,0.0,0
360,imrp_20251228,2025-12-28,2025-12-29,1.0,84.30666666666667,73.26,102.89,8.250236696941219,0,0.0,0
361,imrp_20251229,2025-12-29,2025-12-30,1.0,83.71625,70.69,94.93,7.4727353383817885,0,0.0,0
362,imrp_20251230,2025-12-30,2025-12-31,1.0,84.205,71.08,100.13,7.913331578208173,0,0.0,0
363,imrp_20251231,2025-12-31,2026-01-01,1.0,80.865,47.11,96.4,9.991689463415751,0,0.0,0
