case_id,date,sample_order,negative_prices_clipped_27h,price_floor_gbp_per_mwh,param,level,price_scenario,negative_prices_clipped_27h_result,price_floor_gbp_per_mwh_result,base_cost_gbp,opt_cost_gbp,saving_gbp,saving_pct,opt_cost_ext_sum_gbp,saving_pct_ext_sum,opt_cost_it_gbp,opt_cost_cooling_gbp,opt_cost_ups_charge_gbp,opt_cost_other_gbp,base_cost_it_gbp,base_cost_cooling_gbp,base_cost_ups_charge_gbp,base_cost_other_gbp,nominal_max_ups_kw,nominal_max_tes_w,price_mean_gbp_per_mwh,price_min_gbp_per_mwh,price_max_gbp_per_mwh,price_std_gbp_per_mwh,negative_price_hours,extension_price_mean_gbp_per_mwh,runtime_s,saving_it_gbp,saving_cooling_gbp,saving_ups_charge_gbp,saving_other_gbp
imrp_20250101,2025-01-01,1,5,0.0,price_day,1,2025-01-01,5.0,0.0,1060.59,1003.87,56.72,5.348,1003.87,5.348,722.11,189.68,26.2,65.44,790.48,204.68,0.0,65.44,0.0,0.0,51.351,0.0,119.64,46.931,0,105.303,7.6,68.37,15.0,-26.2,0.0
imrp_20250102,2025-01-02,2,0,,price_day,2,2025-01-02,,,1950.96,1883.92,67.04,3.436,1883.92,3.436,1297.05,333.18,28.15,133.91,1446.04,371.01,0.0,133.91,0.0,0.0,105.084,75.98,129.99,13.156,0,85.25,2.6,148.99,37.829999999999984,-28.15,0.0
imrp_20250103,2025-01-03,3,0,,price_day,3,2025-01-03,,,2020.58,1959.66,60.92,3.015,1959.66,3.015,1377.98,349.91,10.13,137.49,1498.23,384.87,0.0,137.49,0.0,0.0,107.893,74.85,151.97,21.141,0,105.04,2.4,120.25,34.95999999999998,-10.13,0.0
imrp_20250104,2025-01-04,4,0,,price_day,4,2025-01-04,,,2053.33,2009.74,43.59,2.123,2009.74,2.123,1414.73,363.28,9.73,141.29,1521.57,390.47,0.0,141.29,0.0,0.0,110.88,91.38,138.2,12.007,0,102.24,2.4,106.83999999999992,27.190000000000055,-9.73,0.0
imrp_20250105,2025-01-05,5,0,,price_day,5,2025-01-05,,,1821.25,1704.5,116.75,6.411,1704.5,6.411,1208.57,308.67,29.84,124.56,1350.28,346.42,0.0,124.56,0.0,0.0,97.746,56.04,120.54,19.04,0,52.93,2.3,141.71000000000004,37.75,-29.84,0.0
imrp_20250106,2025-01-06,6,0,,price_day,6,2025-01-06,,,1689.45,1569.3,120.15,7.112,1569.3,7.112,1109.23,271.47,3.18,111.72,1255.34,322.39,0.0,111.72,0.0,0.0,87.676,7.29,126.4,35.025,0,68.673,2.5,146.1099999999999,50.91999999999996,-3.18,0.0
imrp_20250107,2025-01-07,7,0,,price_day,7,2025-01-07,,,1750.82,1660.9,89.92,5.136,1660.9,5.136,1151.31,300.21,57.01,117.96,1298.74,334.12,0.0,117.96,0.0,0.0,92.569,28.1,125.6,26.468,0,90.993,2.3,147.43000000000006,33.910000000000025,-57.01,0.0
imrp_20250108,2025-01-08,8,0,,price_day,2,2025-01-08,,,3198.85,2891.54,307.31,9.607,2891.54,9.607,2089.21,510.6,8.76,212.38,2375.15,611.32,0.0,212.38,0.0,0.0,166.669,85.38,332.1,82.515,0,99.803,2.9,285.94000000000005,100.72000000000003,-8.76,0.0
imrp_20250109,2025-01-09,9,0,,price_day,9,2025-01-09,,,1915.47,1850.48,64.99,3.393,1850.48,3.393,1312.68,326.69,21.58,132.34,1419.18,363.94,0.0,132.34,0.0,0.0,103.857,79.92,129.45,14.538,0,83.583,2.3,106.5,37.25,-21.58,0.0
imrp_20250110,2025-01-10,10,0,,price_day,10,2025-01-10,,,4283.31,3718.15,565.16,13.195,3718.15,13.195,2701.6,647.79,9.55,281.65,3182.6,819.06,0.0,281.65,0.0,0.0,221.03,83.22,550.24,140.473,0,101.337,2.2,481.0,171.26999999999998,-9.55,0.0
imrp_20250111,2025-01-11,11,0,,price_day,11,2025-01-11,,,1999.68,1940.42,59.26,2.963,1940.42,2.963,1375.54,352.41,9.5,136.88,1481.96,380.83,0.0,136.88,0.0,0.0,107.42,84.69,148.95,16.482,0,108.263,2.5,106.42000000000007,28.41999999999996,-9.5,0.0
imrp_20250112,2025-01-12,12,0,,price_day,12,2025-01-12,,,1923.4,1870.07,53.32,2.772,1870.07,2.772,1276.17,328.69,31.18,132.37,1425.59,365.44,0.0,132.37,0.0,0.0,103.878,85.12,129.47,11.684,0,91.727,3.0,149.41999999999985,36.75,-31.18,0.0
imrp_20250113,2025-01-13,13,0,,price_day,13,2025-01-13,,,1897.99,1854.54,43.46,2.29,1854.54,2.29,1307.1,334.41,8.8,130.74,1406.1,361.15,0.0,130.74,0.0,0.0,102.601,85.4,129.71,11.839,0,91.4,3.1,99.0,26.739999999999952,-8.8,0.0
imrp_20250114,2025-01-14,14,0,,price_day,14,2025-01-14,,,2090.82,2013.39,77.43,3.703,2013.39,3.703,1414.03,353.19,0.0,143.22,1549.39,398.21,0.0,143.22,0.0,0.0,112.39,87.82,160.97,20.588,0,96.557,2.9,135.36000000000013,45.01999999999998,0.0,0.0
imrp_20250115,2025-01-15,15,0,,price_day,15,2025-01-15,,,2391.21,2263.33,127.88,5.348,2263.33,5.348,1598.67,396.94,0.0,163.05,1772.68,455.49,0.0,163.05,0.0,0.0,127.954,91.99,202.63,30.39,0,95.367,3.3,174.01,58.55000000000001,0.0,0.0
imrp_20250116,2025-01-16,16,0,,price_day,3,2025-01-16,,,2064.05,1985.96,78.08,3.783,1985.96,3.783,1367.26,351.5,46.2,142.89,1528.62,392.54,0.0,142.89,0.0,0.0,112.132,88.22,152.0,18.306,0,90.333,2.7,161.3599999999999,41.04000000000002,-46.2,0.0
imrp_20250117,2025-01-17,17,0,,price_day,17,2025-01-17,,,2003.02,1943.09,59.92,2.992,1943.09,2.992,1366.93,348.08,9.46,137.22,1484.54,381.26,0.0,137.22,0.0,0.0,107.681,86.56,151.98,17.509,0,100.28,2.8,117.6099999999999,33.18000000000001,-9.46,0.0
imrp_20250118,2025-01-18,18,0,,price_day,18,2025-01-18,,,2009.61,1967.58,42.03,2.091,1967.58,2.091,1373.22,344.9,0.0,138.22,1489.05,382.34,0.0,138.22,0.0,0.0,108.468,93.65,138.72,12.678,0,101.677,2.5,115.82999999999993,37.44,0.0,0.0
imrp_20250119,2025-01-19,19,0,,price_day,19,2025-01-19,,,2179.1,2094.66,84.45,3.875,2094.66,3.875,1480.74,376.35,9.3,148.95,1615.24,414.91,0.0,148.95,0.0,0.0,116.891,94.56,172.32,21.432,0,97.407,2.5,134.5,38.56,-9.3,0.0
imrp_20250120,2025-01-20,20,0,,price_day,20,2025-01-20,,,3688.24,3202.81,485.43,13.161,3202.81,13.161,2307.04,544.88,0.0,246.57,2738.6,703.07,0.0,246.57,0.0,0.0,193.495,93.9,521.4,106.043,0,92.74,2.5,431.55999999999995,158.19000000000005,0.0,0.0
imrp_20250121,2025-01-21,21,0,,price_day,21,2025-01-21,,,3030.98,2691.61,339.37,11.197,2691.61,11.197,1922.04,458.91,0.0,203.38,2249.95,577.65,0.0,203.38,0.0,0.0,159.606,91.45,368.57,75.571,0,97.54,2.5,327.90999999999985,118.73999999999995,0.0,0.0
imrp_20250122,2025-01-22,22,0,,price_day,22,2025-01-22,,,5010.59,4054.33,956.25,19.085,4054.33,19.085,2957.75,675.55,26.59,327.47,3727.79,955.32,0.0,327.47,0.0,0.0,256.985,95.31,897.58,210.712,0,102.943,2.5,770.04,279.7700000000001,-26.59,0.0
imrp_20250123,2025-01-23,23,0,,price_day,4,2025-01-23,,,1959.97,1887.68,72.29,3.688,1887.68,3.688,1354.03,340.12,0.0,136.12,1451.66,372.19,0.0,136.12,0.0,0.0,106.82,90.95,135.8,12.325,0,81.913,2.4,97.63000000000011,32.06999999999999,0.0,0.0
imrp_20250124,2025-01-24,24,0,,price_day,24,2025-01-24,,,1751.04,1618.99,132.05,7.541,1618.99,7.541,1116.59,285.82,37.55,118.06,1300.16,332.82,0.0,118.06,0.0,0.0,92.65,35.68,123.77,26.689,0,65.063,2.8,183.57000000000016,47.0,-37.55,0.0
imrp_20250125,2025-01-25,25,0,,price_day,25,2025-01-25,,,1787.67,1746.2,41.47,2.32,1746.2,2.32,1232.97,315.74,9.52,120.41,1325.8,341.46,0.0,120.41,0.0,0.0,94.495,55.22,138.53,22.892,0,105.86,2.7,92.82999999999993,25.71999999999997,-9.52,0.0
imrp_20250126,2025-01-26,26,0,,price_day,26,2025-01-26,,,1742.63,1609.47,133.16,7.641,1609.47,7.641,1147.46,292.28,39.12,120.43,1291.15,331.05,0.0,120.43,0.0,0.0,94.508,28.45,123.25,23.036,0,46.747,2.7,143.69000000000005,38.77000000000004,-39.12,0.0
imrp_20250127,2025-01-27,27,0,,price_day,27,2025-01-27,,,1775.21,1717.37,57.83,3.258,1717.37,3.258,1217.58,307.28,21.09,120.57,1315.55,339.09,0.0,120.57,0.0,0.0,94.622,39.15,127.79,26.863,0,79.13,2.7,97.97000000000003,31.810000000000002,-21.09,0.0
imrp_20250128,2025-01-28,28,0,,price_day,28,2025-01-28,,,1888.93,1830.28,58.65,3.105,1830.28,3.105,1296.13,321.45,0.0,130.03,1399.1,359.79,0.0,130.03,0.0,0.0,102.043,77.23,126.86,15.724,0,72.24,2.5,102.9699999999998,38.34000000000003,0.0,0.0
imrp_20250129,2025-01-29,29,0,,price_day,29,2025-01-29,,,1835.41,1791.73,43.68,2.38,1791.73,2.38,1260.83,320.44,24.44,125.22,1360.37,349.82,0.0,125.22,0.0,0.0,98.267,64.18,129.91,18.466,0,93.487,2.4,99.53999999999996,29.379999999999995,-24.44,0.0
imrp_20250130,2025-01-30,30,0,,price_day,30,2025-01-30,,,2130.71,2059.1,71.6,3.361,2059.1,3.361,1442.84,360.41,0.0,146.34,1578.63,405.74,0.0,146.34,0.0,0.0,114.844,90.15,159.35,19.661,0,99.553,2.7,135.7900000000002,45.329999999999984,0.0,0.0
imrp_20250131,2025-01-31,31,0,,price_day,5,2025-01-31,,,2283.5,2215.58,67.93,2.975,2215.58,2.975,1561.17,397.8,10.71,156.97,1691.82,434.71,0.0,156.97,0.0,0.0,123.184,97.08,179.15,20.409,0,115.15,2.5,130.64999999999986,36.90999999999997,-10.71,0.0
imrp_20250201,2025-02-01,32,0,,price_day,32,2025-02-01,,,2073.14,2029.44,43.71,2.108,2029.44,2.108,1426.48,366.6,9.58,143.65,1535.63,393.86,0.0,143.65,0.0,0.0,112.732,99.91,138.95,10.28,0,102.683,2.5,109.15000000000009,27.25999999999999,-9.58,0.0
imrp_20250202,2025-02-02,33,0,,price_day,33,2025-02-02,,,2137.09,2086.99,50.1,2.344,2086.99,2.344,1459.05,366.41,0.0,146.68,1583.64,406.77,0.0,146.68,0.0,0.0,115.109,97.37,152.32,14.729,0,104.91,2.5,124.59000000000015,40.35999999999996,0.0,0.0
imrp_20250203,2025-02-03,34,0,,price_day,34,2025-02-03,,,2175.75,2092.64,83.1,3.819,2092.64,3.819,1431.97,360.41,36.87,151.28,1611.01,413.46,0.0,151.28,0.0,0.0,118.715,100.02,163.1,18.886,0,97.267,2.6,179.03999999999996,53.049999999999955,-36.87,0.0
imrp_20250204,2025-02-04,35,0,,price_day,35,2025-02-04,,,2004.22,1943.72,60.51,3.019,1943.72,3.019,1337.55,341.44,26.44,138.35,1484.67,381.21,0.0,138.35,0.0,0.0,108.57,88.31,140.24,14.398,0,91.203,2.6,147.12000000000012,39.76999999999998,-26.44,0.0
imrp_20250205,2025-02-05,36,0,,price_day,36,2025-02-05,,,2187.03,2120.51,66.51,3.041,2120.51,3.041,1444.18,369.85,37.57,150.35,1620.23,416.45,0.0,150.35,0.0,0.0,117.99,89.21,160.42,20.444,0,108.433,2.7,176.04999999999995,46.599999999999966,-37.57,0.0
imrp_20250206,2025-02-06,37,0,,price_day,37,2025-02-06,,,2188.7,2125.2,63.5,2.901,2125.2,2.901,1450.46,376.11,47.97,152.46,1620.34,415.91,0.0,152.46,0.0,0.0,119.64,101.88,163.35,16.42,0,103.8,2.9,169.87999999999988,39.80000000000001,-47.97,0.0
imrp_20250207,2025-02-07,38,0,,price_day,6,2025-02-07,,,2079.98,2037.33,42.65,2.05,2037.33,2.05,1436.67,367.26,9.26,144.18,1540.39,395.41,0.0,144.18,0.0,0.0,113.15,96.61,135.56,11.775,0,100.437,2.6,103.72000000000003,28.150000000000034,-9.26,0.0
imrp_20250208,2025-02-08,39,0,,price_day,39,2025-02-08,,,2198.98,2160.91,38.08,1.731,2160.91,1.731,1522.25,386.92,0.0,150.44,1629.73,418.81,0.0,150.44,0.0,0.0,118.056,91.13,150.05,15.778,0,114.793,2.6,107.48000000000002,31.889999999999986,0.0,0.0
imrp_20250209,2025-02-09,40,0,,price_day,40,2025-02-09,,,2160.08,2115.09,44.99,2.083,2115.09,2.083,1480.14,373.81,0.0,149.31,1600.11,410.66,0.0,149.31,0.0,0.0,117.171,104.65,142.46,10.061,0,102.643,3.0,119.9699999999998,36.85000000000002,0.0,0.0
imrp_20250210,2025-02-10,41,0,,price_day,41,2025-02-10,,,2170.46,2127.92,42.54,1.96,2127.92,1.96,1488.34,374.23,0.0,150.17,1607.38,412.9,0.0,150.17,0.0,0.0,117.848,96.53,141.45,13.491,0,105.173,3.7,119.04000000000019,38.66999999999996,0.0,0.0
imrp_20250211,2025-02-11,42,0,,price_day,42,2025-02-11,,,2290.64,2243.66,46.98,2.051,2243.66,2.051,1571.14,395.47,0.0,158.23,1696.38,436.03,0.0,158.23,0.0,0.0,124.173,102.21,152.13,14.093,0,107.907,3.0,125.24000000000001,40.559999999999945,0.0,0.0
imrp_20250212,2025-02-12,43,0,,price_day,43,2025-02-12,,,2341.13,2287.55,53.58,2.289,2287.55,2.289,1611.13,406.27,0.0,161.77,1733.76,445.6,0.0,161.77,0.0,0.0,126.953,106.48,160.58,15.726,0,112.057,2.7,122.62999999999988,39.33000000000004,0.0,0.0
imrp_20250213,2025-02-13,44,0,,price_day,44,2025-02-13,,,2405.62,2342.09,63.53,2.641,2342.09,2.641,1655.55,412.26,0.0,166.39,1781.45,457.79,0.0,166.39,0.0,0.0,130.573,106.96,160.89,16.373,0,105.463,2.8,125.90000000000009,45.53000000000003,0.0,0.0
imrp_20250214,2025-02-14,45,0,,price_day,7,2025-02-14,,,2374.42,2296.72,77.69,3.272,2296.72,3.272,1615.63,404.58,0.0,163.48,1758.9,452.03,0.0,163.48,0.0,0.0,128.292,101.69,169.82,19.624,0,103.55,2.4,143.26999999999998,47.44999999999999,0.0,0.0
imrp_20250215,2025-02-15,46,0,,price_day,46,2025-02-15,,,2067.29,2033.45,33.84,1.637,2033.45,1.637,1428.45,371.0,28.08,142.9,1531.29,393.09,0.0,142.9,0.0,0.0,112.145,98.75,140.73,10.867,0,108.373,3.2,102.83999999999992,22.089999999999975,-28.08,0.0
imrp_20250216,2025-02-16,47,0,,price_day,47,2025-02-16,,,1992.23,1950.24,41.99,2.108,1950.24,2.108,1370.41,350.82,26.84,137.22,1476.22,378.8,0.0,137.22,0.0,0.0,107.685,94.06,135.85,11.182,0,100.94,2.6,105.80999999999995,27.980000000000018,-26.84,0.0
imrp_20250217,2025-02-17,48,0,,price_day,48,2025-02-17,,,2160.25,2073.26,86.99,4.027,2073.26,4.027,1416.11,361.07,34.66,149.84,1599.66,410.74,0.0,149.84,0.0,0.0,117.591,93.86,158.71,20.248,0,101.75,2.8,183.55000000000018,49.670000000000016,-34.66,0.0
imrp_20250218,2025-02-18,49,0,,price_day,49,2025-02-18,,,1966.3,1875.67,90.63,4.609,1875.67,4.609,1287.64,322.09,30.65,137.05,1455.88,373.37,0.0,137.05,0.0,0.0,107.554,83.42,149.77,18.126,0,85.24,2.4,168.24,51.28000000000003,-30.65,0.0
imrp_20250219,2025-02-19,50,0,,price_day,50,2025-02-19,,,1826.75,1752.88,73.87,4.044,1752.88,4.044,1207.26,305.85,32.87,126.65,1352.68,347.42,0.0,126.65,0.0,0.0,99.391,79.47,132.14,14.723,0,69.74,2.9,145.42000000000007,41.56999999999999,-32.87,0.0
imrp_20250220,2025-02-20,51,0,,price_day,51,2025-02-20,,,1613.08,1516.1,96.97,6.012,1516.1,6.012,1049.9,264.71,30.07,110.76,1195.54,306.78,0.0,110.76,0.0,0.0,86.917,57.77,118.14,18.019,0,48.5,3.4,145.63999999999987,42.06999999999999,-30.07,0.0
imrp_20250221,2025-02-21,52,0,,price_day,52,2025-02-21,,,1202.06,1097.75,104.31,8.677,1097.75,8.677,745.21,189.13,32.08,81.93,891.57,228.56,0.0,81.93,0.0,0.0,64.294,33.93,101.39,19.136,0,41.94,2.5,146.36,39.43000000000001,-32.08,0.0
imrp_20250222,2025-02-22,53,0,,price_day,8,2025-02-22,,,1512.03,1433.89,78.13,5.167,1433.89,5.167,982.31,246.58,25.7,100.8,1122.52,288.71,0.0,100.8,0.0,0.0,79.101,37.9,131.09,27.278,0,75.527,2.5,140.21000000000004,42.12999999999997,-25.7,0.0
imrp_20250223,2025-02-23,54,0,,price_day,54,2025-02-23,,,1050.96,915.08,135.88,12.929,915.08,12.929,648.05,155.05,11.73,71.9,780.3,198.76,0.0,71.9,0.0,0.0,56.422,31.08,100.91,19.905,0,22.407,2.2,132.25,43.70999999999998,-11.73,0.0
imrp_20250224,2025-02-24,55,0,,price_day,55,2025-02-24,,,1399.83,1321.77,78.06,5.577,1321.77,5.577,900.38,230.23,37.49,92.49,1039.62,267.72,0.0,92.49,0.0,0.0,72.582,16.54,130.0,32.771,0,75.173,2.2,139.2399999999999,37.49000000000004,-37.49,0.0
imrp_20250225,2025-02-25,56,0,,price_day,56,2025-02-25,,,1801.18,1743.56,57.62,3.199,1743.56,3.199,1195.16,311.45,39.82,124.33,1334.02,342.83,0.0,124.33,0.0,0.0,97.572,72.8,135.66,17.232,0,92.317,2.3,138.8599999999999,31.379999999999995,-39.82,0.0
imrp_20250226,2025-02-26,57,0,,price_day,57,2025-02-26,,,1888.53,1814.95,73.58,3.896,1814.95,3.896,1243.22,312.96,31.11,131.09,1398.41,359.03,0.0,131.09,0.0,0.0,102.87,85.02,135.22,15.525,0,83.79,2.4,155.19000000000005,46.06999999999999,-31.11,0.0
imrp_20250227,2025-02-27,58,0,,price_day,58,2025-02-27,,,1785.97,1725.61,60.36,3.38,1725.61,3.38,1178.72,300.26,29.34,123.56,1322.8,339.61,0.0,123.56,0.0,0.0,96.965,80.18,131.25,15.567,0,87.907,2.1,144.07999999999993,39.35000000000002,-29.34,0.0
imrp_20250228,2025-02-28,59,0,,price_day,59,2025-02-28,,,1843.84,1777.39,66.45,3.604,1777.39,3.604,1211.92,308.45,28.93,128.42,1365.12,350.31,0.0,128.42,0.0,0.0,100.775,78.64,141.88,17.161,0,93.517,2.0,153.19999999999982,41.860000000000014,-28.93,0.0
imrp_20250301,2025-03-01,60,0,,price_day,9,2025-03-01,,,1810.82,1773.14,37.68,2.081,1773.14,2.081,1225.76,318.64,29.43,125.12,1341.52,344.18,0.0,125.12,0.0,0.0,98.188,80.21,125.87,11.996,0,100.447,2.8,115.75999999999999,25.54000000000002,-29.43,0.0
imrp_20250302,2025-03-02,61,0,,price_day,61,2025-03-02,,,1681.5,1628.4,53.09,3.158,1628.4,3.158,1117.34,290.77,48.54,116.54,1245.82,319.14,0.0,116.54,0.0,0.0,91.457,69.92,124.21,13.037,0,85.83,2.0,128.48000000000002,28.370000000000005,-48.54,0.0
imrp_20250303,2025-03-03,62,0,,price_day,62,2025-03-03,,,1845.43,1777.97,67.46,3.656,1777.97,3.656,1212.69,308.02,29.02,127.95,1366.69,350.78,0.0,127.95,0.0,0.0,100.413,79.23,141.41,16.711,0,91.76,2.1,154.0,42.75999999999999,-29.02,0.0
imrp_20250304,2025-03-04,63,0,,price_day,63,2025-03-04,,,1741.34,1648.9,92.43,5.308,1648.9,5.308,1135.81,282.89,24.43,121.62,1289.32,330.39,0.0,121.62,0.0,0.0,95.444,65.01,131.73,17.163,0,73.357,2.2,153.51,47.5,-24.43,0.0
imrp_20250305,2025-03-05,64,0,,price_day,64,2025-03-05,,,1474.1,1360.11,113.99,7.733,1360.11,7.733,938.33,227.7,9.13,102.4,1092.35,279.35,0.0,102.4,0.0,0.0,80.361,24.93,125.2,25.782,0,75.063,2.1,154.01999999999987,51.650000000000034,-9.13,0.0
imrp_20250306,2025-03-06,65,0,,price_day,65,2025-03-06,,,1497.42,1394.62,102.8,6.865,1394.62,6.865,975.41,241.91,32.08,104.58,1108.82,284.01,0.0,104.58,0.0,0.0,82.071,37.83,118.45,22.001,0,74.2,2.2,133.40999999999997,42.099999999999994,-32.08,0.0
imrp_20250307,2025-03-07,66,0,,price_day,66,2025-03-07,,,1710.44,1668.38,42.06,2.459,1668.38,2.459,1172.38,303.66,30.53,118.45,1266.43,325.57,0.0,118.45,0.0,0.0,92.952,71.25,126.58,12.655,0,85.397,2.3,94.04999999999995,21.909999999999968,-30.53,0.0
imrp_20250308,2025-03-08,67,0,,price_day,10,2025-03-08,,,1517.08,1474.17,42.91,2.829,1474.17,2.829,1018.44,268.35,50.27,105.46,1122.99,288.63,0.0,105.46,0.0,0.0,82.757,58.2,111.28,13.051,0,85.453,3.1,104.54999999999995,20.279999999999973,-50.27,0.0
imrp_20250309,2025-03-09,68,0,,price_day,68,2025-03-09,,,1671.34,1627.59,43.75,2.618,1627.59,2.618,1146.09,288.3,0.0,115.26,1238.22,317.86,0.0,115.26,0.0,0.0,90.455,81.64,121.45,10.631,0,81.107,2.3,92.13000000000011,29.560000000000002,0.0,0.0
imrp_20250310,2025-03-10,69,0,,price_day,69,2025-03-10,,,1616.53,1558.04,58.48,3.618,1558.04,3.618,1063.11,275.83,47.39,111.94,1197.39,307.2,0.0,111.94,0.0,0.0,87.846,71.66,122.26,13.798,0,79.383,2.8,134.2800000000002,31.370000000000005,-47.39,0.0
imrp_20250311,2025-03-11,70,0,,price_day,70,2025-03-11,,,1706.25,1653.37,52.89,3.1,1653.37,3.1,1125.26,288.58,29.16,117.89,1263.83,324.52,0.0,117.89,0.0,0.0,92.519,76.54,129.98,13.923,0,84.47,2.5,138.56999999999994,35.94,-29.16,0.0
imrp_20250312,2025-03-12,71,0,,price_day,71,2025-03-12,,,1764.4,1702.25,62.15,3.522,1702.25,3.522,1159.28,297.01,29.87,121.73,1307.21,335.45,0.0,121.73,0.0,0.0,95.531,80.69,141.63,15.203,0,85.947,2.3,147.93000000000006,38.44,-29.87,0.0
imrp_20250313,2025-03-13,72,0,,price_day,72,2025-03-13,,,1933.81,1870.99,62.82,3.249,1870.99,3.249,1308.56,326.4,0.0,132.97,1432.75,368.09,0.0,132.97,0.0,0.0,104.346,82.69,148.72,17.561,0,93.867,2.2,124.19000000000005,41.69,0.0,0.0
imrp_20250314,2025-03-14,73,0,,price_day,73,2025-03-14,,,1891.23,1830.95,60.28,3.187,1830.95,3.187,1257.93,326.85,40.5,131.37,1400.43,359.43,0.0,131.37,0.0,0.0,103.092,86.79,134.77,15.115,0,94.247,2.4,142.5,32.579999999999984,-40.5,0.0
imrp_20250315,2025-03-15,74,0,,price_day,74,2025-03-15,,,1736.42,1701.82,34.6,1.992,1701.82,1.992,1197.48,312.27,33.5,119.66,1286.76,329.99,0.0,119.66,0.0,0.0,93.907,82.71,126.14,10.324,0,97.153,2.3,89.27999999999997,17.720000000000027,-33.5,0.0
imrp_20250316,2025-03-16,75,0,,price_day,11,2025-03-16,,,1758.17,1705.79,52.38,2.979,1705.79,2.979,1211.43,309.96,21.77,120.98,1302.89,334.3,0.0,120.98,0.0,0.0,94.943,80.24,127.48,11.267,0,85.69,3.2,91.46000000000004,24.340000000000032,-21.77,0.0
imrp_20250317,2025-03-17,76,0,,price_day,76,2025-03-17,,,1810.45,1742.41,68.04,3.758,1742.41,3.758,1201.02,316.46,60.63,125.47,1340.77,344.21,0.0,125.47,0.0,0.0,98.46,80.95,138.78,16.137,0,87.213,2.3,139.75,27.75,-60.63,0.0
imrp_20250318,2025-03-18,77,0,,price_day,77,2025-03-18,,,1717.17,1656.41,60.76,3.539,1656.41,3.539,1137.6,293.8,51.03,119.41,1271.55,326.21,0.0,119.41,0.0,0.0,93.71,79.43,129.02,14.631,0,82.02,2.1,133.95000000000005,32.40999999999997,-51.03,0.0
imrp_20250319,2025-03-19,78,0,,price_day,78,2025-03-19,,,1855.59,1773.26,82.33,4.437,1773.26,4.437,1210.89,307.06,30.3,128.25,1374.41,352.93,0.0,128.25,0.0,0.0,100.643,81.48,153.54,19.686,0,88.557,2.2,163.51999999999998,45.870000000000005,-30.3,0.0
imrp_20250320,2025-03-20,79,0,,price_day,79,2025-03-20,,,1796.9,1728.47,68.44,3.809,1728.47,3.809,1189.25,302.8,29.45,125.08,1330.51,341.31,0.0,125.08,0.0,0.0,98.16,80.46,130.56,15.304,0,83.27,2.2,141.26,38.50999999999999,-29.45,0.0
imrp_20250321,2025-03-21,80,0,,price_day,80,2025-03-21,,,1135.61,941.9,193.71,17.058,941.9,17.058,683.78,152.77,4.06,80.7,841.12,213.78,0.0,80.7,0.0,0.0,63.333,10.86,106.17,32.059,0,17.223,2.4,157.34000000000003,61.00999999999999,-4.06,0.0
imrp_20250322,2025-03-22,81,0,,price_day,81,2025-03-22,,,1472.37,1440.02,32.36,2.198,1440.02,2.198,1020.39,256.91,28.13,95.81,1093.49,283.07,0.0,95.81,0.0,0.0,75.191,14.0,120.41,37.11,0,96.86,2.2,73.10000000000002,26.159999999999968,-28.13,0.0
imrp_20250323,2025-03-23,82,0,,price_day,12,2025-03-23,,,1801.16,1748.18,52.98,2.941,1748.18,2.941,1204.47,309.88,26.99,123.33,1335.42,342.41,0.0,123.33,0.0,0.0,96.783,73.39,124.21,12.347,0,86.65,3.5,130.95000000000005,32.53000000000003,-26.99,0.0
imrp_20250324,2025-03-24,83,0,,price_day,83,2025-03-24,,,1811.11,1723.4,87.71,4.843,1723.4,4.843,1181.85,297.82,26.23,126.03,1341.03,344.05,0.0,126.03,0.0,0.0,98.904,71.24,138.8,19.098,0,83.777,2.2,159.18000000000006,46.23000000000002,-26.23,0.0
imrp_20250325,2025-03-25,84,0,,price_day,84,2025-03-25,,,1778.47,1729.84,48.63,2.734,1729.84,2.734,1210.25,303.03,0.0,122.85,1317.48,338.14,0.0,122.85,0.0,0.0,96.404,80.16,133.61,13.009,0,85.86,2.2,107.23000000000002,35.110000000000014,0.0,0.0
imrp_20250326,2025-03-26,85,0,,price_day,85,2025-03-26,,,1717.5,1659.24,58.26,3.392,1659.24,3.392,1130.65,293.44,51.41,119.32,1271.97,326.22,0.0,119.32,0.0,0.0,93.635,78.36,126.82,14.504,0,85.373,2.2,141.31999999999994,32.78000000000003,-51.41,0.0
imrp_20250327,2025-03-27,86,0,,price_day,86,2025-03-27,,,1612.48,1512.06,100.42,6.228,1512.06,6.228,1048.46,258.57,20.72,112.62,1193.9,305.95,0.0,112.62,0.0,0.0,88.381,55.89,123.49,16.929,0,60.247,2.1,145.44000000000005,47.379999999999995,-20.72,0.0
imrp_20250328,2025-03-28,87,0,,price_day,87,2025-03-28,,,1317.67,1233.63,84.04,6.378,1233.63,6.378,848.35,210.66,30.81,89.94,977.5,250.23,0.0,89.94,0.0,0.0,70.578,23.98,118.67,26.4,0,83.74,2.2,129.14999999999998,39.56999999999999,-30.81,0.0
imrp_20250329,2025-03-29,88,0,,price_day,88,2025-03-29,,,1202.79,1023.67,179.12,14.892,1023.67,14.892,753.49,172.17,3.38,86.22,889.81,226.76,0.0,86.22,0.0,0.0,67.665,8.66,100.86,29.259,0,6.8,2.1,136.31999999999994,54.59,-3.38,0.0
imrp_20250331,2025-03-31,89,0,,price_day,89,2025-03-31,,,1764.2,1683.66,80.54,4.565,1683.66,4.565,1152.39,289.73,25.76,122.07,1306.88,335.24,0.0,122.07,0.0,0.0,95.799,70.06,128.25,18.326,0,84.3,2.1,154.49,45.50999999999999,-25.76,0.0
imrp_20250401,2025-04-01,90,0,,price_day,13,2025-04-01,,,1636.45,1519.8,116.65,7.128,1519.8,7.128,1055.7,260.12,21.58,114.24,1211.76,310.45,0.0,114.24,0.0,0.0,89.653,58.48,126.99,19.276,0,55.87,3.2,156.05999999999995,50.329999999999984,-21.58,0.0
imrp_20250402,2025-04-02,91,0,,price_day,91,2025-04-02,,,1372.62,1239.72,132.9,9.682,1239.72,9.682,865.44,206.33,11.5,95.33,1016.66,260.64,0.0,95.33,0.0,0.0,74.812,31.41,116.08,26.731,0,52.233,2.2,151.2199999999999,54.309999999999974,-11.5,0.0
imrp_20250403,2025-04-03,92,0,,price_day,92,2025-04-03,,,1280.04,1144.93,135.11,10.555,1144.93,10.555,789.21,178.94,1.46,89.01,948.57,242.47,0.0,89.01,0.0,0.0,69.85,3.65,119.58,36.636,0,79.15,2.1,159.36,63.53,-1.46,0.0
imrp_20250404,2025-04-04,93,0,,price_day,93,2025-04-04,,,1363.5,1231.02,132.48,9.716,1231.02,9.716,852.72,194.46,3.14,95.84,1009.92,257.75,0.0,95.84,0.0,0.0,75.209,8.02,115.24,32.298,0,70.073,2.2,157.19999999999993,63.28999999999999,-3.14,0.0
imrp_20250405,2025-04-05,94,4,0.0,price_day,94,2025-04-05,4.0,0.0,1045.46,928.11,117.35,11.225,928.11,11.225,638.11,143.97,0.0,72.0,776.22,197.24,0.0,72.0,0.0,0.0,56.502,0.0,109.32,34.511,0,60.32,8.3,138.11,53.27000000000001,0.0,0.0
imrp_20250406,2025-04-06,95,0,,price_day,95,2025-04-06,,,1247.97,1162.35,85.62,6.861,1162.35,6.861,804.52,198.87,28.05,84.99,925.91,237.06,0.0,84.99,0.0,0.0,66.699,24.72,109.76,24.933,0,71.823,2.1,121.38999999999999,38.19,-28.05,0.0
imrp_20250407,2025-04-07,96,0,,price_day,96,2025-04-07,,,1634.2,1536.9,97.3,5.954,1536.9,5.954,1056.77,264.46,23.63,113.53,1210.2,310.47,0.0,113.53,0.0,0.0,89.093,63.79,131.53,20.771,0,71.327,2.2,153.43000000000006,46.01000000000005,-23.63,0.0
imrp_20250408,2025-04-08,97,0,,price_day,14,2025-04-08,,,1562.2,1484.32,77.88,4.985,1484.32,4.985,1011.97,255.08,24.7,108.34,1157.04,296.82,0.0,108.34,0.0,0.0,85.024,67.32,125.13,18.66,0,75.72,3.4,145.06999999999994,41.73999999999998,-24.7,0.0
imrp_20250409,2025-04-09,98,0,,price_day,98,2025-04-09,,,1548.51,1486.15,62.37,4.028,1486.15,4.028,1012.67,252.88,25.23,107.92,1146.52,294.08,0.0,107.92,0.0,0.0,84.688,68.95,120.71,15.048,0,72.807,5.1,133.85000000000002,41.19999999999999,-25.23,0.0
imrp_20250410,2025-04-10,99,0,,price_day,99,2025-04-10,,,1522.0,1466.54,55.45,3.644,1466.54,3.644,1001.51,254.45,23.41,105.95,1126.81,289.25,0.0,105.95,0.0,0.0,83.141,63.66,109.09,13.072,0,71.783,2.2,125.29999999999995,34.80000000000001,-23.41,0.0
imrp_20250411,2025-04-11,100,0,,price_day,100,2025-04-11,,,1504.58,1464.07,40.51,2.693,1464.07,2.693,1022.75,260.95,23.16,103.8,1114.7,286.08,0.0,103.8,0.0,0.0,81.455,63.03,108.3,13.388,0,83.487,2.1,91.95000000000005,25.129999999999995,-23.16,0.0
imrp_20250412,2025-04-12,101,0,,price_day,101,2025-04-12,,,1399.27,1333.99,65.28,4.665,1333.99,4.665,944.41,226.79,11.14,97.5,1036.68,265.08,0.0,97.5,0.0,0.0,76.517,29.18,99.63,18.51,0,77.937,2.2,92.2700000000001,38.28999999999999,-11.14,0.0
imrp_20250413,2025-04-13,102,0,,price_day,102,2025-04-13,,,1333.75,1266.44,67.32,5.047,1266.44,5.047,862.03,215.26,13.94,89.75,990.43,253.57,0.0,89.75,0.0,0.0,70.434,37.37,100.96,16.84,0,70.373,2.1,128.39999999999998,38.31,-13.94,0.0
imrp_20250414,2025-04-14,103,0,,price_day,103,2025-04-14,,,1486.64,1415.26,71.39,4.802,1415.26,4.802,972.7,249.83,30.46,103.3,1100.91,282.43,0.0,103.3,0.0,0.0,81.062,64.99,115.05,16.128,0,73.337,2.2,128.21000000000004,32.599999999999994,-30.46,0.0
imrp_20250415,2025-04-15,104,0,,price_day,15,2025-04-15,,,1548.41,1490.02,58.39,3.771,1490.02,3.771,1008.38,263.03,43.83,107.26,1146.9,294.26,0.0,107.26,0.0,0.0,84.171,65.89,104.64,10.901,0,65.593,3.0,138.5200000000001,31.230000000000018,-43.83,0.0
imrp_20250416,2025-04-16,105,0,,price_day,105,2025-04-16,,,1238.69,1134.14,104.55,8.441,1134.14,8.441,757.82,187.18,25.42,84.06,919.75,234.89,0.0,84.06,0.0,0.0,65.967,28.34,109.29,23.051,0,71.72,2.0,161.92999999999995,47.70999999999998,-25.42,0.0
imrp_20250417,2025-04-17,106,0,,price_day,106,2025-04-17,,,1554.94,1514.78,40.16,2.583,1514.78,2.583,1053.51,261.05,24.96,107.6,1151.6,295.73,0.0,107.6,0.0,0.0,84.443,68.03,108.39,13.253,0,83.987,2.1,98.08999999999992,34.68000000000001,-24.96,0.0
imrp_20250418,2025-04-18,107,0,,price_day,107,2025-04-18,,,1458.66,1393.23,65.43,4.486,1393.23,4.486,956.85,238.05,19.06,101.77,1080.1,276.79,0.0,101.77,0.0,0.0,79.867,50.82,99.31,12.432,0,60.977,2.2,123.24999999999989,38.74000000000001,-19.06,0.0
imrp_20250419,2025-04-19,108,0,,price_day,108,2025-04-19,,,1325.29,1276.6,48.69,3.674,1276.6,3.674,875.78,217.71,15.74,89.9,983.21,252.18,0.0,89.9,0.0,0.0,70.552,40.29,101.95,16.34,0,77.33,2.1,107.43000000000006,34.47,-15.74,0.0
imrp_20250420,2025-04-20,109,0,,price_day,109,2025-04-20,,,1552.18,1524.43,27.75,1.788,1524.43,1.788,1070.18,272.45,0.0,106.87,1149.96,295.35,0.0,106.87,0.0,0.0,83.869,74.69,107.48,9.179,0,81.543,2.0,79.77999999999997,22.900000000000034,0.0,0.0
imrp_20250421,2025-04-21,110,0,,price_day,110,2025-04-21,,,1609.45,1573.34,36.11,2.244,1573.34,2.244,1098.61,275.74,0.0,110.95,1192.4,306.1,0.0,110.95,0.0,0.0,87.069,73.94,110.39,9.258,0,79.177,2.1,93.79000000000019,30.360000000000014,0.0,0.0
imrp_20250422,2025-04-22,111,0,,price_day,111,2025-04-22,,,1630.1,1558.73,71.37,4.378,1558.73,4.378,1067.6,266.6,25.25,113.45,1206.95,309.7,0.0,113.45,0.0,0.0,89.027,68.21,121.04,15.878,0,73.943,2.1,139.35000000000014,43.099999999999966,-25.25,0.0
imrp_20250423,2025-04-23,112,0,,price_day,16,2025-04-23,,,1625.31,1564.43,60.88,3.746,1564.43,3.746,1070.28,273.38,27.08,112.24,1203.81,309.26,0.0,112.24,0.0,0.0,88.081,72.21,119.07,14.302,0,73.33,2.9,133.52999999999997,35.879999999999995,-27.08,0.0
imrp_20250424,2025-04-24,113,0,,price_day,113,2025-04-24,,,1545.82,1495.19,50.63,3.275,1495.19,3.275,1020.81,260.12,25.79,107.13,1144.74,293.95,0.0,107.13,0.0,0.0,84.068,70.38,107.5,12.518,0,71.477,2.3,123.93000000000006,33.829999999999984,-25.79,0.0
imrp_20250425,2025-04-25,114,0,,price_day,114,2025-04-25,,,1496.59,1455.84,40.75,2.723,1455.84,2.723,991.21,253.61,24.92,103.86,1108.18,284.56,0.0,103.86,0.0,0.0,81.504,67.93,103.85,11.48,0,74.43,2.1,116.97000000000003,30.94999999999999,-24.92,0.0
imrp_20250426,2025-04-26,115,0,,price_day,115,2025-04-26,,,1473.42,1441.0,32.42,2.2,1441.0,2.2,990.52,253.63,25.39,101.61,1091.59,280.22,0.0,101.61,0.0,0.0,79.74,69.17,97.6,8.88,0,74.22,2.1,101.06999999999994,26.590000000000032,-25.39,0.0
imrp_20250427,2025-04-27,116,0,,price_day,116,2025-04-27,,,969.86,868.69,101.17,10.431,868.69,10.431,589.51,134.65,0.88,66.5,720.33,183.02,0.0,66.5,0.0,0.0,52.185,2.23,99.53,30.919,0,65.58,2.2,130.82000000000005,48.370000000000005,-0.88,0.0
imrp_20250428,2025-04-28,117,0,,price_day,117,2025-04-28,,,1453.2,1390.26,62.94,4.331,1390.26,4.331,943.52,236.75,21.8,100.51,1076.38,276.3,0.0,100.51,0.0,0.0,78.879,59.27,111.33,16.603,0,72.347,2.1,132.86000000000013,39.55000000000001,-21.8,0.0
imrp_20250429,2025-04-29,118,0,,price_day,118,2025-04-29,,,1457.6,1404.08,53.51,3.671,1404.08,3.671,957.33,242.49,22.32,101.33,1079.36,276.9,0.0,101.33,0.0,0.0,79.522,60.75,106.61,13.595,0,71.13,2.3,122.02999999999986,34.40999999999997,-22.32,0.0
imrp_20250430,2025-04-30,119,0,,price_day,17,2025-04-30,,,1454.66,1407.97,46.69,3.21,1407.97,3.21,958.84,243.56,22.5,101.1,1077.21,276.36,0.0,101.1,0.0,0.0,79.336,60.87,105.03,12.777,0,73.907,2.9,118.37,32.80000000000001,-22.5,0.0
imrp_20250501,2025-05-01,120,0,,price_day,120,2025-05-01,,,1421.9,1372.61,49.29,3.467,1372.61,3.467,933.42,237.18,21.13,98.63,1053.17,270.1,0.0,98.63,0.0,0.0,77.399,57.6,101.29,11.492,0,68.81,2.2,119.75000000000011,32.920000000000016,-21.13,0.0
imrp_20250502,2025-05-02,121,0,,price_day,121,2025-05-02,,,1409.17,1368.69,40.48,2.873,1368.69,2.873,957.18,245.65,22.04,97.17,1044.11,267.9,0.0,97.17,0.0,0.0,76.255,58.49,99.47,11.828,0,76.74,2.1,86.92999999999995,22.24999999999997,-22.04,0.0
imrp_20250503,2025-05-03,122,0,,price_day,122,2025-05-03,,,923.17,807.2,115.96,12.562,807.2,12.562,567.3,126.05,1.01,65.94,683.71,173.51,0.0,65.94,0.0,0.0,51.745,2.34,78.88,29.469,0,36.643,2.0,116.41000000000008,47.459999999999994,-1.01,0.0
imrp_20250504,2025-05-04,123,0,,price_day,123,2025-05-04,,,759.75,696.87,62.88,8.276,696.87,8.276,465.83,106.51,2.23,48.23,566.85,144.68,0.0,48.23,0.0,0.0,37.845,6.03,96.04,33.146,0,67.23,2.2,101.02000000000004,38.17,-2.23,0.0
imrp_20250505,2025-05-05,124,0,,price_day,124,2025-05-05,,,1446.12,1416.51,29.61,2.048,1416.51,2.048,971.62,247.77,17.5,99.86,1071.12,275.14,0.0,99.86,0.0,0.0,78.368,64.81,99.98,9.632,0,71.767,2.0,99.49999999999989,27.369999999999976,-17.5,0.0
imrp_20250506,2025-05-06,125,0,,price_day,125,2025-05-06,,,1523.69,1470.44,53.25,3.495,1470.44,3.495,1004.65,255.13,22.81,105.56,1128.43,289.7,0.0,105.56,0.0,0.0,82.84,61.68,110.6,13.483,0,73.89,2.0,123.78000000000009,34.56999999999999,-22.81,0.0
imrp_20250507,2025-05-07,126,0,,price_day,126,2025-05-07,,,1552.51,1500.14,52.37,3.374,1500.14,3.374,1022.58,260.98,25.79,108.01,1149.41,295.08,0.0,108.01,0.0,0.0,84.765,70.28,113.68,13.281,0,74.46,2.2,126.83000000000004,34.099999999999966,-25.79,0.0
imrp_20250508,2025-05-08,127,0,,price_day,18,2025-05-08,,,1571.33,1519.57,51.76,3.294,1519.57,3.294,1035.67,263.55,24.72,109.24,1163.39,298.71,0.0,109.24,0.0,0.0,85.723,67.44,113.87,13.745,0,77.65,3.1,127.72000000000003,35.15999999999997,-24.72,0.0
imrp_20250509,2025-05-09,128,0,,price_day,128,2025-05-09,,,1541.01,1499.83,41.18,2.672,1499.83,2.672,1025.23,265.33,24.84,107.61,1140.79,292.61,0.0,107.61,0.0,0.0,84.448,67.46,112.43,12.678,0,81.55,2.2,115.55999999999995,27.28000000000003,-24.84,0.0
imrp_20250510,2025-05-10,129,0,,price_day,129,2025-05-10,,,1237.79,1142.02,95.77,7.737,1142.02,7.737,787.88,186.49,3.91,86.79,917.19,233.81,0.0,86.79,0.0,0.0,68.11,10.48,105.41,28.886,0,70.447,1.9,129.31000000000006,47.31999999999999,-3.91,0.0
imrp_20250511,2025-05-11,130,0,,price_day,130,2025-05-11,,,977.57,878.06,99.5,10.178,878.06,10.178,598.17,137.73,1.35,66.42,726.41,184.74,0.0,66.42,0.0,0.0,52.123,3.47,98.26,29.817,0,61.853,1.8,128.24,47.01000000000002,-1.35,0.0
imrp_20250512,2025-05-12,131,0,,price_day,131,2025-05-12,,,1458.25,1408.94,49.31,3.382,1408.94,3.382,963.11,244.73,22.01,100.78,1079.96,277.51,0.0,100.78,0.0,0.0,79.085,59.51,100.19,13.652,0,70.61,2.2,116.85000000000002,32.78,-22.01,0.0
imrp_20250513,2025-05-13,132,0,,price_day,132,2025-05-13,,,1503.15,1455.55,47.6,3.167,1455.55,3.167,991.95,253.34,24.52,104.31,1113.05,285.79,0.0,104.31,0.0,0.0,81.862,66.82,108.45,13.216,0,74.757,2.1,121.09999999999991,32.45000000000002,-24.52,0.0
imrp_20250514,2025-05-14,133,0,,price_day,133,2025-05-14,,,1435.22,1380.01,55.21,3.847,1380.01,3.847,941.14,235.11,21.98,99.88,1062.76,272.57,0.0,99.88,0.0,0.0,78.382,59.93,100.75,12.187,0,65.273,2.1,121.62,37.45999999999998,-21.98,0.0
imrp_20250515,2025-05-15,134,0,,price_day,19,2025-05-15,,,1485.32,1446.42,38.9,2.619,1446.42,2.619,983.5,251.38,24.28,102.12,1100.46,282.74,0.0,102.12,0.0,0.0,80.142,62.48,101.74,12.046,0,73.7,2.8,116.96000000000004,31.360000000000014,-24.28,0.0
imrp_20250516,2025-05-16,135,0,,price_day,135,2025-05-16,,,1365.68,1316.17,49.52,3.626,1316.17,3.626,924.98,233.21,16.09,94.9,1011.62,259.16,0.0,94.9,0.0,0.0,74.474,43.77,96.21,14.436,0,77.75,2.2,86.63999999999999,25.950000000000017,-16.09,0.0
imrp_20250517,2025-05-17,136,0,,price_day,136,2025-05-17,,,1331.88,1273.33,58.54,4.396,1273.33,4.396,895.88,222.71,10.98,92.44,986.98,252.46,0.0,92.44,0.0,0.0,72.541,28.99,97.36,18.613,0,81.867,2.1,91.10000000000002,29.75,-10.98,0.0
imrp_20250518,2025-05-18,137,0,,price_day,137,2025-05-18,,,1414.98,1368.63,46.36,3.276,1368.63,3.276,941.74,239.51,16.23,98.15,1048.33,268.5,0.0,98.15,0.0,0.0,77.021,44.03,100.36,14.375,0,77.147,2.2,106.58999999999992,28.99000000000001,-16.23,0.0
imrp_20250519,2025-05-19,138,0,,price_day,138,2025-05-19,,,1571.71,1522.17,49.53,3.152,1522.17,3.152,1035.67,263.73,25.21,109.09,1163.88,298.74,0.0,109.09,0.0,0.0,85.609,68.86,114.05,13.18,0,77.943,2.3,128.21000000000004,35.00999999999999,-25.21,0.0
imrp_20250520,2025-05-20,139,0,,price_day,139,2025-05-20,,,1578.43,1537.86,40.57,2.57,1537.86,2.57,1044.93,267.01,26.24,108.97,1169.63,299.83,0.0,108.97,0.0,0.0,85.512,71.45,115.7,13.277,0,83.193,2.2,124.70000000000005,32.81999999999999,-26.24,0.0
imrp_20250521,2025-05-21,140,0,,price_day,140,2025-05-21,,,1571.58,1523.52,48.05,3.058,1523.52,3.058,1038.17,264.62,23.61,108.77,1164.28,298.53,0.0,108.77,0.0,0.0,85.354,63.92,105.64,11.607,0,76.933,2.3,126.1099999999999,33.90999999999997,-23.61,0.0
imrp_20250522,2025-05-22,141,0,,price_day,20,2025-05-22,,,1595.38,1558.62,36.77,2.305,1558.62,2.305,1068.81,272.92,26.29,109.96,1182.0,303.43,0.0,109.96,0.0,0.0,86.292,69.97,107.42,11.501,0,82.147,2.9,113.19000000000005,30.50999999999999,-26.29,0.0
imrp_20250523,2025-05-23,142,0,,price_day,142,2025-05-23,,,1626.9,1588.3,38.59,2.372,1588.3,2.372,1110.09,279.3,0.0,112.44,1205.18,309.28,0.0,112.44,0.0,0.0,88.237,73.85,109.7,10.001,0,79.083,2.8,95.09000000000015,29.97999999999996,0.0,0.0
imrp_20250524,2025-05-24,143,2,0.0,price_day,143,2025-05-24,2.0,0.0,1139.71,976.08,163.63,14.357,976.08,14.357,717.58,169.3,10.59,78.47,845.74,215.49,0.0,78.47,0.0,0.0,61.582,15.06,100.42,23.331,0,0.113,2.9,128.15999999999997,46.19,-10.59,0.0
imrp_20250525,2025-05-25,144,16,0.0,price_day,144,2025-05-25,16.0,0.0,239.4,176.92,62.49,26.101,176.92,26.101,131.94,26.14,0.0,13.91,179.76,45.74,0.0,13.91,0.0,0.0,10.913,0.0,55.89,19.874,0,4.213,3.8,47.81999999999999,19.6,0.0,0.0
imrp_20250526,2025-05-26,145,5,0.0,price_day,145,2025-05-26,5.0,0.0,546.82,435.01,111.81,20.447,435.01,20.447,311.89,65.44,0.96,33.7,408.71,104.4,0.0,33.7,0.0,0.0,26.45,0.0,91.21,32.18,0,18.937,2.9,96.82,38.96000000000001,-0.96,0.0
imrp_20250527,2025-05-27,146,0,,price_day,146,2025-05-27,,,1209.41,1135.03,74.39,6.151,1135.03,6.151,783.36,194.33,16.5,78.86,899.05,231.5,0.0,78.86,0.0,0.0,61.886,15.0,110.57,30.362,0,50.797,2.3,115.68999999999994,37.16999999999999,-16.5,0.0
imrp_20250528,2025-05-28,147,0,,price_day,147,2025-05-28,,,1492.32,1446.77,45.55,3.053,1446.77,3.053,967.16,248.06,36.79,101.58,1106.32,284.42,0.0,101.58,0.0,0.0,79.716,42.41,111.37,19.865,0,83.74,2.2,139.15999999999997,36.360000000000014,-36.79,0.0
imrp_20250529,2025-05-29,148,0,,price_day,148,2025-05-29,,,846.36,716.28,130.08,15.369,716.28,15.369,508.1,109.37,0.11,60.23,627.46,158.67,0.0,60.23,0.0,0.0,47.266,0.2,84.13,29.451,0,29.973,2.2,119.36000000000001,49.29999999999998,-0.11,0.0
imrp_20250530,2025-05-30,149,0,,price_day,21,2025-05-30,,,1177.98,1144.35,33.63,2.855,1144.35,2.855,784.49,191.52,0.0,77.12,875.47,225.39,0.0,77.12,0.0,0.0,60.518,25.12,111.59,27.956,0,81.96,2.6,90.98000000000002,33.869999999999976,0.0,0.0
imrp_20250531,2025-05-31,150,4,0.0,price_day,150,2025-05-31,4.0,0.0,1047.96,932.93,115.03,10.977,932.93,10.977,647.14,147.29,0.0,73.9,776.87,197.19,0.0,73.9,0.0,0.0,57.99,0.0,95.44,34.35,0,55.163,3.3,129.73000000000002,49.900000000000006,0.0,0.0
imrp_20250601,2025-06-01,151,9,0.0,price_day,151,2025-06-01,9.0,0.0,544.68,453.4,91.28,16.759,453.4,16.759,300.56,65.39,4.86,35.44,407.01,102.23,0.0,35.44,0.0,0.0,27.813,0.0,78.28,28.898,0,50.167,4.1,106.44999999999999,36.84,-4.86,0.0
imrp_20250602,2025-06-02,152,0,,price_day,152,2025-06-02,,,1218.04,1074.61,143.43,11.776,1074.61,11.776,779.76,187.8,11.67,85.06,901.77,231.21,0.0,85.06,0.0,0.0,66.75,29.13,95.72,20.095,0,8.207,2.1,122.00999999999999,43.41,-11.67,0.0
imrp_20250603,2025-06-03,153,5,0.0,price_day,153,2025-06-03,5.0,0.0,583.19,494.72,88.47,15.169,494.72,15.169,327.08,67.32,1.48,36.69,435.49,111.01,0.0,36.69,0.0,0.0,28.791,0.0,90.56,32.308,0,50.693,4.1,108.41000000000003,43.69000000000001,-1.48,0.0
imrp_20250604,2025-06-04,154,0,,price_day,154,2025-06-04,,,1076.17,971.4,104.77,9.735,971.4,9.735,662.06,153.77,5.12,73.1,799.1,203.97,0.0,73.1,0.0,0.0,57.365,13.84,103.31,28.646,0,63.257,2.3,137.04000000000008,50.19999999999999,-5.12,0.0
imrp_20250605,2025-06-05,155,0,,price_day,155,2025-06-05,,,1381.17,1304.27,76.9,5.568,1304.27,5.568,896.22,222.14,14.73,94.78,1023.97,262.42,0.0,94.78,0.0,0.0,74.375,39.22,103.07,18.104,0,62.85,7.8,127.75,40.28000000000003,-14.73,0.0
imrp_20250606,2025-06-06,156,0,,price_day,22,2025-06-06,,,1392.35,1325.13,67.22,4.828,1325.13,4.828,904.82,222.2,35.53,94.95,1032.72,264.68,0.0,94.95,0.0,0.0,74.515,47.26,103.36,19.991,0,80.273,3.4,127.89999999999998,42.48000000000002,-35.53,0.0
imrp_20250607,2025-06-07,157,0,,price_day,157,2025-06-07,,,1539.65,1468.94,70.71,4.593,1468.94,4.593,1012.33,254.11,23.12,106.51,1140.83,292.32,0.0,106.51,0.0,0.0,83.581,62.9,103.41,10.872,0,57.21,2.4,128.4999999999999,38.20999999999998,-23.12,0.0
imrp_20250608,2025-06-08,158,1,0.0,price_day,158,2025-06-08,1.0,0.0,928.8,820.14,108.65,11.698,820.14,11.698,556.92,126.76,0.11,59.63,692.95,176.22,0.0,59.63,0.0,0.0,46.797,0.0,108.02,36.312,0,62.503,2.4,136.0300000000001,49.459999999999994,-0.11,0.0
imrp_20250609,2025-06-09,159,0,,price_day,159,2025-06-09,,,1538.97,1475.15,63.82,4.147,1475.15,4.147,1035.44,257.25,0.0,104.92,1141.11,292.93,0.0,104.92,0.0,0.0,82.337,56.76,113.63,15.611,0,63.66,2.2,105.66999999999985,35.68000000000001,0.0,0.0
imrp_20250610,2025-06-10,160,0,,price_day,160,2025-06-10,,,1508.35,1466.86,41.49,2.751,1466.86,2.751,997.4,253.07,18.47,101.96,1118.97,287.42,0.0,101.96,0.0,0.0,80.013,50.23,111.79,16.454,0,80.16,2.1,121.57000000000005,34.35000000000002,-18.47,0.0
imrp_20250611,2025-06-11,161,0,,price_day,161,2025-06-11,,,1469.05,1393.94,75.11,5.113,1393.94,5.113,961.15,239.62,20.15,102.15,1088.27,278.62,0.0,102.15,0.0,0.0,80.165,53.7,103.2,11.853,0,55.513,2.0,127.12,39.0,-20.15,0.0
imrp_20250612,2025-06-12,162,0,,price_day,162,2025-06-12,,,944.68,856.74,87.93,9.308,856.74,9.308,561.23,132.97,17.73,63.51,702.38,178.79,0.0,63.51,0.0,0.0,49.84,8.99,100.87,29.673,0,73.977,2.1,141.14999999999998,45.81999999999999,-17.73,0.0
imrp_20250613,2025-06-13,163,0,,price_day,163,2025-06-13,,,1539.24,1506.48,32.76,2.128,1506.48,2.128,1051.54,269.72,22.85,106.26,1140.25,292.73,0.0,106.26,0.0,0.0,83.389,62.17,105.12,12.651,0,87.64,2.2,88.71000000000004,23.00999999999999,-22.85,0.0
imrp_20250614,2025-06-14,164,0,,price_day,23,2025-06-14,,,1268.06,1177.16,90.9,7.169,1177.16,7.169,810.82,190.95,2.87,88.58,939.94,239.55,0.0,88.58,0.0,0.0,69.514,7.8,99.06,28.398,0,76.083,3.2,129.12,48.60000000000002,-2.87,0.0
imrp_20250615,2025-06-15,165,0,,price_day,165,2025-06-15,,,1167.32,1085.69,81.63,6.993,1085.69,6.993,732.41,174.19,5.23,79.53,866.76,221.02,0.0,79.53,0.0,0.0,62.415,14.19,106.48,29.028,0,78.877,2.6,134.35000000000002,46.83000000000001,-5.23,0.0
imrp_20250616,2025-06-16,166,0,,price_day,166,2025-06-16,,,1603.87,1533.03,70.84,4.417,1533.03,4.417,1047.95,265.43,24.46,111.04,1188.27,304.56,0.0,111.04,0.0,0.0,87.138,66.7,118.92,14.462,0,68.38,2.6,140.31999999999994,39.129999999999995,-24.46,0.0
imrp_20250617,2025-06-17,167,0,,price_day,167,2025-06-17,,,1533.46,1480.55,52.91,3.45,1480.55,3.45,1001.22,252.82,22.77,104.87,1136.81,291.78,0.0,104.87,0.0,0.0,82.296,62.17,121.13,18.15,0,83.537,2.7,135.58999999999992,38.95999999999998,-22.77,0.0
imrp_20250618,2025-06-18,168,0,,price_day,168,2025-06-18,,,1642.2,1602.09,40.12,2.443,1602.09,2.443,1119.35,282.64,24.04,113.61,1216.47,312.13,0.0,113.61,0.0,0.0,89.156,65.51,116.07,14.5,0,93.133,2.9,97.12000000000012,29.49000000000001,-24.04,0.0
imrp_20250619,2025-06-19,169,0,,price_day,169,2025-06-19,,,1691.32,1647.37,43.95,2.599,1647.37,2.599,1121.45,287.98,28.39,117.1,1253.0,321.23,0.0,117.1,0.0,0.0,91.891,77.56,114.11,10.478,0,81.943,2.9,131.54999999999995,33.25,-28.39,0.0
imrp_20250620,2025-06-20,170,0,,price_day,170,2025-06-20,,,1680.41,1630.04,50.37,2.998,1630.04,2.998,1110.37,281.62,23.68,115.93,1245.06,319.43,0.0,115.93,0.0,0.0,90.975,63.89,119.03,15.127,0,88.753,2.7,134.69000000000005,37.81,-23.68,0.0
imrp_20250621,2025-06-21,171,0,,price_day,24,2025-06-21,,,1435.64,1337.28,98.36,6.851,1337.28,6.851,915.17,218.84,6.37,99.83,1064.18,271.64,0.0,99.83,0.0,0.0,78.339,17.08,115.33,28.558,0,80.6,2.9,149.0100000000001,52.79999999999998,-6.37,0.0
imrp_20250622,2025-06-22,172,5,0.0,price_day,172,2025-06-22,5.0,0.0,841.51,665.64,175.87,20.899,665.64,20.899,481.03,100.45,0.0,57.42,626.2,157.88,0.0,57.42,0.0,0.0,45.062,0.0,108.17,37.775,0,21.407,6.2,145.17000000000007,57.42999999999999,0.0,0.0
imrp_20250623,2025-06-23,173,7,0.0,price_day,173,2025-06-23,7.0,0.0,493.56,384.18,109.38,22.161,384.18,22.161,258.4,51.6,0.48,31.02,369.29,93.25,0.0,31.02,0.0,0.0,24.341,0.0,84.3,28.971,0,35.393,3.2,110.89000000000004,41.65,-0.48,0.0
imrp_20250624,2025-06-24,174,0,,price_day,174,2025-06-24,,,886.88,790.54,96.34,10.862,790.54,10.862,520.93,118.42,10.21,58.55,660.12,168.21,0.0,58.55,0.0,0.0,45.945,1.46,108.13,34.733,0,71.093,2.5,139.19000000000005,49.790000000000006,-10.21,0.0
imrp_20250625,2025-06-25,175,0,,price_day,175,2025-06-25,,,1642.49,1593.45,49.05,2.986,1593.45,2.986,1084.44,275.55,25.77,113.05,1216.82,312.62,0.0,113.05,0.0,0.0,88.718,70.12,116.28,14.919,0,80.213,3.1,132.37999999999988,37.06999999999999,-25.77,0.0
imrp_20250626,2025-06-26,176,0,,price_day,176,2025-06-26,,,1332.24,1256.33,75.91,5.698,1256.33,5.698,860.94,211.65,11.12,93.04,986.9,252.3,0.0,93.04,0.0,0.0,73.017,29.83,99.78,20.777,0,71.18,3.5,125.95999999999992,40.650000000000006,-11.12,0.0
imrp_20250627,2025-06-27,177,0,,price_day,177,2025-06-27,,,1146.18,1037.91,108.27,9.446,1037.91,9.446,721.99,168.08,5.34,80.19,849.39,216.61,0.0,80.19,0.0,0.0,62.929,14.4,93.8,24.754,0,48.913,3.8,127.39999999999998,48.53,-5.34,0.0
imrp_20250628,2025-06-28,178,3,0.0,price_day,178,2025-06-28,3.0,0.0,766.36,685.82,80.55,10.51,685.82,10.51,457.02,101.97,0.0,50.38,571.01,144.98,0.0,50.38,0.0,0.0,39.535,0.0,97.43,33.359,0,70.22,3.7,113.99000000000001,43.00999999999999,0.0,0.0
imrp_20250629,2025-06-29,179,0,,price_day,179,2025-06-29,,,1394.28,1355.23,39.04,2.8,1355.23,2.8,916.0,233.18,22.08,95.36,1033.83,265.09,0.0,95.36,0.0,0.0,74.831,58.41,101.26,12.195,0,73.493,4.4,117.82999999999993,31.909999999999968,-22.08,0.0
imrp_20250630,2025-06-30,180,0,,price_day,180,2025-06-30,,,1470.4,1390.23,80.17,5.452,1390.23,5.452,948.61,234.81,16.49,101.13,1090.16,279.11,0.0,101.13,0.0,0.0,79.363,45.04,118.38,21.417,0,73.5,3.6,141.55000000000007,44.30000000000001,-16.49,0.0
imrp_20250701,2025-07-01,181,0,,price_day,181,2025-07-01,,,1813.97,1693.39,120.58,6.648,1693.39,6.648,1160.68,288.44,24.69,122.56,1346.17,345.24,0.0,122.56,0.0,0.0,96.179,67.32,177.68,32.209,0,78.803,3.1,185.49,56.80000000000001,-24.69,0.0
imrp_20250702,2025-07-02,182,0,,price_day,182,2025-07-02,,,1609.52,1532.11,77.4,4.809,1532.11,4.809,1047.02,263.8,22.4,110.31,1193.4,305.81,0.0,110.31,0.0,0.0,86.563,60.69,128.64,18.865,0,72.083,2.9,146.3800000000001,42.00999999999999,-22.4,0.0
imrp_20250703,2025-07-03,183,0,,price_day,183,2025-07-03,,,1389.23,1329.91,59.32,4.27,1329.91,4.27,907.45,225.87,15.49,96.4,1029.12,263.72,0.0,96.4,0.0,0.0,75.648,41.57,101.19,17.692,0,74.833,4.0,121.66999999999985,37.85000000000002,-15.49,0.0
imrp_20250704,2025-07-04,184,0,,price_day,184,2025-07-04,,,1074.83,950.95,123.89,11.526,950.95,11.526,670.28,152.6,2.23,75.63,796.47,202.72,0.0,75.63,0.0,0.0,59.354,6.06,88.41,28.264,0,39.5,3.8,126.19000000000005,50.120000000000005,-2.23,0.0
imrp_20250705,2025-07-05,185,1,0.0,price_day,185,2025-07-05,1.0,0.0,684.38,615.64,68.74,10.044,615.64,10.044,400.42,88.79,0.27,44.29,510.47,129.61,0.0,44.29,0.0,0.0,34.76,0.0,92.49,33.164,0,69.003,3.4,110.05000000000001,40.82000000000001,-0.27,0.0
imrp_20250706,2025-07-06,186,0,,price_day,26,2025-07-06,,,1360.5,1322.25,38.24,2.811,1322.25,2.811,902.78,227.29,19.37,92.93,1009.14,258.43,0.0,92.93,0.0,0.0,72.925,52.33,95.79,13.068,0,75.55,5.3,106.36000000000001,31.140000000000015,-19.37,0.0
imrp_20250707,2025-07-07,187,0,,price_day,187,2025-07-07,,,1181.58,1078.22,103.36,8.748,1078.22,8.748,718.78,175.58,25.32,81.47,876.72,223.39,0.0,81.47,0.0,0.0,63.931,16.49,93.63,24.242,0,63.15,3.2,157.94000000000005,47.809999999999974,-25.32,0.0
imrp_20250708,2025-07-08,188,0,,price_day,188,2025-07-08,,,1390.27,1335.34,54.92,3.951,1335.34,3.951,902.87,226.96,20.44,95.25,1030.6,264.42,0.0,95.25,0.0,0.0,74.748,55.84,106.9,16.632,0,74.097,3.0,127.7299999999999,37.46000000000001,-20.44,0.0
imrp_20250709,2025-07-09,189,0,,price_day,189,2025-07-09,,,1547.02,1501.37,45.65,2.951,1501.37,2.951,1023.28,261.26,25.69,106.75,1146.09,294.19,0.0,106.75,0.0,0.0,83.77,70.2,111.14,13.238,0,76.653,3.3,122.80999999999995,32.93000000000001,-25.69,0.0
imrp_20250710,2025-07-10,190,0,,price_day,190,2025-07-10,,,1552.83,1506.4,46.43,2.99,1506.4,2.99,1025.0,260.86,25.25,106.85,1150.75,295.23,0.0,106.85,0.0,0.0,83.853,69.01,114.88,14.394,0,80.273,3.7,125.75,34.370000000000005,-25.25,0.0
imrp_20250711,2025-07-11,191,0,,price_day,191,2025-07-11,,,1541.48,1506.84,34.64,2.247,1506.84,2.247,1031.59,267.31,24.8,106.77,1141.8,292.92,0.0,106.77,0.0,0.0,83.787,67.55,107.05,10.927,0,81.187,3.1,110.21000000000004,25.610000000000014,-24.8,0.0
imrp_20250712,2025-07-12,192,0,,price_day,192,2025-07-12,,,1465.92,1438.17,27.75,1.893,1438.17,1.893,1004.03,258.03,22.05,101.4,1086.08,278.44,0.0,101.4,0.0,0.0,79.573,59.85,100.52,10.629,0,84.007,3.2,82.04999999999995,20.410000000000025,-22.05,0.0
imrp_20250713,2025-07-13,193,0,,price_day,27,2025-07-13,,,1549.39,1515.83,33.56,2.166,1515.83,2.166,1057.68,264.67,0.0,106.58,1148.25,294.56,0.0,106.58,0.0,0.0,83.642,71.52,108.36,11.615,0,79.07,3.7,90.56999999999994,29.889999999999986,0.0,0.0
imrp_20250714,2025-07-14,194,0,,price_day,194,2025-07-14,,,1429.69,1368.6,61.09,4.273,1368.6,4.273,933.22,233.57,16.63,99.63,1058.87,271.19,0.0,99.63,0.0,0.0,78.185,44.54,103.17,17.176,0,75.753,2.8,125.64999999999986,37.620000000000005,-16.63,0.0
imrp_20250715,2025-07-15,195,0,,price_day,195,2025-07-15,,,1453.49,1416.75,36.74,2.528,1416.75,2.528,966.13,246.34,24.89,100.67,1076.6,276.22,0.0,100.67,0.0,0.0,79.0,68.03,97.72,9.937,0,69.527,2.8,110.46999999999991,29.880000000000024,-24.89,0.0
imrp_20250716,2025-07-16,196,0,,price_day,196,2025-07-16,,,1576.45,1546.47,29.98,1.902,1546.47,1.902,1082.71,268.93,0.0,108.03,1168.22,300.2,0.0,108.03,0.0,0.0,84.78,68.07,111.53,13.166,0,83.883,3.0,85.50999999999999,31.269999999999982,0.0,0.0
imrp_20250717,2025-07-17,197,0,,price_day,197,2025-07-17,,,1606.67,1560.9,45.76,2.848,1560.9,2.848,1062.09,271.39,24.91,111.04,1190.32,305.3,0.0,111.04,0.0,0.0,87.141,68.04,110.97,12.605,0,80.123,2.9,128.23000000000002,33.910000000000025,-24.91,0.0
imrp_20250718,2025-07-18,198,0,,price_day,198,2025-07-18,,,1648.36,1600.76,47.6,2.888,1600.76,2.888,1088.68,277.15,25.24,113.46,1221.41,313.48,0.0,113.46,0.0,0.0,89.039,68.93,121.52,14.756,0,84.577,2.8,132.73000000000002,36.33000000000004,-25.24,0.0
imrp_20250719,2025-07-19,199,0,,price_day,199,2025-07-19,,,1520.46,1478.41,42.05,2.766,1478.41,2.766,1036.42,257.37,21.42,105.06,1126.65,288.74,0.0,105.06,0.0,0.0,82.447,57.75,102.01,11.047,0,79.42,2.8,90.23000000000002,31.370000000000005,-21.42,0.0
imrp_20250720,2025-07-20,200,0,,price_day,28,2025-07-20,,,1456.21,1420.97,35.24,2.42,1420.97,2.42,972.76,244.91,20.17,100.65,1078.98,276.59,0.0,100.65,0.0,0.0,78.985,54.34,98.76,11.433,0,75.483,4.1,106.22000000000003,31.67999999999998,-20.17,0.0
imrp_20250721,2025-07-21,201,0,,price_day,201,2025-07-21,,,1562.45,1530.17,32.28,2.066,1530.17,2.066,1063.95,267.15,0.0,107.98,1157.4,297.07,0.0,107.98,0.0,0.0,84.735,74.42,103.17,8.813,0,74.0,3.2,93.45000000000005,29.920000000000016,0.0,0.0
imrp_20250722,2025-07-22,202,0,,price_day,202,2025-07-22,,,1498.37,1468.47,29.9,1.995,1468.47,1.995,1031.23,257.2,0.0,103.38,1110.04,284.95,0.0,103.38,0.0,0.0,81.128,69.77,101.11,9.805,0,76.89,2.8,78.80999999999995,27.75,0.0,0.0
imrp_20250723,2025-07-23,203,0,,price_day,203,2025-07-23,,,1525.67,1495.04,30.63,2.008,1495.04,2.008,1043.56,262.53,0.0,105.29,1130.28,290.1,0.0,105.29,0.0,0.0,82.624,71.31,104.67,9.909,0,77.24,2.9,86.72000000000003,27.57000000000005,0.0,0.0
imrp_20250724,2025-07-24,204,0,,price_day,204,2025-07-24,,,1525.39,1496.64,28.75,1.885,1496.64,1.885,1051.71,263.12,0.0,105.11,1130.18,290.1,0.0,105.11,0.0,0.0,82.487,71.91,101.9,9.153,0,78.027,2.8,78.47000000000003,26.980000000000018,0.0,0.0
imrp_20250725,2025-07-25,205,0,,price_day,205,2025-07-25,,,1471.24,1442.18,29.07,1.976,1442.18,1.976,1006.02,256.79,23.84,101.76,1089.9,279.58,0.0,101.76,0.0,0.0,79.858,65.01,97.29,9.906,0,80.16,2.9,83.88000000000011,22.789999999999964,-23.84,0.0
imrp_20250726,2025-07-26,206,0,,price_day,206,2025-07-26,,,1449.04,1424.54,24.51,1.691,1424.54,1.691,1002.75,256.55,15.76,100.23,1073.51,275.3,0.0,100.23,0.0,0.0,78.659,58.36,94.58,9.147,0,82.38,3.0,70.75999999999999,18.75,-15.76,0.0
imrp_20250727,2025-07-27,207,0,,price_day,207,2025-07-27,,,1421.62,1394.79,26.83,1.888,1394.79,1.888,960.54,248.19,16.71,98.08,1053.46,270.08,0.0,98.08,0.0,0.0,76.967,61.9,96.58,9.712,0,76.16,3.1,92.92000000000007,21.889999999999986,-16.71,0.0
imrp_20250728,2025-07-28,208,0,,price_day,29,2025-07-28,,,1508.48,1472.7,35.78,2.372,1472.7,2.372,1028.95,258.28,0.0,103.81,1117.76,286.91,0.0,103.81,0.0,0.0,81.462,68.7,102.17,9.351,0,72.2,3.9,88.80999999999995,28.630000000000052,0.0,0.0
imrp_20250729,2025-07-29,209,0,,price_day,209,2025-07-29,,,1552.47,1514.68,37.79,2.434,1514.68,2.434,1058.21,264.98,0.0,106.48,1150.5,295.48,0.0,106.48,0.0,0.0,83.56,68.76,108.74,10.97,0,75.23,3.4,92.28999999999996,30.5,0.0,0.0
imrp_20250730,2025-07-30,210,0,,price_day,210,2025-07-30,,,1560.35,1524.21,36.13,2.316,1524.21,2.316,1060.47,265.87,0.0,107.33,1156.11,296.9,0.0,107.33,0.0,0.0,84.23,70.28,107.64,9.801,0,74.743,2.9,95.63999999999987,31.029999999999973,0.0,0.0
imrp_20250731,2025-07-31,211,0,,price_day,211,2025-07-31,,,1520.96,1487.91,33.05,2.173,1487.91,2.173,1021.72,261.1,25.0,105.08,1126.63,289.26,0.0,105.08,0.0,0.0,82.46,68.05,100.04,9.508,0,75.317,3.5,104.91000000000008,28.159999999999968,-25.0,0.0
imrp_20250801,2025-08-01,212,0,,price_day,212,2025-08-01,,,1399.74,1351.97,47.77,3.412,1351.97,3.412,947.13,237.18,18.02,96.75,1037.14,265.85,0.0,96.75,0.0,0.0,75.927,49.1,97.73,14.641,0,77.643,3.8,90.0100000000001,28.670000000000016,-18.02,0.0
imrp_20250802,2025-08-02,213,0,,price_day,213,2025-08-02,,,1439.29,1403.43,35.86,2.491,1403.43,2.491,981.41,246.43,0.0,98.83,1066.8,273.66,0.0,98.83,0.0,0.0,77.557,67.3,101.51,10.459,0,70.37,3.8,85.38999999999999,27.230000000000018,0.0,0.0
imrp_20250803,2025-08-03,214,0,,price_day,214,2025-08-03,,,1023.33,948.14,75.19,7.348,948.14,7.348,666.44,155.08,3.3,69.4,760.41,193.52,0.0,69.4,0.0,0.0,54.461,8.78,98.92,28.804,0,78.997,3.0,93.96999999999991,38.44,-3.3,0.0
imrp_20250804,2025-08-04,215,0,,price_day,30,2025-08-04,,,804.17,676.22,127.95,15.911,676.22,15.911,495.72,111.05,1.84,58.81,594.7,150.67,0.0,58.81,0.0,0.0,46.153,4.75,81.4,26.474,0,7.083,3.7,98.98000000000002,39.61999999999999,-1.84,0.0
imrp_20250805,2025-08-05,216,8,0.0,price_day,216,2025-08-05,8.0,0.0,408.5,343.75,64.75,15.851,343.75,15.851,224.42,46.05,0.43,25.07,305.71,77.72,0.0,25.07,0.0,0.0,19.675,0.0,76.84,27.007,0,39.083,5.1,81.28999999999999,31.67,-0.43,0.0
imrp_20250806,2025-08-06,217,0,,price_day,217,2025-08-06,,,1319.27,1256.36,62.91,4.769,1256.36,4.769,886.95,219.14,0.0,88.91,978.67,251.69,0.0,88.91,0.0,0.0,69.772,34.58,100.94,19.61,0,50.903,3.0,91.71999999999991,32.55000000000001,0.0,0.0
imrp_20250807,2025-08-07,218,0,,price_day,218,2025-08-07,,,1027.87,929.41,98.46,9.579,929.41,9.579,612.96,145.83,16.55,69.06,764.08,194.74,0.0,69.06,0.0,0.0,54.195,8.8,101.83,28.646,0,70.49,5.7,151.12,48.91,-16.55,0.0
imrp_20250808,2025-08-08,219,0,,price_day,219,2025-08-08,,,1096.8,994.65,102.15,9.313,994.65,9.313,683.18,159.77,2.6,75.6,813.8,207.4,0.0,75.6,0.0,0.0,59.326,6.5,99.79,29.478,0,64.413,3.1,130.62,47.629999999999995,-2.6,0.0
imrp_20250809,2025-08-09,220,6,0.0,price_day,220,2025-08-09,6.0,0.0,764.19,682.13,82.06,10.739,682.13,10.739,475.0,106.75,0.0,51.01,569.24,143.95,0.0,51.01,0.0,0.0,40.028,0.0,93.16,34.507,0,77.45,5.8,94.24000000000001,37.19999999999999,0.0,0.0
imrp_20250810,2025-08-10,221,0,,price_day,221,2025-08-10,,,1423.46,1370.18,53.27,3.743,1370.18,3.743,937.43,236.03,17.27,98.83,1054.33,270.29,0.0,98.83,0.0,0.0,77.559,45.26,101.33,13.395,0,71.05,2.7,116.89999999999998,34.26000000000002,-17.27,0.0
imrp_20250811,2025-08-11,222,0,,price_day,222,2025-08-11,,,1589.53,1528.66,60.87,3.829,1528.66,3.829,1064.57,264.24,0.0,108.68,1178.31,302.54,0.0,108.68,0.0,0.0,85.291,69.2,131.37,16.75,0,75.487,2.6,113.74000000000001,38.30000000000001,0.0,0.0
imrp_20250812,2025-08-12,223,0,,price_day,31,2025-08-12,,,1588.48,1532.12,56.35,3.548,1532.12,3.548,1043.4,264.62,24.96,109.21,1177.18,302.08,0.0,109.21,0.0,0.0,85.705,68.04,126.17,16.496,0,81.477,3.1,133.77999999999997,37.45999999999998,-24.96,0.0
imrp_20250813,2025-08-13,224,0,,price_day,224,2025-08-13,,,1680.88,1607.87,73.01,4.343,1607.87,4.343,1101.64,278.76,25.82,115.37,1245.84,319.67,0.0,115.37,0.0,0.0,90.536,70.55,135.2,18.13,0,76.21,4.1,144.19999999999982,40.910000000000025,-25.82,0.0
imrp_20250814,2025-08-14,225,0,,price_day,225,2025-08-14,,,1643.96,1573.28,70.68,4.299,1573.28,4.299,1079.0,273.21,25.35,112.44,1218.72,312.79,0.0,112.44,0.0,0.0,88.24,68.98,133.1,18.946,0,75.4,3.3,139.72000000000003,39.58000000000004,-25.35,0.0
imrp_20250815,2025-08-15,226,0,,price_day,226,2025-08-15,,,1470.82,1440.74,30.08,2.045,1440.74,2.045,1003.52,256.82,0.0,101.58,1089.61,279.63,0.0,101.58,0.0,0.0,79.718,68.34,103.13,9.691,0,76.477,3.3,86.08999999999992,22.810000000000002,0.0,0.0
imrp_20250816,2025-08-16,227,0,,price_day,227,2025-08-16,,,1431.95,1404.59,27.36,1.911,1404.59,1.911,1004.54,251.13,0.0,98.63,1061.08,272.24,0.0,98.63,0.0,0.0,77.402,65.78,95.9,8.566,0,75.773,2.9,56.539999999999964,21.110000000000014,0.0,0.0
imrp_20250817,2025-08-17,228,0,,price_day,228,2025-08-17,,,1411.57,1377.1,34.47,2.442,1377.1,2.442,960.71,240.08,0.0,97.09,1046.15,268.33,0.0,97.09,0.0,0.0,76.19,64.01,102.65,11.106,0,71.263,2.8,85.44000000000005,28.24999999999997,0.0,0.0
imrp_20250818,2025-08-18,229,0,,price_day,229,2025-08-18,,,1577.23,1515.92,61.31,3.887,1515.92,3.887,1062.5,264.11,0.0,108.21,1168.86,300.16,0.0,108.21,0.0,0.0,84.919,70.47,125.81,15.275,0,73.073,2.9,106.3599999999999,36.05000000000001,0.0,0.0
imrp_20250819,2025-08-19,230,0,,price_day,32,2025-08-19,,,1438.8,1403.83,34.97,2.431,1403.83,2.431,958.52,246.07,23.95,99.81,1065.51,273.48,0.0,99.81,0.0,0.0,78.324,64.94,97.07,8.715,0,68.317,2.8,106.99000000000001,27.410000000000025,-23.95,0.0
imrp_20250820,2025-08-20,231,0,,price_day,231,2025-08-20,,,1447.79,1423.39,24.4,1.685,1423.39,1.685,991.38,249.7,0.0,99.86,1072.45,275.48,0.0,99.86,0.0,0.0,78.365,66.59,99.45,8.863,0,74.88,2.8,81.07000000000005,25.78000000000003,0.0,0.0
imrp_20250821,2025-08-21,232,0,,price_day,232,2025-08-21,,,1474.94,1450.56,24.38,1.653,1450.56,1.653,1017.8,259.25,0.0,101.98,1092.49,280.47,0.0,101.98,0.0,0.0,80.029,71.57,98.98,8.36,0,75.733,2.7,74.69000000000005,21.220000000000027,0.0,0.0
imrp_20250822,2025-08-22,233,0,,price_day,233,2025-08-22,,,1521.01,1496.66,24.35,1.601,1496.66,1.601,1050.73,267.78,0.0,104.96,1126.71,289.34,0.0,104.96,0.0,0.0,82.372,72.55,102.39,8.768,0,80.39,2.8,75.98000000000002,21.560000000000002,0.0,0.0
imrp_20250823,2025-08-23,234,0,,price_day,234,2025-08-23,,,1576.43,1554.4,22.03,1.397,1554.4,1.397,1112.76,279.26,0.0,108.27,1168.23,299.92,0.0,108.27,0.0,0.0,84.967,74.39,102.44,8.232,0,84.133,2.6,55.47000000000003,20.660000000000025,0.0,0.0
imrp_20250824,2025-08-24,235,0,,price_day,235,2025-08-24,,,1550.42,1523.28,27.13,1.75,1523.28,1.75,1069.68,267.75,0.0,106.9,1148.82,294.69,0.0,106.9,0.0,0.0,83.889,74.76,104.39,8.465,0,79.553,2.8,79.13999999999987,26.939999999999998,0.0,0.0
imrp_20250825,2025-08-25,236,0,,price_day,236,2025-08-25,,,1358.81,1268.21,90.6,6.668,1268.21,6.668,875.11,211.91,7.53,94.93,1006.57,257.32,0.0,94.93,0.0,0.0,74.493,19.08,104.23,24.123,0,70.397,3.1,131.46000000000004,45.41,-7.53,0.0
imrp_20250826,2025-08-26,237,0,,price_day,33,2025-08-26,,,1532.08,1480.69,51.39,3.354,1480.69,3.354,1009.03,256.06,23.17,105.63,1135.09,291.35,0.0,105.63,0.0,0.0,82.897,63.12,115.32,14.717,0,78.693,2.8,126.05999999999995,35.29000000000002,-23.17,0.0
imrp_20250827,2025-08-27,238,0,,price_day,238,2025-08-27,,,1544.08,1503.0,41.08,2.661,1503.0,2.661,1024.62,261.86,24.51,107.07,1143.53,293.48,0.0,107.07,0.0,0.0,84.022,66.99,104.02,11.13,0,74.057,2.9,118.91000000000008,31.620000000000005,-24.51,0.0
imrp_20250828,2025-08-28,239,0,,price_day,239,2025-08-28,,,1514.78,1472.66,42.12,2.78,1472.66,2.78,1006.4,253.7,25.25,105.3,1121.52,287.96,0.0,105.3,0.0,0.0,82.639,68.89,99.84,10.176,0,68.84,2.8,115.12,34.25999999999999,-25.25,0.0
imrp_20250829,2025-08-29,240,0,,price_day,240,2025-08-29,,,1520.01,1486.8,33.21,2.185,1486.8,2.185,1006.82,257.84,24.95,105.06,1125.73,289.22,0.0,105.06,0.0,0.0,82.448,67.59,100.84,10.865,0,75.93,2.9,118.90999999999997,31.380000000000052,-24.95,0.0
imrp_20250830,2025-08-30,241,0,,price_day,241,2025-08-30,,,1113.73,986.18,127.55,11.452,986.18,11.452,718.36,171.37,6.26,79.69,823.82,210.23,0.0,79.69,0.0,0.0,62.535,15.73,87.26,21.331,0,8.383,3.0,105.46000000000004,38.859999999999985,-6.26,0.0
imrp_20250831,2025-08-31,242,8,0.0,price_day,242,2025-08-31,8.0,0.0,347.21,266.98,80.22,23.106,266.98,23.106,189.14,38.56,1.49,21.37,259.83,66.0,0.0,21.37,0.0,0.0,16.773,0.0,66.01,22.335,0,13.86,4.3,70.69,27.439999999999998,-1.49,0.0
imrp_20250901,2025-09-01,243,0,,price_day,243,2025-09-01,,,960.36,868.48,91.88,9.568,868.48,9.568,587.12,135.15,9.43,62.5,714.53,183.33,0.0,62.5,0.0,0.0,49.049,8.09,101.83,31.94,0,67.557,3.1,127.40999999999997,48.18000000000001,-9.43,0.0
imrp_20250902,2025-09-02,244,0,,price_day,244,2025-09-02,,,1516.67,1480.44,36.24,2.389,1480.44,2.389,1009.71,258.72,25.63,104.86,1123.05,288.76,0.0,104.86,0.0,0.0,82.292,65.26,105.78,11.691,0,76.307,3.3,113.33999999999992,30.039999999999964,-25.63,0.0
imrp_20250903,2025-09-03,245,0,,price_day,34,2025-09-03,,,1404.76,1334.07,70.68,5.032,1334.07,5.032,922.21,231.72,23.54,97.72,1040.33,266.71,0.0,97.72,0.0,0.0,76.684,51.63,93.45,11.345,0,45.92,3.3,118.11999999999989,34.98999999999998,-23.54,0.0
imrp_20250904,2025-09-04,246,0,,price_day,246,2025-09-04,,,1452.81,1392.31,60.5,4.164,1392.31,4.164,951.21,240.5,24.2,99.26,1076.51,277.04,0.0,99.26,0.0,0.0,77.898,45.18,117.54,19.357,0,69.837,2.8,125.29999999999995,36.54000000000002,-24.2,0.0
imrp_20250905,2025-09-05,247,0,,price_day,247,2025-09-05,,,1550.93,1496.12,54.81,3.534,1496.12,3.534,1016.32,257.98,25.14,106.77,1149.15,295.02,0.0,106.77,0.0,0.0,83.788,67.16,121.9,16.118,0,81.77,2.7,132.83000000000004,37.039999999999964,-25.14,0.0
imrp_20250906,2025-09-06,248,2,0.0,price_day,248,2025-09-06,2.0,0.0,1063.18,891.88,171.3,16.112,891.88,16.112,662.2,150.55,2.7,76.3,786.71,200.17,0.0,76.3,0.0,0.0,59.881,1.31,86.46,28.316,0,0.107,3.5,124.50999999999999,49.619999999999976,-2.7,0.0
imrp_20250907,2025-09-07,249,15,0.0,price_day,249,2025-09-07,15.0,0.0,495.73,465.03,30.69,6.191,465.03,6.191,305.85,69.92,6.15,29.04,371.55,95.13,0.0,29.04,0.0,0.0,22.793,0.0,89.98,35.565,0,66.517,3.6,65.69999999999999,25.209999999999994,-6.15,0.0
imrp_20250908,2025-09-08,250,0,,price_day,250,2025-09-08,,,1607.59,1518.85,88.74,5.52,1518.85,5.52,1041.05,260.31,22.88,110.56,1191.08,305.95,0.0,110.56,0.0,0.0,86.762,62.47,133.71,21.128,0,76.063,2.6,150.02999999999997,45.639999999999986,-22.88,0.0
imrp_20250909,2025-09-09,251,0,,price_day,251,2025-09-09,,,1563.73,1488.82,74.91,4.791,1488.82,4.791,1018.62,254.58,25.89,108.51,1158.05,297.17,0.0,108.51,0.0,0.0,85.155,70.57,112.74,14.792,0,64.317,2.9,139.42999999999995,42.59,-25.89,0.0
imrp_20250910,2025-09-10,252,0,,price_day,35,2025-09-10,,,1340.33,1203.29,137.04,10.225,1203.29,10.225,859.05,210.93,21.57,93.04,992.74,254.55,0.0,93.04,0.0,0.0,73.015,22.67,104.58,20.081,0,15.523,2.9,133.69000000000005,43.620000000000005,-21.57,0.0
imrp_20250911,2025-09-11,253,0,,price_day,253,2025-09-11,,,840.5,659.1,181.41,21.583,659.1,21.583,491.29,105.91,2.98,55.02,625.43,160.05,0.0,55.02,0.0,0.0,43.181,8.0,107.54,34.403,0,3.103,5.2,134.13999999999993,54.140000000000015,-2.98,0.0
imrp_20250912,2025-09-12,254,0,,price_day,254,2025-09-12,,,739.28,604.04,135.24,18.293,604.04,18.293,422.23,87.69,0.55,46.55,551.6,141.13,0.0,46.55,0.0,0.0,36.534,0.1,109.71,37.976,0,38.553,3.1,129.37,53.44,-0.55,0.0
imrp_20250913,2025-09-13,255,0,,price_day,255,2025-09-13,,,889.77,817.02,72.75,8.176,817.02,8.176,539.43,125.6,9.88,58.03,662.48,169.26,0.0,58.03,0.0,0.0,45.54,4.69,106.43,33.11,0,73.983,2.8,123.05000000000007,43.66,-9.88,0.0
imrp_20250914,2025-09-14,256,2,0.0,price_day,256,2025-09-14,2.0,0.0,1083.93,945.5,138.44,12.772,945.5,12.772,693.22,165.07,8.05,78.86,800.55,204.53,0.0,78.86,0.0,0.0,61.883,1.94,93.76,27.209,0,0.247,3.6,107.32999999999993,39.46000000000001,-8.05,0.0
imrp_20250915,2025-09-15,257,11,0.0,price_day,257,2025-09-15,11.0,0.0,235.49,142.42,93.07,39.523,142.42,39.523,109.0,18.23,0.18,14.91,175.98,44.6,0.0,14.91,0.0,0.0,11.702,0.0,49.17,16.167,0,0.09,3.2,66.97999999999999,26.37,-0.18,0.0
imrp_20250916,2025-09-16,258,5,0.0,price_day,258,2025-09-16,5.0,0.0,691.53,622.67,68.85,9.957,622.67,9.957,411.38,88.3,1.2,42.13,516.86,132.53,0.0,42.13,0.0,0.0,33.064,0.0,103.84,39.11,0,72.0,3.0,105.48000000000002,44.230000000000004,-1.2,0.0
imrp_20250917,2025-09-17,259,0,,price_day,259,2025-09-17,,,1328.51,1182.05,146.47,11.025,1182.05,11.025,848.62,205.33,15.99,92.55,984.09,251.87,0.0,92.55,0.0,0.0,72.627,29.13,102.46,19.595,0,15.31,2.7,135.47000000000003,46.53999999999999,-15.99,0.0
imrp_20250918,2025-09-18,260,0,,price_day,36,2025-09-18,,,947.71,825.11,122.6,12.936,825.11,12.936,565.43,127.18,8.04,62.87,704.32,180.52,0.0,62.87,0.0,0.0,49.341,8.57,103.11,32.231,0,51.007,3.3,138.8900000000001,53.34,-8.04,0.0
imrp_20250919,2025-09-19,261,0,,price_day,261,2025-09-19,,,1453.97,1385.34,68.63,4.72,1385.34,4.72,951.24,238.62,22.04,98.48,1078.42,277.07,0.0,98.48,0.0,0.0,77.28,47.28,120.8,22.077,0,77.99,2.8,127.18000000000006,38.44999999999999,-22.04,0.0
imrp_20250920,2025-09-20,262,0,,price_day,262,2025-09-20,,,1395.65,1265.63,130.02,9.316,1265.63,9.316,919.15,227.76,18.31,97.8,1033.06,264.78,0.0,97.8,0.0,0.0,76.749,7.74,97.3,19.781,0,2.063,2.8,113.90999999999997,37.01999999999998,-18.31,0.0
imrp_20250921,2025-09-21,263,0,,price_day,263,2025-09-21,,,771.24,711.35,59.89,7.765,711.35,7.765,479.06,110.86,3.08,47.2,575.84,148.2,0.0,47.2,0.0,0.0,37.038,1.0,105.39,37.077,0,57.893,3.4,96.78000000000003,37.33999999999999,-3.08,0.0
imrp_20250922,2025-09-22,264,0,,price_day,264,2025-09-22,,,1534.71,1459.57,75.14,4.896,1459.57,4.896,994.87,249.69,24.45,104.61,1137.82,292.28,0.0,104.61,0.0,0.0,82.093,53.29,125.83,20.777,0,75.543,2.6,142.94999999999993,42.589999999999975,-24.45,0.0
imrp_20250923,2025-09-23,265,0,,price_day,265,2025-09-23,,,1684.61,1586.31,98.29,5.835,1586.31,5.835,1084.87,273.35,25.48,115.89,1248.36,320.36,0.0,115.89,0.0,0.0,90.943,68.49,140.41,20.356,0,74.78,2.8,163.49,47.00999999999999,-25.48,0.0
imrp_20250924,2025-09-24,266,0,,price_day,266,2025-09-24,,,1555.81,1493.03,62.77,4.035,1493.03,4.035,1028.15,263.39,32.55,107.98,1151.82,296.01,0.0,107.98,0.0,0.0,84.736,70.25,115.11,14.077,0,71.723,2.9,123.66999999999985,32.620000000000005,-32.55,0.0
imrp_20250925,2025-09-25,267,0,,price_day,37,2025-09-25,,,1492.99,1434.67,58.32,3.906,1434.67,3.906,980.06,249.49,24.8,103.42,1105.78,283.79,0.0,103.42,0.0,0.0,81.156,65.57,106.81,13.661,0,70.113,3.4,125.72000000000003,34.30000000000001,-24.8,0.0
imrp_20250926,2025-09-26,268,0,,price_day,268,2025-09-26,,,1522.23,1471.35,50.88,3.342,1471.35,3.342,999.81,255.41,26.0,105.31,1127.37,289.56,0.0,105.31,0.0,0.0,82.64,67.93,106.58,12.686,0,70.533,3.0,127.55999999999995,34.150000000000006,-26.0,0.0
imrp_20250927,2025-09-27,269,0,,price_day,269,2025-09-27,,,1499.06,1461.95,37.11,2.475,1461.95,2.475,1021.19,255.95,0.0,103.11,1110.69,285.26,0.0,103.11,0.0,0.0,80.918,67.48,105.61,10.903,0,74.253,2.7,89.5,29.310000000000002,0.0,0.0
imrp_20250928,2025-09-28,270,0,,price_day,270,2025-09-28,,,1625.9,1563.79,62.12,3.82,1563.79,3.82,1094.2,272.43,0.0,110.76,1205.57,309.57,0.0,110.76,0.0,0.0,86.92,73.5,136.56,17.128,0,78.627,2.8,111.36999999999989,37.139999999999986,0.0,0.0
imrp_20250929,2025-09-29,271,0,,price_day,271,2025-09-29,,,1747.79,1599.95,147.84,8.458,1599.95,8.458,1100.34,268.52,25.7,119.79,1295.9,332.1,0.0,119.79,0.0,0.0,94.004,70.22,173.94,28.573,0,71.723,3.2,195.56000000000017,63.58000000000004,-25.7,0.0
imrp_20250930,2025-09-30,272,0,,price_day,272,2025-09-30,,,1558.06,1473.85,84.21,5.405,1473.85,5.405,1009.46,255.2,32.19,107.6,1154.34,296.12,0.0,107.6,0.0,0.0,84.44,69.29,123.55,17.308,0,69.13,3.3,144.87999999999988,40.920000000000016,-32.19,0.0
imrp_20251001,2025-10-01,273,0,,price_day,273,2025-10-01,,,1480.95,1423.95,57.0,3.849,1423.95,3.849,970.37,247.89,25.52,102.08,1097.26,281.61,0.0,102.08,0.0,0.0,80.105,65.43,113.12,13.636,0,70.87,3.3,126.88999999999999,33.72000000000003,-25.52,0.0
imrp_20251002,2025-10-02,274,0,,price_day,38,2025-10-02,,,1362.87,1247.28,115.59,8.481,1247.28,8.481,882.37,220.19,23.71,95.81,1008.48,258.59,0.0,95.81,0.0,0.0,75.185,24.24,110.1,17.433,0,19.653,3.1,126.11000000000001,38.39999999999998,-23.71,0.0
imrp_20251003,2025-10-03,275,3,0.0,price_day,275,2025-10-03,3.0,0.0,913.53,791.83,121.7,13.321,791.83,13.321,571.28,138.88,18.35,63.32,676.24,173.96,0.0,63.32,0.0,0.0,49.693,0.02,93.1,28.417,0,0.0,2.9,104.96000000000004,35.08000000000001,-18.35,0.0
imrp_20251004,2025-10-04,276,21,0.0,price_day,276,2025-10-04,21.0,0.0,36.47,15.95,20.51,56.253,15.95,56.253,12.19,1.66,0.0,2.1,27.49,6.87,0.0,2.1,0.0,0.0,1.652,0.0,18.92,4.449,0,0.0,21.5,15.299999999999999,5.21,0.0,0.0
imrp_20251005,2025-10-05,277,15,0.0,price_day,277,2025-10-05,15.0,0.0,323.14,257.86,65.28,20.2,257.86,20.2,178.63,36.75,0.0,18.85,242.32,61.97,0.0,18.85,0.0,0.0,14.792,0.0,71.49,24.059,0,19.18,3.7,63.69,25.22,0.0,0.0
imrp_20251006,2025-10-06,278,0,,price_day,278,2025-10-06,,,1337.06,1270.33,66.73,4.991,1270.33,4.991,857.8,212.64,23.35,89.77,991.72,255.58,0.0,89.77,0.0,0.0,70.446,18.32,119.66,29.385,0,72.423,3.3,133.92000000000007,42.940000000000026,-23.35,0.0
imrp_20251007,2025-10-07,279,0,,price_day,279,2025-10-07,,,1659.86,1589.67,70.19,4.229,1589.67,4.229,1086.67,276.3,27.63,113.59,1230.3,315.97,0.0,113.59,0.0,0.0,89.143,67.78,133.81,17.629,0,77.463,2.9,143.62999999999988,39.670000000000016,-27.63,0.0
imrp_20251008,2025-10-08,280,0,,price_day,280,2025-10-08,,,1678.99,1604.2,74.79,4.455,1604.2,4.455,1098.34,279.57,27.46,116.18,1243.68,319.14,0.0,116.18,0.0,0.0,91.173,75.03,128.02,16.732,0,77.3,2.8,145.34000000000015,39.56999999999999,-27.46,0.0
imrp_20251009,2025-10-09,281,0,,price_day,281,2025-10-09,,,1588.87,1519.67,69.2,4.355,1519.67,4.355,1038.85,264.46,25.26,110.07,1176.91,301.89,0.0,110.07,0.0,0.0,86.376,68.65,120.85,14.745,0,73.953,2.8,138.06000000000017,37.43000000000001,-25.26,0.0
imrp_20251010,2025-10-10,282,0,,price_day,39,2025-10-10,,,1588.49,1538.1,50.39,3.172,1538.1,3.172,1047.45,268.09,26.49,109.77,1176.61,302.11,0.0,109.77,0.0,0.0,86.142,72.0,116.38,13.418,0,77.983,3.0,129.15999999999985,34.02000000000004,-26.49,0.0
imrp_20251011,2025-10-11,283,0,,price_day,283,2025-10-11,,,1590.86,1545.03,45.83,2.881,1545.03,2.881,1052.15,269.77,26.33,109.5,1178.75,302.61,0.0,109.5,0.0,0.0,85.933,71.9,116.63,12.099,0,78.76,2.6,126.59999999999991,32.84000000000003,-26.33,0.0
imrp_20251012,2025-10-12,284,0,,price_day,284,2025-10-12,,,1583.38,1527.21,56.17,3.548,1527.21,3.548,1071.0,263.87,0.0,108.68,1173.44,301.27,0.0,108.68,0.0,0.0,85.284,73.28,119.42,12.77,0,71.813,2.8,102.44000000000005,37.39999999999998,0.0,0.0
imrp_20251013,2025-10-13,285,0,,price_day,285,2025-10-13,,,1981.98,1811.48,170.5,8.603,1811.48,8.603,1248.66,311.74,32.87,134.09,1470.41,377.49,0.0,134.09,0.0,0.0,105.226,70.86,217.9,36.498,0,76.127,2.7,221.75,65.75,-32.87,0.0
imrp_20251014,2025-10-14,286,0,,price_day,286,2025-10-14,,,1818.63,1698.75,119.88,6.592,1698.75,6.592,1166.58,294.52,29.63,123.92,1348.61,346.1,0.0,123.92,0.0,0.0,97.249,73.15,175.81,25.602,0,76.173,2.8,182.02999999999997,51.58000000000004,-29.63,0.0
imrp_20251015,2025-10-15,287,0,,price_day,287,2025-10-15,,,2006.38,1835.1,171.27,8.536,1835.1,8.536,1269.58,316.59,31.82,135.45,1488.75,382.18,0.0,135.45,0.0,0.0,106.293,73.44,209.6,36.208,0,73.613,2.7,219.17000000000007,65.59000000000003,-31.82,0.0
imrp_20251016,2025-10-16,288,0,,price_day,288,2025-10-16,,,1689.34,1602.78,86.56,5.124,1602.78,5.124,1097.48,278.46,28.03,115.7,1252.11,321.53,0.0,115.7,0.0,0.0,90.799,71.53,142.8,19.798,0,75.48,2.7,154.62999999999988,43.06999999999999,-28.03,0.0
imrp_20251017,2025-10-17,289,0,,price_day,40,2025-10-17,,,1648.38,1589.37,59.02,3.58,1589.37,3.58,1085.94,281.82,35.32,114.0,1220.92,313.46,0.0,114.0,0.0,0.0,89.462,73.5,124.21,14.627,0,80.507,3.6,134.98000000000002,31.639999999999986,-35.32,0.0
imrp_20251018,2025-10-18,290,0,,price_day,290,2025-10-18,,,1528.07,1467.28,60.79,3.978,1467.28,3.978,1007.01,254.59,26.19,106.03,1131.82,290.23,0.0,106.03,0.0,0.0,83.205,71.57,105.78,9.732,0,57.44,2.6,124.80999999999995,35.640000000000015,-26.19,0.0
imrp_20251019,2025-10-19,291,0,,price_day,291,2025-10-19,,,1087.61,1011.12,76.48,7.032,1011.12,7.032,678.92,173.82,29.1,73.51,807.38,206.71,0.0,73.51,0.0,0.0,57.688,38.47,91.95,15.855,0,46.467,2.9,128.46000000000004,32.890000000000015,-29.1,0.0
imrp_20251020,2025-10-20,292,0,,price_day,292,2025-10-20,,,1495.92,1466.23,29.69,1.985,1466.23,1.985,1034.24,263.08,20.73,101.66,1108.89,285.38,0.0,101.66,0.0,0.0,79.776,44.91,106.63,18.699,0,88.787,2.9,74.65000000000009,22.30000000000001,-20.73,0.0
imrp_20251021,2025-10-21,293,0,,price_day,293,2025-10-21,,,1439.25,1340.78,98.47,6.842,1340.78,6.842,904.82,231.23,44.15,99.89,1066.61,272.75,0.0,99.89,0.0,0.0,78.391,54.12,102.59,14.981,0,52.12,2.5,161.78999999999985,41.52000000000001,-44.15,0.0
imrp_20251022,2025-10-22,294,0,,price_day,294,2025-10-22,,,1644.51,1540.33,104.18,6.335,1540.33,6.335,1080.25,265.5,0.0,110.74,1220.13,313.64,0.0,110.74,0.0,0.0,86.902,51.72,173.19,28.739,0,79.373,2.8,139.8800000000001,48.139999999999986,0.0,0.0
imrp_20251023,2025-10-23,295,0,,price_day,295,2025-10-23,,,1400.04,1275.91,124.13,8.866,1275.91,8.866,915.03,229.23,22.51,96.94,1037.3,265.8,0.0,96.94,0.0,0.0,76.075,20.73,95.33,17.126,0,9.573,2.8,122.26999999999998,36.57000000000002,-22.51,0.0
imrp_20251024,2025-10-24,296,0,,price_day,296,2025-10-24,,,863.76,717.43,146.33,16.941,717.43,16.941,516.24,123.37,18.14,58.35,640.77,164.64,0.0,58.35,0.0,0.0,45.793,5.09,98.23,29.684,0,1.073,3.8,124.52999999999997,41.26999999999998,-18.14,0.0
imrp_20251025,2025-10-25,297,4,0.0,price_day,297,2025-10-25,4.0,0.0,318.08,222.77,95.31,29.963,222.77,29.963,168.16,33.96,1.08,19.45,237.87,60.76,0.0,19.45,0.0,0.0,15.265,0.0,66.61,19.276,0,0.1,2.6,69.71000000000001,26.799999999999997,-1.08,0.0
imrp_20251027,2025-10-27,298,2,0.0,price_day,298,2025-10-27,2.0,0.0,1212.71,1099.26,113.45,9.355,1099.26,9.355,800.92,192.95,0.0,79.41,900.8,232.49,0.0,79.41,0.0,0.0,62.32,0.0,114.42,36.535,0,21.803,2.8,99.88,39.54000000000002,0.0,0.0
imrp_20251028,2025-10-28,299,0,,price_day,299,2025-10-28,,,1161.35,1084.93,76.42,6.581,1084.93,6.581,740.29,185.27,20.82,77.12,862.26,221.98,0.0,77.12,0.0,0.0,60.518,16.05,105.91,25.449,0,50.683,3.0,121.97000000000003,36.70999999999998,-20.82,0.0
imrp_20251029,2025-10-29,300,0,,price_day,300,2025-10-29,,,1429.35,1374.6,54.75,3.83,1374.6,3.83,966.82,240.24,0.0,97.82,1059.01,272.51,0.0,97.82,0.0,0.0,76.767,48.62,109.97,16.336,0,60.95,2.8,92.18999999999994,32.26999999999998,0.0,0.0
imrp_20251030,2025-10-30,301,0,,price_day,301,2025-10-30,,,1326.65,1222.06,104.59,7.883,1222.06,7.883,893.89,218.33,0.0,92.8,981.71,252.14,0.0,92.8,0.0,0.0,72.824,19.43,93.86,18.374,0,13.41,3.1,87.82000000000005,33.809999999999974,0.0,0.0
imrp_20251031,2025-10-31,302,0,,price_day,302,2025-10-31,,,972.28,889.21,83.07,8.544,889.21,8.544,640.89,157.11,3.62,64.61,721.69,185.99,0.0,64.61,0.0,0.0,50.7,9.76,84.58,24.422,0,19.343,3.8,80.80000000000007,28.879999999999995,-3.62,0.0
imrp_20251101,2025-11-01,303,0,,price_day,303,2025-11-01,,,821.41,743.89,77.52,9.438,743.89,9.438,507.49,122.54,10.8,52.67,611.75,156.99,0.0,52.67,0.0,0.0,41.333,9.01,98.19,27.073,0,45.943,3.7,104.25999999999999,34.45,-10.8,0.0
imrp_20251102,2025-11-02,304,0,,price_day,42,2025-11-02,,,1098.33,1004.55,93.78,8.538,1004.55,8.538,721.57,174.71,0.0,74.11,814.97,209.25,0.0,74.11,0.0,0.0,58.157,43.12,103.71,18.932,0,27.03,3.7,93.39999999999998,34.53999999999999,0.0,0.0
imrp_20251103,2025-11-03,305,0,,price_day,305,2025-11-03,,,1020.96,902.08,118.88,11.644,902.08,11.644,637.96,158.76,21.23,68.48,757.81,194.68,0.0,68.48,0.0,0.0,53.741,13.7,93.39,25.104,0,12.257,3.3,119.84999999999991,35.920000000000016,-21.23,0.0
imrp_20251104,2025-11-04,306,0,,price_day,306,2025-11-04,,,1188.84,1145.75,43.09,3.625,1145.75,3.625,799.71,196.38,2.81,78.21,882.78,227.85,0.0,78.21,0.0,0.0,61.375,6.9,95.87,29.875,0,62.643,3.1,83.06999999999994,31.47,-2.81,0.0
imrp_20251105,2025-11-05,307,0,,price_day,307,2025-11-05,,,1445.78,1411.37,34.41,2.38,1411.37,2.38,997.43,254.32,17.62,99.61,1070.87,275.29,0.0,99.61,0.0,0.0,78.173,60.39,100.94,11.295,0,71.473,2.9,73.43999999999994,20.970000000000027,-17.62,0.0
imrp_20251106,2025-11-06,308,0,,price_day,308,2025-11-06,,,1603.97,1552.18,51.78,3.228,1552.18,3.228,1095.1,277.92,7.16,110.23,1188.28,305.46,0.0,110.23,0.0,0.0,86.505,70.95,121.55,14.599,0,75.547,3.3,93.18000000000006,27.539999999999964,-7.16,0.0
imrp_20251107,2025-11-07,309,0,,price_day,309,2025-11-07,,,1555.22,1520.21,35.01,2.251,1520.21,2.251,1063.84,267.28,0.0,107.48,1151.89,295.84,0.0,107.48,0.0,0.0,84.348,71.31,106.77,9.843,0,74.273,3.1,88.05000000000018,28.560000000000002,0.0,0.0
imrp_20251108,2025-11-08,310,0,,price_day,310,2025-11-08,,,1545.2,1510.23,34.97,2.263,1510.23,2.263,1062.35,271.89,7.37,106.5,1144.62,294.08,0.0,106.5,0.0,0.0,83.576,72.49,110.99,10.231,0,77.29,3.9,82.26999999999998,22.189999999999998,-7.37,0.0
imrp_20251109,2025-11-09,311,0,,price_day,43,2025-11-09,,,1492.93,1454.45,38.48,2.578,1454.45,2.578,1018.96,256.61,0.0,102.7,1106.28,283.95,0.0,102.7,0.0,0.0,80.594,69.49,104.07,9.719,0,71.527,2.9,87.31999999999994,27.339999999999975,0.0,0.0
imrp_20251110,2025-11-10,312,0,,price_day,312,2025-11-10,,,1469.53,1425.73,43.79,2.98,1425.73,2.98,999.91,251.15,0.0,100.91,1088.95,279.67,0.0,100.91,0.0,0.0,79.191,62.51,106.14,11.082,0,67.703,3.6,89.04000000000008,28.52000000000001,0.0,0.0
imrp_20251111,2025-11-11,313,0,,price_day,313,2025-11-11,,,1370.36,1317.2,53.15,3.879,1317.2,3.879,937.99,232.29,0.0,95.45,1014.48,260.44,0.0,95.45,0.0,0.0,74.902,51.02,92.98,10.927,0,48.83,3.7,76.49000000000001,28.150000000000006,0.0,0.0
imrp_20251112,2025-11-12,314,0,,price_day,314,2025-11-12,,,1276.89,1188.24,88.66,6.943,1188.24,6.943,862.14,212.29,0.0,87.16,946.46,243.26,0.0,87.16,0.0,0.0,68.403,38.93,95.32,16.164,0,20.997,3.6,84.32000000000005,30.97,0.0,0.0
imrp_20251113,2025-11-13,315,0,,price_day,315,2025-11-13,,,1224.68,1181.27,43.41,3.545,1181.27,3.545,822.3,204.01,6.03,81.54,908.9,234.24,0.0,81.54,0.0,0.0,63.99,15.85,98.92,25.128,0,66.73,2.8,86.60000000000002,30.230000000000018,-6.03,0.0
imrp_20251114,2025-11-14,316,0,,price_day,316,2025-11-14,,,1277.51,1211.17,66.34,5.193,1211.17,5.193,850.64,215.21,17.03,88.17,946.64,242.71,0.0,88.17,0.0,0.0,69.189,40.83,83.56,12.608,0,40.267,3.2,96.0,27.5,-17.03,0.0
imrp_20251115,2025-11-15,317,0,,price_day,317,2025-11-15,,,1306.96,1283.59,23.37,1.788,1283.59,1.788,904.71,228.3,0.0,87.53,969.8,249.62,0.0,87.53,0.0,0.0,68.693,36.19,99.39,19.833,0,78.493,3.0,65.08999999999992,21.319999999999993,0.0,0.0
imrp_20251116,2025-11-16,318,0,,price_day,318,2025-11-16,,,1470.31,1418.67,51.64,3.512,1418.67,3.512,1003.77,249.78,0.0,101.7,1089.08,279.53,0.0,101.7,0.0,0.0,79.81,61.44,100.0,9.719,0,57.547,3.1,85.30999999999995,29.74999999999997,0.0,0.0
imrp_20251117,2025-11-17,319,0,,price_day,44,2025-11-17,,,1497.57,1454.08,43.49,2.904,1454.08,2.904,1022.8,255.66,0.0,102.03,1110.06,285.48,0.0,102.03,0.0,0.0,80.07,52.22,114.36,16.567,0,75.887,2.6,87.25999999999999,29.82000000000002,0.0,0.0
imrp_20251118,2025-11-18,320,0,,price_day,320,2025-11-18,,,1639.77,1589.75,50.02,3.05,1589.75,3.05,1118.4,280.33,0.0,113.52,1214.22,312.03,0.0,113.52,0.0,0.0,89.083,73.66,114.55,12.526,0,71.287,2.8,95.81999999999994,31.69999999999999,0.0,0.0
imrp_20251119,2025-11-19,321,0,,price_day,321,2025-11-19,,,1548.1,1511.63,36.47,2.356,1511.63,2.356,1056.91,265.09,0.0,106.64,1146.84,294.62,0.0,106.64,0.0,0.0,83.685,66.34,107.24,11.378,0,75.717,2.9,89.92999999999984,29.53000000000003,0.0,0.0
imrp_20251120,2025-11-20,322,0,,price_day,322,2025-11-20,,,1678.12,1620.02,58.1,3.462,1620.02,3.462,1137.65,284.44,0.0,115.45,1243.2,319.47,0.0,115.45,0.0,0.0,90.6,72.53,126.51,14.972,0,76.367,3.1,105.54999999999995,35.03000000000003,0.0,0.0
imrp_20251121,2025-11-21,323,0,,price_day,323,2025-11-21,,,2013.13,1911.25,101.88,5.061,1911.25,5.061,1313.83,335.06,38.24,138.88,1490.88,383.36,0.0,138.88,0.0,0.0,108.99,75.51,154.76,26.228,0,78.39,3.0,177.05000000000018,48.30000000000001,-38.24,0.0
imrp_20251122,2025-11-22,324,0,,price_day,324,2025-11-22,,,1566.72,1534.33,32.39,2.067,1534.33,2.067,1082.76,274.4,0.0,107.96,1160.36,298.39,0.0,107.96,0.0,0.0,84.725,72.94,104.75,8.191,0,75.867,3.1,77.59999999999991,23.99000000000001,0.0,0.0
imrp_20251123,2025-11-23,325,0,,price_day,325,2025-11-23,,,1409.75,1350.01,59.74,4.238,1350.01,4.238,931.88,241.94,27.34,96.25,1045.47,268.03,0.0,96.25,0.0,0.0,75.531,57.99,105.35,13.669,0,63.27,3.0,113.59000000000003,26.089999999999975,-27.34,0.0
imrp_20251124,2025-11-24,326,0,,price_day,45,2025-11-24,,,1615.12,1573.56,41.56,2.573,1573.56,2.573,1109.17,278.27,0.0,111.14,1196.17,307.81,0.0,111.14,0.0,0.0,87.217,62.76,112.07,14.884,0,73.023,3.0,87.0,29.54000000000002,0.0,0.0
imrp_20251125,2025-11-25,327,0,,price_day,327,2025-11-25,,,2047.93,1902.84,145.09,7.085,1902.84,7.085,1350.3,331.27,0.0,138.21,1519.01,390.71,0.0,138.21,0.0,0.0,108.463,71.58,196.18,36.784,0,75.643,2.8,168.71000000000004,59.44,0.0,0.0
imrp_20251126,2025-11-26,328,0,,price_day,328,2025-11-26,,,1844.94,1734.43,110.51,5.99,1734.43,5.99,1204.25,299.82,23.42,126.55,1367.11,351.27,0.0,126.55,0.0,0.0,99.313,72.9,152.45,23.321,0,63.623,2.9,162.8599999999999,51.44999999999999,-23.42,0.0
imrp_20251127,2025-11-27,329,0,,price_day,329,2025-11-27,,,1318.59,1249.44,69.14,5.244,1249.44,5.244,869.93,219.95,24.94,91.66,976.3,250.63,0.0,91.66,0.0,0.0,71.928,40.87,90.61,12.833,0,37.53,3.0,106.37,30.680000000000007,-24.94,0.0
imrp_20251128,2025-11-28,330,0,,price_day,330,2025-11-28,,,1272.27,1245.57,26.69,2.098,1245.57,2.098,900.31,225.24,0.0,86.22,943.18,242.86,0.0,86.22,0.0,0.0,67.662,34.51,89.4,18.472,0,70.547,3.4,42.870000000000005,17.620000000000005,0.0,0.0
imrp_20251129,2025-11-29,331,0,,price_day,331,2025-11-29,,,1462.63,1425.19,37.44,2.56,1425.19,2.56,1012.8,252.78,0.0,101.37,1082.94,278.32,0.0,101.37,0.0,0.0,79.551,61.14,93.84,7.867,0,58.533,3.2,70.1400000000001,25.539999999999992,0.0,0.0
imrp_20251130,2025-11-30,332,0,,price_day,332,2025-11-30,,,1362.39,1297.34,65.05,4.775,1297.34,4.775,915.99,228.5,0.0,92.41,1010.42,259.57,0.0,92.41,0.0,0.0,72.518,49.81,104.26,15.361,0,50.18,3.2,94.42999999999995,31.069999999999993,0.0,0.0
imrp_20251201,2025-12-01,333,0,,price_day,46,2025-12-01,,,1357.44,1307.73,49.71,3.662,1307.73,3.662,928.31,231.96,0.0,92.92,1005.79,258.73,0.0,92.92,0.0,0.0,72.923,45.74,91.85,15.035,0,48.17,2.6,77.48000000000002,26.77000000000001,0.0,0.0
imrp_20251202,2025-12-02,334,0,,price_day,334,2025-12-02,,,1417.56,1378.58,38.98,2.75,1378.58,2.75,964.48,240.22,0.0,96.5,1050.61,270.45,0.0,96.5,0.0,0.0,75.73,44.97,104.34,16.786,0,70.3,3.1,86.12999999999988,30.22999999999999,0.0,0.0
imrp_20251203,2025-12-03,335,0,,price_day,335,2025-12-03,,,1585.5,1526.64,58.86,3.713,1526.64,3.713,1079.09,273.5,6.73,109.24,1174.48,301.78,0.0,109.24,0.0,0.0,85.728,68.5,119.47,15.149,0,71.667,2.9,95.3900000000001,28.279999999999973,-6.73,0.0
imrp_20251204,2025-12-04,336,0,,price_day,336,2025-12-04,,,1525.79,1474.69,51.1,3.349,1474.69,3.349,1040.65,260.96,0.0,104.43,1130.86,290.5,0.0,104.43,0.0,0.0,81.953,64.57,113.8,13.379,0,70.9,3.3,90.20999999999981,29.54000000000002,0.0,0.0
imrp_20251205,2025-12-05,337,0,,price_day,337,2025-12-05,,,1411.94,1362.48,49.46,3.503,1362.48,3.503,971.67,240.28,0.0,99.0,1044.68,268.26,0.0,99.0,0.0,0.0,77.689,53.97,103.32,11.834,0,51.743,4.2,73.0100000000001,27.97999999999999,0.0,0.0
imrp_20251206,2025-12-06,338,0,,price_day,338,2025-12-06,,,1283.79,1257.18,26.61,2.073,1257.18,2.073,894.71,232.67,23.86,86.92,951.48,245.39,0.0,86.92,0.0,0.0,68.213,43.39,91.37,14.145,0,72.96,3.4,56.76999999999998,12.719999999999999,-23.86,0.0
imrp_20251207,2025-12-07,339,0,,price_day,339,2025-12-07,,,1327.5,1241.26,86.25,6.497,1241.26,6.497,907.05,222.19,0.0,93.25,982.19,252.06,0.0,93.25,0.0,0.0,73.177,18.49,88.55,14.992,0,17.113,2.9,75.1400000000001,29.870000000000005,0.0,0.0
imrp_20251208,2025-12-08,340,0,,price_day,340,2025-12-08,,,1178.07,1144.4,33.67,2.858,1144.4,2.858,798.76,197.49,3.66,78.35,874.16,225.56,0.0,78.35,0.0,0.0,61.483,13.55,88.45,25.157,0,61.933,2.8,75.39999999999998,28.069999999999993,-3.66,0.0
imrp_20251209,2025-12-09,341,0,,price_day,47,2025-12-09,,,1229.0,1156.4,72.6,5.907,1156.4,5.907,834.92,205.99,0.0,85.17,910.2,233.63,0.0,85.17,0.0,0.0,66.834,32.15,82.52,12.955,0,26.657,2.6,75.28000000000009,27.639999999999986,0.0,0.0
imrp_20251210,2025-12-10,342,0,,price_day,342,2025-12-10,,,1136.31,1078.75,57.57,5.066,1078.75,5.066,754.51,187.43,7.52,75.91,843.23,217.18,0.0,75.91,0.0,0.0,59.573,20.56,91.69,21.871,0,48.977,2.9,88.72000000000003,29.75,-7.52,0.0
imrp_20251211,2025-12-11,343,0,,price_day,343,2025-12-11,,,1308.33,1277.2,31.12,2.379,1277.2,2.379,898.72,228.83,17.83,89.18,969.74,249.41,0.0,89.18,0.0,0.0,69.986,42.88,93.17,14.48,0,69.527,3.4,71.01999999999998,20.579999999999984,-17.83,0.0
imrp_20251212,2025-12-12,344,0,,price_day,344,2025-12-12,,,1487.3,1462.53,24.77,1.666,1462.53,1.666,1037.71,265.35,0.0,102.87,1101.03,283.4,0.0,102.87,0.0,0.0,80.725,68.62,98.74,9.034,0,76.92,3.4,63.319999999999936,18.049999999999955,0.0,0.0
imrp_20251213,2025-12-13,345,0,,price_day,345,2025-12-13,,,1356.88,1302.41,54.47,4.014,1302.41,4.014,920.87,227.6,0.0,94.29,1004.88,257.72,0.0,94.29,0.0,0.0,73.992,57.29,88.27,8.156,0,47.943,3.6,84.00999999999999,30.120000000000033,0.0,0.0
imrp_20251214,2025-12-14,346,0,,price_day,346,2025-12-14,,,1128.04,1089.4,38.65,3.426,1089.4,3.426,762.92,197.45,24.33,76.05,836.7,215.29,0.0,76.05,0.0,0.0,59.684,38.29,84.7,13.803,0,57.983,3.5,73.78000000000009,17.840000000000003,-24.33,0.0
imrp_20251215,2025-12-15,347,0,,price_day,347,2025-12-15,,,1414.34,1386.97,27.37,1.935,1386.97,1.935,971.41,244.01,0.0,97.44,1047.32,269.57,0.0,97.44,0.0,0.0,76.469,55.23,95.27,10.971,0,67.343,3.3,75.90999999999997,25.560000000000002,0.0,0.0
imrp_20251216,2025-12-16,348,0,,price_day,48,2025-12-16,,,1635.31,1579.49,55.83,3.414,1579.49,3.414,1111.04,277.64,0.0,111.85,1211.72,311.74,0.0,111.85,0.0,0.0,87.778,65.52,120.82,16.716,0,72.593,2.5,100.68000000000006,34.10000000000002,0.0,0.0
imrp_20251217,2025-12-17,349,0,,price_day,349,2025-12-17,,,1403.68,1346.18,57.5,4.096,1346.18,4.096,959.02,237.71,0.0,97.35,1039.54,266.78,0.0,97.35,0.0,0.0,76.4,56.52,94.39,9.39,0,46.503,3.1,80.51999999999998,29.069999999999965,0.0,0.0
imrp_20251218,2025-12-18,350,0,,price_day,350,2025-12-18,,,1191.79,1083.64,108.15,9.075,1083.64,9.075,784.1,194.9,12.45,81.34,883.48,226.98,0.0,81.34,0.0,0.0,63.832,14.41,85.45,21.598,0,8.497,3.1,99.38,32.079999999999984,-12.45,0.0
imrp_20251219,2025-12-19,351,0,,price_day,351,2025-12-19,,,1184.51,1157.29,27.22,2.298,1157.29,2.298,832.78,203.25,2.51,78.24,879.2,227.06,0.0,78.24,0.0,0.0,61.402,6.81,94.6,29.411,0,74.32,3.7,46.42000000000007,23.810000000000002,-2.51,0.0
imrp_20251220,2025-12-20,352,0,,price_day,352,2025-12-20,,,1469.87,1443.57,26.3,1.789,1443.57,1.789,1016.89,256.96,0.0,101.53,1088.72,279.62,0.0,101.53,0.0,0.0,79.675,68.93,95.6,7.309,0,70.41,3.5,71.83000000000004,22.660000000000025,0.0,0.0
imrp_20251221,2025-12-21,353,0,,price_day,353,2025-12-21,,,1465.53,1427.1,38.43,2.622,1427.1,2.622,1007.86,250.18,0.0,101.19,1085.4,278.94,0.0,101.19,0.0,0.0,79.41,62.81,95.19,9.487,0,59.12,3.2,77.54000000000008,28.75999999999999,0.0,0.0
imrp_20251222,2025-12-22,354,0,,price_day,354,2025-12-22,,,1464.55,1440.78,23.77,1.623,1440.78,1.623,1020.15,259.17,0.0,100.22,1085.15,279.19,0.0,100.22,0.0,0.0,78.65,54.83,98.74,12.791,0,75.99,3.2,65.00000000000011,20.019999999999982,0.0,0.0
imrp_20251223,2025-12-23,355,0,,price_day,355,2025-12-23,,,1462.15,1429.05,33.1,2.264,1429.05,2.264,1005.63,251.6,0.0,100.98,1083.09,278.08,0.0,100.98,0.0,0.0,79.246,63.29,89.66,7.454,0,62.793,3.5,77.45999999999992,26.47999999999999,0.0,0.0
imrp_20251224,2025-12-24,356,0,,price_day,49,2025-12-24,,,1394.93,1358.8,36.13,2.59,1358.8,2.59,944.04,240.67,13.06,94.98,1034.19,265.76,0.0,94.98,0.0,0.0,74.534,48.36,91.94,12.545,0,64.39,2.4,90.15000000000009,25.090000000000003,-13.06,0.0
imrp_20251225,2025-12-25,357,0,,price_day,357,2025-12-25,,,1392.15,1367.05,25.1,1.803,1367.05,1.803,972.35,250.08,17.31,94.61,1032.46,265.09,0.0,94.61,0.0,0.0,74.242,46.91,91.76,13.335,0,78.99,2.9,60.110000000000014,15.009999999999962,-17.31,0.0
imrp_20251226,2025-12-26,358,0,,price_day,358,2025-12-26,,,1537.19,1520.31,16.88,1.098,1520.31,1.098,1094.61,278.21,0.0,106.04,1138.81,292.34,0.0,106.04,0.0,0.0,83.217,73.61,96.09,6.446,0,82.76,2.8,44.200000000000045,14.129999999999995,0.0,0.0
imrp_20251227,2025-12-27,359,0,,price_day,359,2025-12-27,,,1512.85,1485.93,26.92,1.779,1485.93,1.779,1072.16,268.77,0.0,104.35,1120.93,287.56,0.0,104.35,0.0,0.0,81.89,70.73,95.06,6.813,0,74.327,3.4,48.76999999999998,18.79000000000002,0.0,0.0
imrp_20251228,2025-12-28,360,0,,price_day,360,2025-12-28,,,1559.36,1532.98,26.39,1.692,1532.98,1.692,1073.12,270.88,0.0,107.43,1155.11,296.83,0.0,107.43,0.0,0.0,84.307,73.26,102.89,8.25,0,75.447,3.2,81.99000000000001,25.94999999999999,0.0,0.0
imrp_20251229,2025-12-29,361,0,,price_day,361,2025-12-29,,,1541.47,1520.85,20.62,1.338,1520.85,1.338,1091.53,274.01,0.0,106.68,1141.54,293.24,0.0,106.68,0.0,0.0,83.716,70.69,94.93,7.473,0,74.587,2.9,50.00999999999999,19.230000000000018,0.0,0.0
imrp_20251230,2025-12-30,362,0,,price_day,362,2025-12-30,,,1557.36,1536.74,20.62,1.324,1536.74,1.324,1108.1,278.07,0.0,107.3,1153.62,296.44,0.0,107.3,0.0,0.0,84.205,71.08,100.13,7.913,0,79.717,2.9,45.51999999999998,18.370000000000005,0.0,0.0
imrp_20251231,2025-12-31,363,0,,price_day,50,2025-12-31,,,1483.45,1411.75,71.7,4.833,1411.75,4.833,1016.11,251.43,0.0,103.04,1098.52,281.89,0.0,103.04,0.0,0.0,80.865,47.11,96.4,9.992,0,38.557,2.3,82.40999999999997,30.45999999999998,0.0,0.0
