case_id,date,sample_order,param,level,price_scenario,base_cost_gbp,opt_cost_gbp,saving_gbp,saving_pct,opt_cost_ext_sum_gbp,saving_pct_ext_sum,opt_cost_it_gbp,opt_cost_cooling_gbp,opt_cost_ups_charge_gbp,opt_cost_other_gbp,base_cost_it_gbp,base_cost_cooling_gbp,base_cost_ups_charge_gbp,base_cost_other_gbp,nominal_max_ups_kw,nominal_max_tes_w,price_mean_gbp_per_mwh,price_min_gbp_per_mwh,price_max_gbp_per_mwh,price_std_gbp_per_mwh,negative_price_hours,extension_price_mean_gbp_per_mwh,runtime_s,saving_it_gbp,saving_cooling_gbp,saving_ups_charge_gbp,saving_other_gbp
imrp_20250101,2025-01-01,1,,,,,,,,,,,,,,,,,,,,,,,,,,,,,,
imrp_20250108,2025-01-08,2,price_day,2.0,2025-01-08,3198.85,2891.54,307.31,9.607,2891.54,9.607,2089.21,510.6,8.76,212.38,2375.15,611.32,0.0,212.38,0.0,0.0,166.669,85.38,332.1,82.515,0.0,99.803,2.9,285.94000000000005,100.72000000000003,-8.76,0.0
imrp_20250116,2025-01-16,3,price_day,3.0,2025-01-16,2064.05,1985.96,78.08,3.783,1985.96,3.783,1367.26,351.5,46.2,142.89,1528.62,392.54,0.0,142.89,0.0,0.0,112.132,88.22,152.0,18.306,0.0,90.333,2.7,161.3599999999999,41.04000000000002,-46.2,0.0
imrp_20250123,2025-01-23,4,price_day,4.0,2025-01-23,1959.97,1887.68,72.29,3.688,1887.68,3.688,1354.03,340.12,0.0,136.12,1451.66,372.19,0.0,136.12,0.0,0.0,106.82,90.95,135.8,12.325,0.0,81.913,2.4,97.63000000000011,32.06999999999999,0.0,0.0
imrp_20250131,2025-01-31,5,price_day,5.0,2025-01-31,2283.5,2215.58,67.93,2.975,2215.58,2.975,1561.17,397.8,10.71,156.97,1691.82,434.71,0.0,156.97,0.0,0.0,123.184,97.08,179.15,20.409,0.0,115.15,2.5,130.64999999999986,36.90999999999997,-10.71,0.0
imrp_20250207,2025-02-07,6,price_day,6.0,2025-02-07,2079.98,2037.33,42.65,2.05,2037.33,2.05,1436.67,367.26,9.26,144.18,1540.39,395.41,0.0,144.18,0.0,0.0,113.15,96.61,135.56,11.775,0.0,100.437,2.6,103.72000000000003,28.150000000000034,-9.26,0.0
imrp_20250214,2025-02-14,7,price_day,7.0,2025-02-14,2374.42,2296.72,77.69,3.272,2296.72,3.272,1615.63,404.58,0.0,163.48,1758.9,452.03,0.0,163.48,0.0,0.0,128.292,101.69,169.82,19.624,0.0,103.55,2.4,143.26999999999998,47.44999999999999,0.0,0.0
imrp_20250222,2025-02-22,8,price_day,8.0,2025-02-22,1512.03,1433.89,78.13,5.167,1433.89,5.167,982.31,246.58,25.7,100.8,1122.52,288.71,0.0,100.8,0.0,0.0,79.101,37.9,131.09,27.278,0.0,75.527,2.5,140.21000000000004,42.12999999999997,-25.7,0.0
imrp_20250301,2025-03-01,9,price_day,9.0,2025-03-01,1810.82,1773.14,37.68,2.081,1773.14,2.081,1225.76,318.64,29.43,125.12,1341.52,344.18,0.0,125.12,0.0,0.0,98.188,80.21,125.87,11.996,0.0,100.447,2.8,115.75999999999999,25.54000000000002,-29.43,0.0
imrp_20250308,2025-03-08,10,price_day,10.0,2025-03-08,1517.08,1474.17,42.91,2.829,1474.17,2.829,1018.44,268.35,50.27,105.46,1122.99,288.63,0.0,105.46,0.0,0.0,82.757,58.2,111.28,13.051,0.0,85.453,3.1,104.54999999999995,20.279999999999973,-50.27,0.0
imrp_20250316,2025-03-16,11,price_day,11.0,2025-03-16,1758.17,1705.79,52.38,2.979,1705.79,2.979,1211.43,309.96,21.77,120.98,1302.89,334.3,0.0,120.98,0.0,0.0,94.943,80.24,127.48,11.267,0.0,85.69,3.2,91.46000000000004,24.340000000000032,-21.77,0.0
imrp_20250323,2025-03-23,12,price_day,12.0,2025-03-23,1801.16,1748.18,52.98,2.941,1748.18,2.941,1204.47,309.88,26.99,123.33,1335.42,342.41,0.0,123.33,0.0,0.0,96.783,73.39,124.21,12.347,0.0,86.65,3.5,130.95000000000005,32.53000000000003,-26.99,0.0
imrp_20250401,2025-04-01,13,price_day,13.0,2025-04-01,1636.45,1519.8,116.65,7.128,1519.8,7.128,1055.7,260.12,21.58,114.24,1211.76,310.45,0.0,114.24,0.0,0.0,89.653,58.48,126.99,19.276,0.0,55.87,3.2,156.05999999999995,50.329999999999984,-21.58,0.0
imrp_20250408,2025-04-08,14,price_day,14.0,2025-04-08,1562.2,1484.32,77.88,4.985,1484.32,4.985,1011.97,255.08,24.7,108.34,1157.04,296.82,0.0,108.34,0.0,0.0,85.024,67.32,125.13,18.66,0.0,75.72,3.4,145.06999999999994,41.73999999999998,-24.7,0.0
imrp_20250415,2025-04-15,15,price_day,15.0,2025-04-15,1548.41,1490.02,58.39,3.771,1490.02,3.771,1008.38,263.03,43.83,107.26,1146.9,294.26,0.0,107.26,0.0,0.0,84.171,65.89,104.64,10.901,0.0,65.593,3.0,138.5200000000001,31.230000000000018,-43.83,0.0
imrp_20250423,2025-04-23,16,price_day,16.0,2025-04-23,1625.31,1564.43,60.88,3.746,1564.43,3.746,1070.28,273.38,27.08,112.24,1203.81,309.26,0.0,112.24,0.0,0.0,88.081,72.21,119.07,14.302,0.0,73.33,2.9,133.52999999999997,35.879999999999995,-27.08,0.0
imrp_20250430,2025-04-30,17,price_day,17.0,2025-04-30,1454.66,1407.97,46.69,3.21,1407.97,3.21,958.84,243.56,22.5,101.1,1077.21,276.36,0.0,101.1,0.0,0.0,79.336,60.87,105.03,12.777,0.0,73.907,2.9,118.37,32.80000000000001,-22.5,0.0
imrp_20250508,2025-05-08,18,price_day,18.0,2025-05-08,1571.33,1519.57,51.76,3.294,1519.57,3.294,1035.67,263.55,24.72,109.24,1163.39,298.71,0.0,109.24,0.0,0.0,85.723,67.44,113.87,13.745,0.0,77.65,3.1,127.72000000000003,35.15999999999997,-24.72,0.0
imrp_20250515,2025-05-15,19,price_day,19.0,2025-05-15,1485.32,1446.42,38.9,2.619,1446.42,2.619,983.5,251.38,24.28,102.12,1100.46,282.74,0.0,102.12,0.0,0.0,80.142,62.48,101.74,12.046,0.0,73.7,2.8,116.96000000000004,31.360000000000014,-24.28,0.0
imrp_20250522,2025-05-22,20,price_day,20.0,2025-05-22,1595.38,1558.62,36.77,2.305,1558.62,2.305,1068.81,272.92,26.29,109.96,1182.0,303.43,0.0,109.96,0.0,0.0,86.292,69.97,107.42,11.501,0.0,82.147,2.9,113.19000000000005,30.50999999999999,-26.29,0.0
imrp_20250530,2025-05-30,21,price_day,21.0,2025-05-30,1177.98,1144.35,33.63,2.855,1144.35,2.855,784.49,191.52,0.0,77.12,875.47,225.39,0.0,77.12,0.0,0.0,60.518,25.12,111.59,27.956,0.0,81.96,2.6,90.98000000000002,33.869999999999976,0.0,0.0
imrp_20250606,2025-06-06,22,price_day,22.0,2025-06-06,1392.35,1325.13,67.22,4.828,1325.13,4.828,904.82,222.2,35.53,94.95,1032.72,264.68,0.0,94.95,0.0,0.0,74.515,47.26,103.36,19.991,0.0,80.273,3.4,127.89999999999998,42.48000000000002,-35.53,0.0
imrp_20250614,2025-06-14,23,price_day,23.0,2025-06-14,1268.06,1177.16,90.9,7.169,1177.16,7.169,810.82,190.95,2.87,88.58,939.94,239.55,0.0,88.58,0.0,0.0,69.514,7.8,99.06,28.398,0.0,76.083,3.2,129.12,48.60000000000002,-2.87,0.0
imrp_20250621,2025-06-21,24,price_day,24.0,2025-06-21,1435.64,1337.28,98.36,6.851,1337.28,6.851,915.17,218.84,6.37,99.83,1064.18,271.64,0.0,99.83,0.0,0.0,78.339,17.08,115.33,28.558,0.0,80.6,2.9,149.0100000000001,52.79999999999998,-6.37,0.0
imrp_20250628,2025-06-28,25,,,,,,,,,,,,,,,,,,,,,,,,,,,,,,
imrp_20250706,2025-07-06,26,price_day,26.0,2025-07-06,1360.5,1322.25,38.24,2.811,1322.25,2.811,902.78,227.29,19.37,92.93,1009.14,258.43,0.0,92.93,0.0,0.0,72.925,52.33,95.79,13.068,0.0,75.55,5.3,106.36000000000001,31.140000000000015,-19.37,0.0
imrp_20250713,2025-07-13,27,price_day,27.0,2025-07-13,1549.39,1515.83,33.56,2.166,1515.83,2.166,1057.68,264.67,0.0,106.58,1148.25,294.56,0.0,106.58,0.0,0.0,83.642,71.52,108.36,11.615,0.0,79.07,3.7,90.56999999999994,29.889999999999986,0.0,0.0
imrp_20250720,2025-07-20,28,price_day,28.0,2025-07-20,1456.21,1420.97,35.24,2.42,1420.97,2.42,972.76,244.91,20.17,100.65,1078.98,276.59,0.0,100.65,0.0,0.0,78.985,54.34,98.76,11.433,0.0,75.483,4.1,106.22000000000003,31.67999999999998,-20.17,0.0
imrp_20250728,2025-07-28,29,price_day,29.0,2025-07-28,1508.48,1472.7,35.78,2.372,1472.7,2.372,1028.95,258.28,0.0,103.81,1117.76,286.91,0.0,103.81,0.0,0.0,81.462,68.7,102.17,9.351,0.0,72.2,3.9,88.80999999999995,28.630000000000052,0.0,0.0
imrp_20250804,2025-08-04,30,price_day,30.0,2025-08-04,804.17,676.22,127.95,15.911,676.22,15.911,495.72,111.05,1.84,58.81,594.7,150.67,0.0,58.81,0.0,0.0,46.153,4.75,81.4,26.474,0.0,7.083,3.7,98.98000000000002,39.61999999999999,-1.84,0.0
imrp_20250812,2025-08-12,31,price_day,31.0,2025-08-12,1588.48,1532.12,56.35,3.548,1532.12,3.548,1043.4,264.62,24.96,109.21,1177.18,302.08,0.0,109.21,0.0,0.0,85.705,68.04,126.17,16.496,0.0,81.477,3.1,133.77999999999997,37.45999999999998,-24.96,0.0
imrp_20250819,2025-08-19,32,price_day,32.0,2025-08-19,1438.8,1403.83,34.97,2.431,1403.83,2.431,958.52,246.07,23.95,99.81,1065.51,273.48,0.0,99.81,0.0,0.0,78.324,64.94,97.07,8.715,0.0,68.317,2.8,106.99000000000001,27.410000000000025,-23.95,0.0
imrp_20250826,2025-08-26,33,price_day,33.0,2025-08-26,1532.08,1480.69,51.39,3.354,1480.69,3.354,1009.03,256.06,23.17,105.63,1135.09,291.35,0.0,105.63,0.0,0.0,82.897,63.12,115.32,14.717,0.0,78.693,2.8,126.05999999999995,35.29000000000002,-23.17,0.0
imrp_20250903,2025-09-03,34,price_day,34.0,2025-09-03,1404.76,1334.07,70.68,5.032,1334.07,5.032,922.21,231.72,23.54,97.72,1040.33,266.71,0.0,97.72,0.0,0.0,76.684,51.63,93.45,11.345,0.0,45.92,3.3,118.11999999999989,34.98999999999998,-23.54,0.0
imrp_20250910,2025-09-10,35,price_day,35.0,2025-09-10,1340.33,1203.29,137.04,10.225,1203.29,10.225,859.05,210.93,21.57,93.04,992.74,254.55,0.0,93.04,0.0,0.0,73.015,22.67,104.58,20.081,0.0,15.523,2.9,133.69000000000005,43.620000000000005,-21.57,0.0
imrp_20250918,2025-09-18,36,price_day,36.0,2025-09-18,947.71,825.11,122.6,12.936,825.11,12.936,565.43,127.18,8.04,62.87,704.32,180.52,0.0,62.87,0.0,0.0,49.341,8.57,103.11,32.231,0.0,51.007,3.3,138.8900000000001,53.34,-8.04,0.0
imrp_20250925,2025-09-25,37,price_day,37.0,2025-09-25,1492.99,1434.67,58.32,3.906,1434.67,3.906,980.06,249.49,24.8,103.42,1105.78,283.79,0.0,103.42,0.0,0.0,81.156,65.57,106.81,13.661,0.0,70.113,3.4,125.72000000000003,34.30000000000001,-24.8,0.0
imrp_20251002,2025-10-02,38,price_day,38.0,2025-10-02,1362.87,1247.28,115.59,8.481,1247.28,8.481,882.37,220.19,23.71,95.81,1008.48,258.59,0.0,95.81,0.0,0.0,75.185,24.24,110.1,17.433,0.0,19.653,3.1,126.11000000000001,38.39999999999998,-23.71,0.0
imrp_20251010,2025-10-10,39,price_day,39.0,2025-10-10,1588.49,1538.1,50.39,3.172,1538.1,3.172,1047.45,268.09,26.49,109.77,1176.61,302.11,0.0,109.77,0.0,0.0,86.142,72.0,116.38,13.418,0.0,77.983,3.0,129.15999999999985,34.02000000000004,-26.49,0.0
imrp_20251017,2025-10-17,40,price_day,40.0,2025-10-17,1648.38,1589.37,59.02,3.58,1589.37,3.58,1085.94,281.82,35.32,114.0,1220.92,313.46,0.0,114.0,0.0,0.0,89.462,73.5,124.21,14.627,0.0,80.507,3.6,134.98000000000002,31.639999999999986,-35.32,0.0
imrp_20251025,2025-10-25,41,,,,,,,,,,,,,,,,,,,,,,,,,,,,,,
imrp_20251102,2025-11-02,42,price_day,42.0,2025-11-02,1098.33,1004.55,93.78,8.538,1004.55,8.538,721.57,174.71,0.0,74.11,814.97,209.25,0.0,74.11,0.0,0.0,58.157,43.12,103.71,18.932,0.0,27.03,3.7,93.39999999999998,34.53999999999999,0.0,0.0
imrp_20251109,2025-11-09,43,price_day,43.0,2025-11-09,1492.93,1454.45,38.48,2.578,1454.45,2.578,1018.96,256.61,0.0,102.7,1106.28,283.95,0.0,102.7,0.0,0.0,80.594,69.49,104.07,9.719,0.0,71.527,2.9,87.31999999999994,27.339999999999975,0.0,0.0
imrp_20251117,2025-11-17,44,price_day,44.0,2025-11-17,1497.57,1454.08,43.49,2.904,1454.08,2.904,1022.8,255.66,0.0,102.03,1110.06,285.48,0.0,102.03,0.0,0.0,80.07,52.22,114.36,16.567,0.0,75.887,2.6,87.25999999999999,29.82000000000002,0.0,0.0
imrp_20251124,2025-11-24,45,price_day,45.0,2025-11-24,1615.12,1573.56,41.56,2.573,1573.56,2.573,1109.17,278.27,0.0,111.14,1196.17,307.81,0.0,111.14,0.0,0.0,87.217,62.76,112.07,14.884,0.0,73.023,3.0,87.0,29.54000000000002,0.0,0.0
imrp_20251201,2025-12-01,46,price_day,46.0,2025-12-01,1357.44,1307.73,49.71,3.662,1307.73,3.662,928.31,231.96,0.0,92.92,1005.79,258.73,0.0,92.92,0.0,0.0,72.923,45.74,91.85,15.035,0.0,48.17,2.6,77.48000000000002,26.77000000000001,0.0,0.0
imrp_20251209,2025-12-09,47,price_day,47.0,2025-12-09,1229.0,1156.4,72.6,5.907,1156.4,5.907,834.92,205.99,0.0,85.17,910.2,233.63,0.0,85.17,0.0,0.0,66.834,32.15,82.52,12.955,0.0,26.657,2.6,75.28000000000009,27.639999999999986,0.0,0.0
imrp_20251216,2025-12-16,48,price_day,48.0,2025-12-16,1635.31,1579.49,55.83,3.414,1579.49,3.414,1111.04,277.64,0.0,111.85,1211.72,311.74,0.0,111.85,0.0,0.0,87.778,65.52,120.82,16.716,0.0,72.593,2.5,100.68000000000006,34.10000000000002,0.0,0.0
imrp_20251224,2025-12-24,49,price_day,49.0,2025-12-24,1394.93,1358.8,36.13,2.59,1358.8,2.59,944.04,240.67,13.06,94.98,1034.19,265.76,0.0,94.98,0.0,0.0,74.534,48.36,91.94,12.545,0.0,64.39,2.4,90.15000000000009,25.090000000000003,-13.06,0.0
imrp_20251231,2025-12-31,50,price_day,50.0,2025-12-31,1483.45,1411.75,71.7,4.833,1411.75,4.833,1016.11,251.43,0.0,103.04,1098.52,281.89,0.0,103.04,0.0,0.0,80.865,47.11,96.4,9.992,0.0,38.557,2.3,82.40999999999997,30.45999999999998,0.0,0.0
