date,start_step,start_hour,magnitude_kw,duration_steps,duration_hours,solver_calls,solver_runtime_s,maximum_solver_relative_gap,validated,boundary_verified,duration_is_lower_bound,maximum_target_error_kw,maximum_recovery_energy_shortfall_kwh,maximum_recovery_temperature_error_c,maximum_recovery_workload_excess_cpu_h,maximum_component_closure_error_kw,recovery_steps,solver_quality,solver_relative_gap,solver_meets_accepted_gap
2025-09-22,0,0.0,-500.0,0,0.0,6,0.7426124000012351,,True,True,False,,,,,,,,,
2025-09-22,0,0.0,-450.0,0,0.0,6,0.7069986999977118,,True,True,False,,,,,,,,,
2025-09-22,0,0.0,-400.0,0,0.0,6,0.7070966999981465,,True,True,False,,,,,,,,,
2025-09-22,0,0.0,-350.0,0,0.0,6,0.7112242999974114,,True,True,False,,,,,,,,,
2025-09-22,0,0.0,-300.0,0,0.0,6,0.7212657000018226,,True,True,False,,,,,,,,,
2025-09-22,0,0.0,-250.0,0,0.0,6,0.7800925000010466,,True,True,False,,,,,,,,,
2025-09-22,0,0.0,-200.0,0,0.0,6,0.8024109999987559,,True,True,False,,,,,,,,,
2025-09-22,0,0.0,-150.0,0,0.0,6,0.8001666999989538,,True,True,False,,,,,,,,,
2025-09-22,0,0.0,-100.0,0,0.0,6,0.7882991999995284,,True,True,False,,,,,,,,,
2025-09-22,0,0.0,25.0,23,5.75,8,377.93442009999853,0.0007776896208572279,True,False,True,0.10000000000343334,0.0,0.00018980751400121676,1.0000000000027348e-07,5.059064278611913e-12,12.0,optimal,1.440661049226633e-05,True
2025-09-22,0,0.0,50.0,18,4.5,6,5.222046400002,0.000983230057190961,True,True,False,0.10000000000025011,0.0,0.0010449822074427573,1.0000000000027348e-07,5.144329406903125e-12,12.0,optimal,0.000983230057190961,True
2025-09-22,0,0.0,75.0,18,4.5,6,3.9080913000034343,0.0004901842283278661,True,True,False,0.10000000000059117,0.0,0.0015655196071620026,1.0000000000027348e-07,5.087485988042317e-12,12.0,optimal,0.0004901842283278661,True
2025-09-22,4,1.0,-500.0,0,0.0,6,0.7092625000004773,,True,True,False,,,,,,,,,
2025-09-22,4,1.0,-450.0,0,0.0,6,0.7138331000005564,,True,True,False,,,,,,,,,
2025-09-22,4,1.0,-400.0,0,0.0,6,0.7657965000016702,,True,True,False,,,,,,,,,
2025-09-22,4,1.0,-350.0,0,0.0,6,0.7030359999989741,,True,True,False,,,,,,,,,
2025-09-22,4,1.0,-300.0,0,0.0,6,0.7339687000021513,,True,True,False,,,,,,,,,
2025-09-22,4,1.0,-250.0,0,0.0,6,0.7632710999987466,,True,True,False,,,,,,,,,
2025-09-22,4,1.0,-200.0,0,0.0,6,0.7118922000008752,,True,True,False,,,,,,,,,
2025-09-22,4,1.0,-150.0,0,0.0,6,0.6890688000021328,,True,True,False,,,,,,,,,
2025-09-22,4,1.0,-100.0,0,0.0,6,0.6596034000012878,,True,True,False,,,,,,,,,
2025-09-22,4,1.0,25.0,19,4.75,7,290.04400310000165,0.00012027827272962396,True,False,True,0.10000000000434284,0.0,0.0001963113722531773,1.0000000000027348e-07,5.059064278611913e-12,12.0,optimal,2.612429578386501e-06,True
2025-09-22,4,1.0,50.0,14,3.5,7,4.296158499997546,0.00012825566965786285,True,True,False,0.10000000000070486,0.0,0.0016266664201260994,1.0000000000027348e-07,5.115907697472721e-12,12.0,optimal,5.648155803603436e-07,True
2025-09-22,4,1.0,75.0,14,3.5,7,4.044979199999943,7.376556949837552e-06,True,True,False,0.10000000000013642,0.0,0.0015717274330064868,1.0000000000027348e-07,5.115907697472721e-12,12.0,optimal,7.376556949837552e-06,True
2025-09-22,8,2.0,-500.0,0,0.0,6,0.7358783000017866,,True,True,False,,,,,,,,,
2025-09-22,8,2.0,-450.0,0,0.0,6,0.7410540000018955,,True,True,False,,,,,,,,,
2025-09-22,8,2.0,-400.0,0,0.0,6,0.6835568000005878,,True,True,False,,,,,,,,,
2025-09-22,8,2.0,-350.0,0,0.0,6,0.7844870000044466,,True,True,False,,,,,,,,,
2025-09-22,8,2.0,-300.0,0,0.0,6,0.7999149999996007,,True,True,False,,,,,,,,,
2025-09-22,8,2.0,-250.0,0,0.0,6,0.7627793999999994,,True,True,False,,,,,,,,,
2025-09-22,8,2.0,-200.0,0,0.0,6,0.8211648000014975,,True,True,False,,,,,,,,,
2025-09-22,8,2.0,-150.0,0,0.0,6,0.767588099997738,,True,True,False,,,,,,,,,
2025-09-22,8,2.0,-100.0,0,0.0,6,0.8708507000010286,,True,True,False,,,,,,,,,
2025-09-22,8,2.0,25.0,25,6.25,7,413.1092606000002,0.00011279837496137152,True,False,True,0.1000000000020691,0.0,0.04999999999999716,9.999999999940612e-08,5.115907697472721e-12,12.0,optimal,0.00011279837496137152,True
2025-09-22,8,2.0,50.0,10,2.5,7,2.9685257999990426,0.0,True,True,False,0.10000000000025011,0.0,0.00019813617615582757,1.0000000000027348e-07,5.115907697472721e-12,12.0,optimal,0.0,True
2025-09-22,8,2.0,75.0,10,2.5,7,1.8786243999984436,2.1259341839977987e-05,True,True,False,0.10000000000013642,0.0,0.0015642520935195137,1.0000000000027348e-07,4.916955731459893e-12,12.0,optimal,1.1675272553095112e-16,True
2025-09-22,12,3.0,-500.0,8,2.0,7,1.431554500000857,0.0003069175629754903,True,True,False,0.10000000000002274,0.0,0.004053718684900787,1.0000000000027348e-07,5.002220859751105e-12,12.0,optimal,1.6925713132470527e-05,True
2025-09-22,12,3.0,-450.0,9,2.25,6,1.223180200002389,7.616538915840738e-05,True,True,False,0.10000000000002274,0.0,0.00196565220544187,1.0000000000027348e-07,5.059064278611913e-12,12.0,optimal,7.616538915840738e-05,True
2025-09-22,12,3.0,-400.0,10,2.5,7,1.6287235999989207,1.859759168473141e-05,True,True,False,0.10000000000002274,0.0,0.05000000000000071,1.0000000000027348e-07,5.002220859751105e-12,12.0,optimal,4.830071758826998e-06,True
2025-09-22,12,3.0,-350.0,11,2.75,7,1.904602900001919,0.0009430112919365904,True,True,False,0.10000000000013642,0.0,0.05000000000000071,1.0000000000027348e-07,5.115907697472721e-12,12.0,optimal,0.00017058520273063155,True
2025-09-22,12,3.0,-300.0,12,3.0,6,2.136828200000309,0.0008971307517770894,True,True,False,0.10000000000002274,0.0,0.05000000000000071,1.0000000000027348e-07,5.059064278611913e-12,12.0,optimal,0.0008971307517770894,True
2025-09-22,12,3.0,-250.0,14,3.5,7,2.5588682999969024,0.0006867121373235748,True,True,False,0.10000000000002274,0.0,0.05000000000000071,1.0000000000027348e-07,5.059064278611913e-12,12.0,optimal,2.1499564524049735e-05,True
2025-09-22,12,3.0,-200.0,16,4.0,7,2.2451155000017025,6.895860668940597e-07,True,True,False,0.10000000000002274,0.0,0.05000000000000071,0.0,5.059064278611913e-12,12.0,optimal,3.5012553570508804e-07,True
2025-09-22,12,3.0,-150.0,16,4.0,7,2.138237699995443,0.0007853242022337376,True,True,False,0.10000000000002274,0.0,0.05000000000000071,0.0,5.087485988042317e-12,12.0,optimal,0.0004927761762911533,True
2025-09-22,12,3.0,-100.0,16,4.0,7,1.2717054000004282,0.0003318548416222535,True,True,False,0.10000000000025011,0.0,0.04999999999999716,0.0,5.059064278611913e-12,12.0,optimal,0.0002075650663685399,True
2025-09-22,12,3.0,25.0,48,12.0,1,36.18969010000001,0.00014317664856512921,True,True,False,0.1000000000133241,0.0,0.05000000000000071,1.0000000000287557e-07,5.115907697472721e-12,12.0,optimal,0.00014317664856512921,True
2025-09-22,12,3.0,50.0,7,1.75,7,5.0546572000021115,7.679314596378359e-06,True,True,False,0.10000000000013642,0.0,0.0006128971467589395,1.0000000000027348e-07,5.059064278611913e-12,12.0,optimal,7.679314596378359e-06,True
2025-09-22,12,3.0,75.0,6,1.5,6,1.3672810999996727,7.046656768931307e-06,True,True,False,0.10000000000002274,0.0,0.0001219182220602022,1.0000000000027348e-07,5.002220859751105e-12,12.0,optimal,7.046656768931307e-06,True
2025-09-22,16,4.0,-500.0,4,1.0,7,0.8984925000022486,0.00035520912411762123,True,True,False,0.10000000000002274,0.0,0.0014271291100875771,1.0000000000287557e-07,3.865352482534945e-12,12.0,optimal,0.00035520912411762123,True
2025-09-22,16,4.0,-450.0,7,1.75,7,0.9690043999999034,0.00013905250685686068,True,True,False,0.10000000000002274,0.0,0.0022294392764621307,1.0000000000027348e-07,3.865352482534945e-12,12.0,optimal,2.746737561561673e-05,True
2025-09-22,16,4.0,-400.0,8,2.0,7,1.1582441999998991,0.00021755801604233206,True,True,False,0.10000000000013642,0.0,0.05000000000000071,1.0000000000027348e-07,3.865352482534945e-12,12.0,optimal,1.2494462555548173e-16,True
2025-09-22,16,4.0,-350.0,8,2.0,7,1.7415520999984437,0.00016528050890231484,True,True,False,0.10000000000002274,0.0,0.05000000000000071,1.0000000000027348e-07,3.922195901395753e-12,12.0,optimal,0.00016528050890231484,True
2025-09-22,16,4.0,-300.0,11,2.75,7,2.011489000004076,3.473562942969922e-06,True,True,False,0.10000000000013642,0.0,0.05000000000000071,1.0000000000027348e-07,3.865352482534945e-12,12.0,optimal,2.1199752489461667e-06,True
2025-09-22,16,4.0,-250.0,12,3.0,6,1.007904399997642,0.00011208633001082032,True,True,False,0.10000000000013642,0.0,0.05000000000000071,0.0,3.893774191965349e-12,12.0,optimal,0.00011208633001082032,True
2025-09-22,16,4.0,-200.0,12,3.0,6,1.1089005999965593,1.5766851777196157e-05,True,True,False,0.10000000000007958,0.0,0.05000000000000071,0.0,3.836930773104541e-12,12.0,optimal,1.5766851777196157e-05,True
2025-09-22,16,4.0,-150.0,12,3.0,6,0.9830963999993401,0.0008845440397564203,True,True,False,0.1000000000003638,0.0,0.04999999999999716,0.0,3.893774191965349e-12,12.0,optimal,0.0008845440397564203,True
2025-09-22,16,4.0,-100.0,12,3.0,6,1.153177299998788,1.2536927704679915e-05,True,True,False,0.10000000000007958,0.0,0.04999999999999716,0.0,3.893774191965349e-12,12.0,optimal,1.2536927704679915e-05,True
2025-09-22,16,4.0,25.0,48,12.0,1,59.0255941000014,4.358166756571957e-05,True,True,False,0.10000000004811227,0.0,7.279515579838858e-05,1.0000000000027348e-07,4.82316409033956e-11,12.0,optimal,4.358166756571957e-05,True
2025-09-22,16,4.0,50.0,7,1.75,7,14.277674699998897,0.0005741603216690028,True,True,False,0.10000000000150067,0.0,0.00018688546846945542,1.0000000000027348e-07,3.922195901395753e-12,12.0,optimal,3.133905399654719e-05,True
2025-09-22,16,4.0,75.0,3,0.75,6,1.794381699999576,0.0,True,True,False,0.10000000000013642,0.0,0.0006057973588120547,1.0000000000027348e-07,3.950617610826157e-12,12.0,optimal,0.0,True
2025-09-22,20,5.0,-500.0,0,0.0,6,0.6637005000011413,,True,True,False,,,,,,,,,
2025-09-22,20,5.0,-450.0,4,1.0,7,0.8636649999989459,1.7410824921041514e-16,True,True,False,0.10000000000002274,0.0,0.0007339840103881556,1.0000000000027348e-07,2.2737367544323206e-13,12.0,optimal,1.7410824921041514e-16,True
2025-09-22,20,5.0,-400.0,4,1.0,7,0.9025927000002412,6.896228247865725e-05,True,True,False,0.10000000000002274,0.0,0.05000000000000071,1.0000000000027348e-07,2.2737367544323206e-13,12.0,optimal,6.896228247865725e-05,True
2025-09-22,20,5.0,-350.0,4,1.0,7,0.8685600999997405,2.2764161530379403e-06,True,True,False,0.10000000000002274,0.0,5.820469399608896e-05,1.0000000000027348e-07,2.2737367544323206e-13,12.0,optimal,0.0,True
2025-09-22,20,5.0,-300.0,8,2.0,7,1.0440297000004648,0.000667749654433806,True,True,False,0.10000000000007958,0.0,0.05000000000000071,0.0,5.684341886080801e-13,12.0,optimal,0.000667749654433806,True
2025-09-22,20,5.0,-250.0,8,2.0,7,1.1236418999978923,0.00033649117685951224,True,True,False,0.10000000000005116,0.0,0.05000000000000071,0.0,5.684341886080801e-13,12.0,optimal,0.00010883380908575059,True
2025-09-22,20,5.0,-200.0,8,2.0,7,1.087970900000073,0.0009921307471040413,True,True,False,0.10000000000002274,0.0,0.05000000000000071,0.0,5.684341886080801e-13,12.0,optimal,1.0316014737885302e-05,True
2025-09-22,20,5.0,-150.0,8,2.0,7,1.0235720000018773,5.56840269595403e-05,True,True,False,0.10000000000007958,0.0,0.04999999999999716,0.0,5.400124791776761e-13,12.0,optimal,5.56840269595403e-05,True
2025-09-22,20,5.0,-100.0,8,2.0,7,1.0835808999981964,6.653280345643942e-05,True,True,False,0.10000000000013642,0.0,0.04999999999999716,0.0,5.684341886080801e-13,12.0,optimal,9.707556739511035e-06,True
2025-09-22,20,5.0,25.0,39,9.75,6,184.7752197000009,8.587598087807763e-05,True,False,True,0.10000000000479758,0.0,0.0003570259136509435,1.0000000000287557e-07,5.115907697472721e-12,12.0,optimal,2.963169822059196e-06,True
2025-09-22,20,5.0,50.0,2,0.5,7,2.8242656999973406,1.162195232775751e-16,True,True,False,0.10000000000013642,0.0,0.00014292743126986807,1.0000000000027348e-07,1.7053025658242404e-13,12.0,optimal,1.162195232775751e-16,True
2025-09-22,20,5.0,75.0,1,0.25,7,1.541807499996139,0.0,True,True,False,0.10000000000002274,0.0,0.00013110212396583165,1.0000000000027348e-07,7.105427357601002e-14,12.0,optimal,0.0,True
2025-09-22,24,6.0,-500.0,0,0.0,6,0.6550496999989264,,True,True,False,,,,,,,,,
2025-09-22,24,6.0,-450.0,0,0.0,6,0.6629220999966492,,True,True,False,,,,,,,,,
2025-09-22,24,6.0,-400.0,0,0.0,6,0.6650196999999025,,True,True,False,,,,,,,,,
2025-09-22,24,6.0,-350.0,0,0.0,6,0.6567523000012443,,True,True,False,,,,,,,,,
2025-09-22,24,6.0,-300.0,4,1.0,7,0.8189121999948838,8.075836135424763e-05,True,True,False,0.10000000000002274,0.0,0.05000000000000071,0.0,5.115907697472721e-13,12.0,optimal,8.075836135424763e-05,True
2025-09-22,24,6.0,-250.0,4,1.0,7,0.8888841999996657,0.00016189707028854857,True,True,False,0.10000000000002274,0.0,0.04999999999999716,0.0,5.400124791776761e-13,12.0,optimal,0.00016189707028854857,True
2025-09-22,24,6.0,-200.0,4,1.0,7,0.862017499999638,6.963553609791074e-06,True,True,False,0.10000000000002274,0.0,0.04999999999999716,0.0,5.684341886080801e-13,12.0,optimal,0.0,True
2025-09-22,24,6.0,-150.0,4,1.0,7,0.9267813999995269,0.0001629416899892213,True,True,False,0.10000000000007958,0.0,0.04999999999999716,0.0,5.684341886080801e-13,12.0,optimal,0.0001629416899892213,True
2025-09-22,24,6.0,-100.0,4,1.0,7,0.8843679999972665,7.000801641928752e-06,True,True,False,0.10000000000007958,0.0,0.04999999999999716,0.0,5.684341886080801e-13,12.0,optimal,0.0,True
2025-09-22,24,6.0,25.0,41,10.25,8,422.01892249999764,9.72386762332235e-05,True,False,True,0.10000000001559783,0.0,7.99210130821848e-05,9.999999999940612e-08,5.002220859751105e-12,12.0,optimal,9.72386762332235e-05,True
2025-09-22,24,6.0,50.0,35,8.75,7,170.88986569999906,0.0022877879886183342,True,True,False,0.10000000000161435,0.0,0.05000000000000071,1.0000000000287557e-07,4.945377440890297e-12,12.0,time_limit_gap_accepted,0.0022877879886183342,True
2025-09-22,24,6.0,75.0,29,7.25,7,5.310250900000028,6.494956881088108e-05,True,True,False,0.10000000000013642,0.0,0.05000000000000071,1.0000000000027348e-07,3.410605131648481e-11,12.0,optimal,6.494956881088108e-05,True
2025-09-22,28,7.0,-500.0,0,0.0,6,0.6464174000011553,,True,True,False,,,,,,,,,
2025-09-22,28,7.0,-450.0,0,0.0,6,0.5937847999994119,,True,True,False,,,,,,,,,
2025-09-22,28,7.0,-400.0,0,0.0,6,0.6396718999985751,,True,True,False,,,,,,,,,
2025-09-22,28,7.0,-350.0,0,0.0,6,0.5910650000005262,,True,True,False,,,,,,,,,
2025-09-22,28,7.0,-300.0,0,0.0,6,0.6751970999994228,,True,True,False,,,,,,,,,
2025-09-22,28,7.0,-250.0,0,0.0,6,0.6683358999998745,,True,True,False,,,,,,,,,
2025-09-22,28,7.0,-200.0,0,0.0,6,0.6623772000002646,,True,True,False,,,,,,,,,
2025-09-22,28,7.0,-150.0,0,0.0,6,0.7593712999987474,,True,True,False,,,,,,,,,
2025-09-22,28,7.0,-100.0,0,0.0,6,0.6451128999997309,,True,True,False,,,,,,,,,
2025-09-22,28,7.0,25.0,35,8.75,7,145.86633429999893,0.00043177635960219853,True,False,True,0.10000000000275122,0.0,0.00012233338823719464,1.0000000000027348e-07,8.526512829121202e-12,12.0,optimal,0.00016698412499645585,True
2025-09-22,28,7.0,50.0,29,7.25,7,76.20104080000056,0.0003469789688054451,True,False,True,0.10000000001650733,0.0,0.04999999999999716,1.0000000000287557e-07,5.115907697472721e-12,12.0,optimal,0.0003469789688054451,True
2025-09-22,28,7.0,75.0,25,6.25,7,2.874025500001153,9.074037052506074e-05,True,True,False,0.10000000000007958,0.0,0.04999999999999716,1.0000000000027348e-07,3.950617610826157e-12,12.0,optimal,9.074037052506074e-05,True
2025-09-22,32,8.0,-500.0,0,0.0,6,0.6504236000000674,,True,True,False,,,,,,,,,
2025-09-22,32,8.0,-450.0,0,0.0,6,0.7070688000003429,,True,True,False,,,,,,,,,
2025-09-22,32,8.0,-400.0,0,0.0,6,0.7083065000006172,,True,True,False,,,,,,,,,
2025-09-22,32,8.0,-350.0,0,0.0,6,0.6050331000024016,,True,True,False,,,,,,,,,
2025-09-22,32,8.0,-300.0,0,0.0,6,0.6444796000032511,,True,True,False,,,,,,,,,
2025-09-22,32,8.0,-250.0,0,0.0,6,0.6479242000004888,,True,True,False,,,,,,,,,
2025-09-22,32,8.0,-200.0,0,0.0,6,0.6571679000007862,,True,True,False,,,,,,,,,
2025-09-22,32,8.0,-150.0,0,0.0,6,0.6456274000011035,,True,True,False,,,,,,,,,
2025-09-22,32,8.0,-100.0,0,0.0,6,0.7339382999962254,,True,True,False,,,,,,,,,
2025-09-22,32,8.0,25.0,48,12.0,1,60.309740700000475,0.002377481478740412,True,True,False,0.1000000000046839,0.0,0.0015251897183432561,0.0,5.115907697472721e-12,12.0,time_limit_gap_accepted,0.002377481478740412,True
2025-09-22,32,8.0,50.0,27,6.75,6,61.07778759999928,0.00017254336342755012,True,True,False,0.10000000000889031,0.0,0.003310553690475615,1.0000000000287557e-07,5.087485988042317e-12,12.0,optimal,0.00017254336342755012,True
2025-09-22,32,8.0,75.0,21,5.25,6,3.1649944000000687,0.00022314538650969104,True,True,False,0.10000000000019327,0.0,0.05000000000000071,1.0000000000027348e-07,3.950617610826157e-12,12.0,optimal,0.00022314538650969104,True
2025-09-22,36,9.0,-500.0,0,0.0,6,0.6473574999981793,,True,True,False,,,,,,,,,
2025-09-22,36,9.0,-450.0,0,0.0,6,0.7259224000026734,,True,True,False,,,,,,,,,
2025-09-22,36,9.0,-400.0,0,0.0,6,0.6861919000002672,,True,True,False,,,,,,,,,
2025-09-22,36,9.0,-350.0,0,0.0,6,0.63460699999996,,True,True,False,,,,,,,,,
2025-09-22,36,9.0,-300.0,0,0.0,6,0.7043197000020882,,True,True,False,,,,,,,,,
2025-09-22,36,9.0,-250.0,0,0.0,6,0.7122011000028579,,True,True,False,,,,,,,,,
2025-09-22,36,9.0,-200.0,0,0.0,6,0.6698617999991257,,True,True,False,,,,,,,,,
2025-09-22,36,9.0,-150.0,0,0.0,6,0.7016062999991846,,True,True,False,,,,,,,,,
2025-09-22,36,9.0,-100.0,0,0.0,6,0.8250337000008585,,True,True,False,,,,,,,,,
2025-09-22,36,9.0,25.0,38,9.5,7,237.66975490000186,0.0008692647101296838,True,False,True,0.10000000000138698,0.0,0.04999999999999716,0.0,5.087485988042317e-12,12.0,optimal,8.934942316623354e-05,True
2025-09-22,36,9.0,50.0,23,5.75,7,30.17832499999895,0.00041884055617488725,True,True,False,0.10000000000025011,0.0,0.0033106840582846075,1.0000000000287557e-07,5.172751116333529e-12,12.0,optimal,0.00018786683193812117,True
2025-09-22,36,9.0,75.0,17,4.25,7,2.3848225999990973,0.0004983343297824325,True,True,False,0.10000000000013642,0.0,0.04999999999999716,1.0000000000027348e-07,3.893774191965349e-12,12.0,optimal,7.744649688861384e-06,True
2025-09-22,40,10.0,-500.0,0,0.0,6,0.7406232000048476,,True,True,False,,,,,,,,,
2025-09-22,40,10.0,-450.0,0,0.0,6,0.742201599998225,,True,True,False,,,,,,,,,
2025-09-22,40,10.0,-400.0,0,0.0,6,0.6861994999981107,,True,True,False,,,,,,,,,
2025-09-22,40,10.0,-350.0,0,0.0,6,0.6910781999995379,,True,True,False,,,,,,,,,
2025-09-22,40,10.0,-300.0,0,0.0,6,0.7106002000018634,,True,True,False,,,,,,,,,
2025-09-22,40,10.0,-250.0,0,0.0,6,0.7397500000024593,,True,True,False,,,,,,,,,
2025-09-22,40,10.0,-200.0,0,0.0,6,0.7636399999973946,,True,True,False,,,,,,,,,
2025-09-22,40,10.0,-150.0,0,0.0,6,0.7223508000006404,,True,True,False,,,,,,,,,
2025-09-22,40,10.0,-100.0,0,0.0,6,0.7075499999991735,,True,True,False,,,,,,,,,
2025-09-22,40,10.0,25.0,48,12.0,1,13.049570699999094,0.00010312938392125409,True,True,False,0.10000000000184173,0.0,0.04999999999999716,0.0,5.059064278611913e-12,12.0,optimal,0.00010312938392125409,True
2025-09-22,40,10.0,50.0,20,5.0,7,29.39854480000031,0.00023048184742830265,True,True,False,0.10000000000127329,0.0,0.05000000000000071,1.0000000000287557e-07,5.144329406903125e-12,12.0,optimal,0.00023048184742830265,True
2025-09-22,40,10.0,75.0,13,3.25,7,1.6104583999986062,0.0008093534857395843,True,True,False,0.10000000000013642,0.0,0.04999999999999716,1.0000000000027348e-07,3.979039320256561e-12,12.0,optimal,1.251202039827751e-10,True
2025-09-22,44,11.0,-500.0,0,0.0,6,0.6637095000005502,,True,True,False,,,,,,,,,
2025-09-22,44,11.0,-450.0,0,0.0,6,0.707458000002589,,True,True,False,,,,,,,,,
2025-09-22,44,11.0,-400.0,0,0.0,6,0.730772100001559,,True,True,False,,,,,,,,,
2025-09-22,44,11.0,-350.0,0,0.0,6,0.7163470999985293,,True,True,False,,,,,,,,,
2025-09-22,44,11.0,-300.0,0,0.0,6,0.6599309000011999,,True,True,False,,,,,,,,,
2025-09-22,44,11.0,-250.0,0,0.0,6,0.7019238999982917,,True,True,False,,,,,,,,,
2025-09-22,44,11.0,-200.0,0,0.0,6,0.7182158999985404,,True,True,False,,,,,,,,,
2025-09-22,44,11.0,-150.0,0,0.0,6,0.7467784000000393,,True,True,False,,,,,,,,,
2025-09-22,44,11.0,-100.0,1,0.25,7,0.9890305999961129,0.0001739515853206766,True,True,False,0.09999999999979536,0.0,0.04999999999999716,9.999999999940612e-08,5.684341886080802e-14,12.0,optimal,0.0001739515853206766,True
2025-09-22,44,11.0,25.0,48,12.0,1,60.29370239999844,0.002175718425938546,True,True,False,0.10000000000400178,0.0,0.00532142587164941,9.999999999940612e-08,5.115907697472721e-12,12.0,time_limit_gap_accepted,0.002175718425938546,True
2025-09-22,44,11.0,50.0,16,4.0,7,16.794178199999806,0.0004253945376824819,True,True,False,0.10000000000059117,0.0,0.05000000000000071,1.0000000000287557e-07,5.115907697472721e-12,12.0,optimal,0.00031331171466417515,True
2025-09-22,44,11.0,75.0,9,2.25,6,1.5013817999988532,1.9842107001191244e-06,True,True,False,0.10000000000002274,0.0,0.04999999999999716,1.0000000000027348e-07,3.950617610826157e-12,12.0,optimal,0.0,True
2025-09-22,48,12.0,-500.0,0,0.0,6,0.726893500001097,,True,True,False,,,,,,,,,
2025-09-22,48,12.0,-450.0,0,0.0,6,0.6909640000012587,,True,True,False,,,,,,,,,
2025-09-22,48,12.0,-400.0,0,0.0,6,0.7526291999984096,,True,True,False,,,,,,,,,
2025-09-22,48,12.0,-350.0,0,0.0,6,0.7109268000021984,,True,True,False,,,,,,,,,
2025-09-22,48,12.0,-300.0,0,0.0,6,0.7227698000006058,,True,True,False,,,,,,,,,
2025-09-22,48,12.0,-250.0,0,0.0,6,0.6666234999975131,,True,True,False,,,,,,,,,
2025-09-22,48,12.0,-200.0,0,0.0,6,0.7387049999979354,,True,True,False,,,,,,,,,
2025-09-22,48,12.0,-150.0,0,0.0,6,0.8429123000005347,,True,True,False,,,,,,,,,
2025-09-22,48,12.0,-100.0,24,6.0,6,1.7249178999973083,0.00015541630010414237,True,True,False,0.10000000000025011,0.0,0.04999999999999716,0.0,5.115907697472721e-12,12.0,optimal,0.00015541630010414237,True
2025-09-22,48,12.0,25.0,48,12.0,1,19.57441269999981,0.0,True,True,False,0.10000000000195541,0.0,0.0001151181248104649,9.999999999940612e-08,4.945377440890297e-12,12.0,optimal,0.0,True
2025-09-22,48,12.0,50.0,13,3.25,7,18.777911400002267,0.00037970839756003256,True,True,False,0.10000000000025011,0.0,0.04999999999999716,9.999999999940612e-08,5.087485988042317e-12,12.0,optimal,0.0,True
2025-09-22,48,12.0,75.0,4,1.0,7,1.1491001999984292,0.0002775302109318565,True,True,False,0.10000000000013642,0.0,0.00013539831702047422,0.0,4.007461029686965e-12,12.0,optimal,1.9789696155613712e-16,True
2025-09-22,52,13.0,-500.0,5,1.25,6,0.9731435000012425,0.0,True,True,False,0.10000000000013642,0.0,0.04999999999999716,1.0000000000114084e-07,5.059064278611913e-12,12.0,optimal,0.0,True
2025-09-22,52,13.0,-450.0,6,1.5,7,1.242455699997663,7.686952877922973e-06,True,True,False,0.10000000000002274,0.0,0.04999999999999716,1.0000000000287557e-07,5.002220859751105e-12,12.0,optimal,7.686952877922973e-06,True
2025-09-22,52,13.0,-400.0,7,1.75,7,1.298133799997231,0.0006743694270901751,True,True,False,0.10000000000002274,0.0,0.008426221740997164,1.0000000000287557e-07,5.059064278611913e-12,12.0,optimal,0.00044352160385367523,True
2025-09-22,52,13.0,-350.0,9,2.25,7,1.2006058000006306,0.000913938069720884,True,True,False,0.10000000000002274,0.0,0.04999999999999716,1.0000000000287557e-07,5.059064278611913e-12,12.0,optimal,0.000913938069720884,True
2025-09-22,52,13.0,-300.0,11,2.75,6,1.1521475999998074,5.2878490723628616e-09,True,True,False,0.10000000000013642,0.0,0.0020128943978718894,9.999999999940612e-08,5.002220859751105e-12,12.0,optimal,5.2878490723628616e-09,True
2025-09-22,52,13.0,-250.0,13,3.25,6,1.1331231000021944,0.0004570890965707886,True,True,False,0.10000000000002274,0.0,0.04999999999999716,9.999999999940612e-08,5.059064278611913e-12,12.0,optimal,0.0004570890965707886,True
2025-09-22,52,13.0,-200.0,19,4.75,6,1.9514780000008614,0.0009680489611172825,True,True,False,0.10000000000002274,0.0,0.05000000000000071,1.0000000000287557e-07,5.002220859751105e-12,12.0,optimal,7.5823854926519e-06,True
2025-09-22,52,13.0,-150.0,20,5.0,7,2.7202892000041174,0.0006921755843872565,True,True,False,0.10000000000002274,0.0,0.05000000000000071,0.0,5.030642569181509e-12,12.0,optimal,8.17304305617533e-06,True
2025-09-22,52,13.0,-100.0,20,5.0,7,3.6691932000012457,0.0009385372226240096,True,True,False,0.10000000000013642,0.0,0.05000000000000071,0.0,5.087485988042317e-12,12.0,optimal,0.0,True
2025-09-22,52,13.0,25.0,44,11.0,1,14.940904899998714,0.0,True,True,False,0.10000000000025011,0.0,0.00011263974397479615,9.999999999940612e-08,5.115907697472721e-12,12.0,optimal,0.0,True
2025-09-22,52,13.0,50.0,0,0.0,6,0.6397817000033683,,True,True,False,,,,,,,,,
2025-09-22,52,13.0,75.0,0,0.0,6,0.6496860999977798,,True,True,False,,,,,,,,,
2025-09-22,56,14.0,-500.0,5,1.25,6,0.7895038000006025,0.0001295835095116328,True,True,False,0.10000000000002274,0.0,0.04999999999999716,1.0000000000287557e-07,1.1368683772161603e-12,12.0,optimal,0.0001295835095116328,True
2025-09-22,56,14.0,-450.0,6,1.5,6,0.8840904000007868,6.755700314436631e-06,True,True,False,0.10000000000002274,0.0,0.05000000000000071,1.0000000000027348e-07,1.1368683772161603e-12,12.0,optimal,0.0,True
2025-09-22,56,14.0,-400.0,7,1.75,6,0.8589375999999902,0.0007387649588355476,True,True,False,0.10000000000002274,0.0,0.0013762132532555427,1.0000000000027348e-07,1.0231815394945443e-12,12.0,optimal,1.0672859901854145e-05,True
2025-09-22,56,14.0,-350.0,8,2.0,7,1.1313471000012214,0.00021525538875604607,True,True,False,0.10000000000002274,0.0,0.0016329166461304112,1.0000000000027348e-07,1.1368683772161603e-12,12.0,optimal,0.00016892355798801045,True
2025-09-22,56,14.0,-300.0,10,2.5,6,0.8844050000025163,0.0008628231720683377,True,True,False,0.10000000000002274,0.0,0.05000000000000071,9.999999999940612e-08,1.0800249583553523e-12,12.0,optimal,0.0008628231720683377,True
2025-09-22,56,14.0,-250.0,14,3.5,7,1.8850032999980613,0.000799453735661384,True,True,False,0.10000000000002274,0.0,0.05000000000000071,0.0,1.1084466677857563e-12,12.0,optimal,0.000799453735661384,True
2025-09-22,56,14.0,-200.0,16,4.0,6,1.8914161000011518,9.808322153678386e-05,True,True,False,0.1000000000003638,0.0,0.05000000000000071,0.0,1.0800249583553523e-12,12.0,optimal,7.946488021690916e-06,True
2025-09-22,56,14.0,-150.0,16,4.0,6,1.7870457999997598,0.00019130893478264902,True,True,False,0.10000000000013642,0.0,0.05000000000000071,0.0,1.1368683772161603e-12,12.0,optimal,8.59427853928541e-06,True
2025-09-22,56,14.0,-100.0,16,4.0,6,2.0528291999999055,0.00019347568643204272,True,True,False,0.10000000000013642,0.0,0.05000000000000071,0.0,1.0800249583553523e-12,12.0,optimal,1.925000332168234e-05,True
2025-09-22,56,14.0,25.0,40,10.0,1,1.8316675999994914,3.3558851821647832e-06,True,True,False,0.10000000000229647,0.0,0.0003328316690058841,9.999999999940612e-08,1.1368683772161603e-12,12.0,optimal,3.3558851821647832e-06,True
2025-09-22,56,14.0,50.0,40,10.0,1,2.1573081000005914,4.6154195964478245e-05,True,True,False,0.10000000000047748,0.0,0.0010855793228188304,9.999999999940612e-08,1.0800249583553523e-12,12.0,optimal,4.6154195964478245e-05,True
2025-09-22,56,14.0,75.0,7,1.75,6,3.269342900000993,0.00010797362266131337,True,True,False,0.10000000000013642,0.0,0.00012809957746284795,1.0000000000027348e-07,1.1368683772161603e-12,12.0,optimal,0.00010797362266131337,True
2025-09-22,60,15.0,-500.0,4,1.0,6,0.8706664000019373,0.0001491639301332765,True,True,False,0.10000000000002274,0.0,0.0005825267797341382,1.0000000000027348e-07,1.1368683772161603e-13,12.0,optimal,0.0001491639301332765,True
2025-09-22,60,15.0,-450.0,5,1.25,6,0.8838603999993211,0.00029682927319465936,True,True,False,0.10000000000002274,0.0,0.0007220943618619913,9.999999999940612e-08,9.663381206337363e-13,12.0,optimal,0.00029682927319465936,True
2025-09-22,60,15.0,-400.0,6,1.5,6,0.8518272999990586,0.0002888183682224679,True,True,False,0.10000000000002274,0.0,0.05000000000000071,9.999999999940612e-08,1.0231815394945443e-12,12.0,optimal,0.0002888183682224679,True
2025-09-22,60,15.0,-350.0,8,2.0,7,1.625942999997278,0.0005957087549346838,True,True,False,0.10000000000002274,0.0,0.05000000000000071,9.999999999940612e-08,1.0231815394945443e-12,12.0,optimal,0.00024281633184817915,True
2025-09-22,60,15.0,-300.0,12,3.0,6,1.4655218000007153,0.00014261211766520762,True,True,False,0.10000000000002274,0.0,0.05000000000000071,0.0,1.0231815394945443e-12,12.0,optimal,0.0,True
2025-09-22,60,15.0,-250.0,12,3.0,6,1.5450494999986404,0.000742831556727801,True,True,False,0.10000000000002274,0.0,0.05000000000000071,0.0,1.0231815394945443e-12,12.0,optimal,0.0,True
2025-09-22,60,15.0,-200.0,12,3.0,6,1.2244069000007585,0.00022624561210116343,True,True,False,0.10000000000047748,0.0,0.04999999999999716,0.0,1.0800249583553523e-12,12.0,optimal,1.4201860740324135e-16,True
2025-09-22,60,15.0,-150.0,12,3.0,6,1.645406699999512,5.66385877985726e-05,True,True,False,0.10000000000002274,0.0,0.05000000000000071,0.0,1.0800249583553523e-12,12.0,optimal,0.0,True
2025-09-22,60,15.0,-100.0,12,3.0,6,1.7023420999976224,0.00026698983742900085,True,True,False,0.10000000000059117,0.0,0.05000000000000071,0.0,1.0231815394945443e-12,12.0,optimal,3.073884478566567e-05,True
2025-09-22,60,15.0,25.0,36,9.0,1,1.2552701999993587,1.364322226211551e-16,True,True,False,0.10000000000025011,0.0,0.00011500853684509593,9.999999999940612e-08,1.0516032489249483e-12,12.0,optimal,1.364322226211551e-16,True
2025-09-22,60,15.0,50.0,5,1.25,6,7.568310099999508,0.0005251746877162587,True,True,False,0.10000000000013642,0.0,8.64558486384226e-05,9.999999999940612e-08,9.947598300641403e-13,12.0,optimal,3.511199814365706e-05,True
2025-09-22,60,15.0,75.0,3,0.75,6,1.2157866000015929,0.0006148848015036745,True,True,False,0.10000000000013642,0.0,0.0001090854314753642,9.999999999940612e-08,1.7053025658242404e-13,12.0,optimal,0.0006148848015036745,True
2025-09-22,64,16.0,-500.0,5,1.25,6,0.7256803999971453,8.061238077274169e-05,True,True,False,0.10000000000002274,0.0,0.05000000000000071,9.999999999940612e-08,1.0800249583553523e-12,12.0,optimal,8.061238077274169e-05,True
2025-09-22,64,16.0,-450.0,6,1.5,6,0.8123028999998496,2.765621003105305e-05,True,True,False,0.10000000000002274,0.0,0.05000000000000071,0.0,1.0800249583553523e-12,12.0,optimal,2.765621003105305e-05,True
2025-09-22,64,16.0,-400.0,8,2.0,6,0.6677818000025582,0.00024189294356740849,True,True,False,0.10000000000002274,0.0,0.05000000000000071,0.0,1.0231815394945443e-12,12.0,optimal,0.00024189294356740849,True
2025-09-22,64,16.0,-350.0,8,2.0,6,0.8570378000003984,1.0214978258771887e-05,True,True,False,0.10000000000002274,0.0,0.04999999999999716,0.0,1.0231815394945443e-12,12.0,optimal,1.0214978258771887e-05,True
2025-09-22,64,16.0,-300.0,8,2.0,6,0.978022699997382,7.959626535736003e-06,True,True,False,0.10000000000025011,0.0,0.05000000000000071,0.0,1.0231815394945443e-12,12.0,optimal,7.959626535736003e-06,True
2025-09-22,64,16.0,-250.0,8,2.0,6,0.8471058000013727,1.3055119837772885e-05,True,True,False,0.10000000000002274,0.0,0.04999999999999716,0.0,1.0800249583553523e-12,12.0,optimal,1.3055119837772885e-05,True
2025-09-22,64,16.0,-200.0,8,2.0,6,1.3978430999977718,1.1381406468154355e-05,True,True,False,0.10000000000013642,0.0,0.05000000000000071,0.0,9.947598300641403e-13,12.0,optimal,1.1381406468154355e-05,True
2025-09-22,64,16.0,-150.0,8,2.0,6,1.0780273000018497,5.075470483134806e-05,True,True,False,0.10000000000013642,0.0,0.05000000000000071,0.0,1.0516032489249483e-12,12.0,optimal,5.075470483134806e-05,True
2025-09-22,64,16.0,-100.0,8,2.0,6,0.9634635000002163,7.484557653949601e-05,True,True,False,0.10000000000002274,0.0,0.05000000000000071,0.0,1.0516032489249483e-12,12.0,optimal,7.484557653949601e-05,True
2025-09-22,64,16.0,25.0,3,0.75,6,4.0824288000039815,0.00017320803816812662,True,True,False,0.10000000000002274,0.0,0.05000000000000071,9.999999999940612e-08,1.1048939541069558e-12,12.0,optimal,6.829798204359554e-06,True
2025-09-22,64,16.0,50.0,1,0.25,6,0.9164981000012631,0.0,True,True,False,0.10000000000002274,0.0,4.2549213922882245e-05,9.999999999940612e-08,9.379164112033322e-13,12.0,optimal,0.0,True
2025-09-22,64,16.0,75.0,0,0.0,6,0.8336290000006557,,True,True,False,,,,,,,,,
2025-09-22,68,17.0,-500.0,4,1.0,6,0.7097400000002381,5.465006356641575e-05,True,True,False,0.10000000000002274,0.0,0.05000000000000071,0.0,1.0231815394945443e-12,12.0,optimal,5.465006356641575e-05,True
2025-09-22,68,17.0,-450.0,4,1.0,6,0.7295663000022614,0.0004169091349331749,True,True,False,0.10000000000002274,0.0,0.05000000000000071,0.0,1.0231815394945443e-12,12.0,optimal,0.0004169091349331749,True
2025-09-22,68,17.0,-400.0,4,1.0,6,0.8560484000008728,0.0005728444635757998,True,True,False,0.10000000000002274,0.0,0.05000000000000071,0.0,1.0231815394945443e-12,12.0,optimal,0.0005728444635757998,True
2025-09-22,68,17.0,-350.0,4,1.0,6,0.9738583000016661,1.164067620158288e-05,True,True,False,0.10000000000007958,0.0,0.05000000000000071,0.0,1.0231815394945443e-12,12.0,optimal,0.0,True
2025-09-22,68,17.0,-300.0,4,1.0,6,0.9040147999967303,5.037848533994241e-06,True,True,False,0.10000000000002274,0.0,0.03959211708481902,0.0,1.0231815394945443e-12,12.0,optimal,1.125591558324641e-16,True
2025-09-22,68,17.0,-250.0,4,1.0,6,0.9201508999994985,4.823494316785302e-06,True,True,False,0.10000000000002274,0.0,0.03933284603311904,0.0,1.0231815394945443e-12,12.0,optimal,0.0,True
2025-09-22,68,17.0,-200.0,4,1.0,6,1.0054375999989134,4.839982144907658e-06,True,True,False,0.10000000000013642,0.0,0.03559264023510522,0.0,1.0231815394945443e-12,12.0,optimal,1.1364415076490542e-16,True
2025-09-22,68,17.0,-150.0,4,1.0,6,0.8937932999997429,4.856583077121503e-06,True,True,False,0.10000000000002274,0.0,0.014256147213345116,0.0,1.0231815394945443e-12,12.0,optimal,1.1415821060346591e-16,True
2025-09-22,68,17.0,-100.0,4,1.0,6,1.0180740000014339,3.296703030621326e-05,True,True,False,0.10000000000002274,0.0,0.05000000000000071,0.0,9.947598300641403e-13,12.0,optimal,0.0,True
2025-09-22,68,17.0,25.0,28,7.0,1,0.6173195999999734,1.6274646110161406e-16,True,True,False,0.10000000000047748,0.0,0.00013226020438850128,9.999999999940612e-08,1.0516032489249483e-12,12.0,optimal,1.6274646110161406e-16,True
2025-09-22,68,17.0,50.0,28,7.0,1,1.136601599999267,0.0,True,True,False,0.10000000000081855,0.0,0.0010550948630125845,9.999999999940612e-08,1.0516032489249483e-12,12.0,optimal,0.0,True
2025-09-22,68,17.0,75.0,0,0.0,5,0.6920047999992676,,True,True,False,,,,,,,,,
2025-09-22,72,18.0,-500.0,0,0.0,5,0.449544800001604,,True,True,False,,,,,,,,,
2025-09-22,72,18.0,-450.0,0,0.0,5,0.42380620000039926,,True,True,False,,,,,,,,,
2025-09-22,72,18.0,-400.0,0,0.0,5,0.42807970000103523,,True,True,False,,,,,,,,,
2025-09-22,72,18.0,-350.0,0,0.0,5,0.43025760000273294,,True,True,False,,,,,,,,,
2025-09-22,72,18.0,-300.0,0,0.0,5,0.44114969999645837,,True,True,False,,,,,,,,,
2025-09-22,72,18.0,-250.0,0,0.0,5,0.42411920000449754,,True,True,False,,,,,,,,,
2025-09-22,72,18.0,-200.0,0,0.0,5,0.43030849999922793,,True,True,False,,,,,,,,,
2025-09-22,72,18.0,-150.0,0,0.0,5,0.4450101000002178,,True,True,False,,,,,,,,,
2025-09-22,72,18.0,-100.0,0,0.0,5,0.4524133000013535,,True,True,False,,,,,,,,,
2025-09-22,72,18.0,25.0,24,6.0,1,0.5982717000006232,2.532195149904442e-06,True,True,False,0.10000000000013642,0.0,0.00011261060172529369,9.999999999940612e-08,1.0516032489249483e-12,12.0,optimal,2.532195149904442e-06,True
2025-09-22,72,18.0,50.0,24,6.0,1,1.2527398000001995,2.0661609720701087e-05,True,True,False,0.10000000000013642,0.0,0.0018896392461797973,9.999999999940612e-08,9.947598300641403e-13,12.0,optimal,2.0661609720701087e-05,True
2025-09-22,72,18.0,75.0,24,6.0,1,0.22814309999921534,0.000791456991468954,True,True,False,0.10000000000025011,0.0,0.02842999186674433,9.999999999940612e-08,1.1084466677857563e-12,12.0,optimal,0.000791456991468954,True
2025-09-22,76,19.0,-500.0,0,0.0,5,0.4058323000008386,,True,True,False,,,,,,,,,
2025-09-22,76,19.0,-450.0,0,0.0,5,0.42008930000156397,,True,True,False,,,,,,,,,
2025-09-22,76,19.0,-400.0,0,0.0,5,0.4320893999993132,,True,True,False,,,,,,,,,
2025-09-22,76,19.0,-350.0,0,0.0,5,0.4336843000000954,,True,True,False,,,,,,,,,
2025-09-22,76,19.0,-300.0,0,0.0,5,0.45115830000031565,,True,True,False,,,,,,,,,
2025-09-22,76,19.0,-250.0,0,0.0,5,0.48584049999954004,,True,True,False,,,,,,,,,
2025-09-22,76,19.0,-200.0,0,0.0,5,0.4964685999984795,,True,True,False,,,,,,,,,
2025-09-22,76,19.0,-150.0,1,0.25,5,0.5925562000011269,1.1908500891226927e-06,True,True,False,0.09999999999990905,0.0,0.0004835729640859654,0.0,2.5579538487363607e-13,12.0,optimal,1.1908500891226927e-06,True
2025-09-22,76,19.0,-100.0,1,0.25,5,0.6297901000016282,1.1909089291419727e-06,True,True,False,0.09999999999990905,0.0,0.0004056884639282998,0.0,2.2737367544323206e-13,12.0,optimal,1.1909089291419727e-06,True
2025-09-22,76,19.0,25.0,20,5.0,1,0.5158226000003197,1.9396583162456125e-16,True,True,False,0.10000000000013642,0.0,0.00011223643963376162,9.999999999940612e-08,1.0516032489249483e-12,12.0,optimal,1.9396583162456125e-16,True
2025-09-22,76,19.0,50.0,20,5.0,1,0.6094159000003856,1.9323327947335374e-16,True,True,False,0.10000000000013642,0.0,0.0009858189893776625,9.999999999940612e-08,1.0231815394945443e-12,12.0,optimal,1.9323327947335374e-16,True
2025-09-22,76,19.0,75.0,20,5.0,1,0.7126652999995713,3.823107279533416e-06,True,True,False,0.10000000000025011,0.0,0.0011154175013388112,9.999999999940612e-08,9.947598300641403e-13,12.0,optimal,3.823107279533416e-06,True
2025-09-22,80,20.0,-500.0,0,0.0,5,0.4284133999972255,,True,True,False,,,,,,,,,
2025-09-22,80,20.0,-450.0,0,0.0,5,0.3871870000002673,,True,True,False,,,,,,,,,
2025-09-22,80,20.0,-400.0,0,0.0,5,0.3896744999983639,,True,True,False,,,,,,,,,
2025-09-22,80,20.0,-350.0,0,0.0,5,0.38911170000028505,,True,True,False,,,,,,,,,
2025-09-22,80,20.0,-300.0,0,0.0,5,0.42726089999996475,,True,True,False,,,,,,,,,
2025-09-22,80,20.0,-250.0,0,0.0,5,0.4359306000005745,,True,True,False,,,,,,,,,
2025-09-22,80,20.0,-200.0,0,0.0,5,0.5200520000016695,,True,True,False,,,,,,,,,
2025-09-22,80,20.0,-150.0,0,0.0,5,0.4964107000014337,,True,True,False,,,,,,,,,
2025-09-22,80,20.0,-100.0,0,0.0,5,0.4924526999984664,,True,True,False,,,,,,,,,
2025-09-22,80,20.0,25.0,16,4.0,1,0.48202000000128464,4.853277058562386e-07,True,True,False,0.10000000000025011,0.0,0.00025698560222053857,9.999999999940612e-08,1.0231815394945443e-12,12.0,optimal,4.853277058562386e-07,True
2025-09-22,80,20.0,50.0,16,4.0,1,0.3942895000000135,0.0006807802322657343,True,True,False,0.1000000000003638,0.0,0.00010661607205975088,9.999999999940612e-08,1.0516032489249483e-12,12.0,optimal,0.0006807802322657343,True
2025-09-22,80,20.0,75.0,16,4.0,1,0.24760459999924933,0.0009085045411857073,True,True,False,0.10000000000025011,0.0,0.0009476104442143196,9.999999999940612e-08,1.0516032489249483e-12,12.0,optimal,0.0009085045411857073,True
2025-09-22,84,21.0,-500.0,0,0.0,4,0.32999649999874237,,True,True,False,,,,,,,,,
2025-09-22,84,21.0,-450.0,0,0.0,4,0.34509409999918716,,True,True,False,,,,,,,,,
2025-09-22,84,21.0,-400.0,0,0.0,4,0.37307049999799347,,True,True,False,,,,,,,,,
2025-09-22,84,21.0,-350.0,0,0.0,4,0.3159611000010045,,True,True,False,,,,,,,,,
2025-09-22,84,21.0,-300.0,0,0.0,4,0.3423941000000923,,True,True,False,,,,,,,,,
2025-09-22,84,21.0,-250.0,0,0.0,4,0.3394190000017261,,True,True,False,,,,,,,,,
2025-09-22,84,21.0,-200.0,0,0.0,4,0.31810529999893333,,True,True,False,,,,,,,,,
2025-09-22,84,21.0,-150.0,0,0.0,4,0.3169726999985869,,True,True,False,,,,,,,,,
2025-09-22,84,21.0,-100.0,0,0.0,4,0.3476757999978872,,True,True,False,,,,,,,,,
2025-09-22,84,21.0,25.0,12,3.0,1,0.1917066000005434,6.193032718710917e-06,True,True,False,0.10000000000013642,0.0,0.00043959208696264795,9.999999999940612e-08,1.0516032489249483e-12,12.0,optimal,6.193032718710917e-06,True
2025-09-22,84,21.0,50.0,12,3.0,1,0.22057200000017474,0.00018256465463096163,True,True,False,0.10000000000138698,0.0,0.0008711002427475023,9.999999999940612e-08,9.663381206337363e-13,12.0,optimal,0.00018256465463096163,True
2025-09-22,84,21.0,75.0,12,3.0,1,0.24420830000053684,0.00012449041835957487,True,True,False,0.10000000000138698,0.0,0.0008800799795594116,9.999999999940612e-08,9.947598300641403e-13,12.0,optimal,0.00012449041835957487,True
2025-09-22,88,22.0,-500.0,0,0.0,4,0.3352753000017401,,True,True,False,,,,,,,,,
2025-09-22,88,22.0,-450.0,0,0.0,4,0.3147499999995489,,True,True,False,,,,,,,,,
2025-09-22,88,22.0,-400.0,0,0.0,4,0.324926700001015,,True,True,False,,,,,,,,,
2025-09-22,88,22.0,-350.0,0,0.0,4,0.3007651000007172,,True,True,False,,,,,,,,,
2025-09-22,88,22.0,-300.0,0,0.0,4,0.30361980000088806,,True,True,False,,,,,,,,,
2025-09-22,88,22.0,-250.0,0,0.0,4,0.33152440000048955,,True,True,False,,,,,,,,,
2025-09-22,88,22.0,-200.0,0,0.0,4,0.32422330000008515,,True,True,False,,,,,,,,,
2025-09-22,88,22.0,-150.0,0,0.0,4,0.289071100000001,,True,True,False,,,,,,,,,
2025-09-22,88,22.0,-100.0,0,0.0,4,0.3085382000008394,,True,True,False,,,,,,,,,
2025-09-22,88,22.0,25.0,8,2.0,1,0.14279650000025867,1.3408408885284136e-05,True,True,False,0.10000000000047748,0.0,9.123929638832351e-05,9.999999999940612e-08,9.947598300641403e-13,12.0,optimal,1.3408408885284136e-05,True
2025-09-22,88,22.0,50.0,8,2.0,1,0.1731601999999839,6.9793513602480115e-06,True,True,False,0.10000000000013642,0.0,0.00011229679045499097,9.999999999940612e-08,9.947598300641403e-13,12.0,optimal,6.9793513602480115e-06,True
2025-09-22,88,22.0,75.0,8,2.0,1,0.15427579999959562,0.0001099489646843996,True,True,False,0.10000000000081855,0.0,0.0008717762574335097,9.999999999940612e-08,1.0516032489249483e-12,12.0,optimal,0.0001099489646843996,True
2025-09-22,92,23.0,-500.0,0,0.0,3,0.23222709999936342,,True,True,False,,,,,,,,,
2025-09-22,92,23.0,-450.0,0,0.0,3,0.2424927000010939,,True,True,False,,,,,,,,,
2025-09-22,92,23.0,-400.0,0,0.0,3,0.24174150000180816,,True,True,False,,,,,,,,,
2025-09-22,92,23.0,-350.0,0,0.0,3,0.24964839999847754,,True,True,False,,,,,,,,,
2025-09-22,92,23.0,-300.0,0,0.0,3,0.22500930000387598,,True,True,False,,,,,,,,,
2025-09-22,92,23.0,-250.0,0,0.0,3,0.21550770000067132,,True,True,False,,,,,,,,,
2025-09-22,92,23.0,-200.0,0,0.0,3,0.2370279999995546,,True,True,False,,,,,,,,,
2025-09-22,92,23.0,-150.0,0,0.0,3,0.24040469999999914,,True,True,False,,,,,,,,,
2025-09-22,92,23.0,-100.0,0,0.0,3,0.20828889999938838,,True,True,False,,,,,,,,,
2025-09-22,92,23.0,25.0,4,1.0,1,0.11659929999950691,2.2566905364716588e-06,True,True,False,0.10000000000013642,0.0,0.00010793115429663658,9.999999999940612e-08,1.0516032489249483e-12,12.0,optimal,2.2566905364716588e-06,True
2025-09-22,92,23.0,50.0,4,1.0,1,0.11757929999839689,6.4260105139916955e-06,True,True,False,0.10000000000013642,0.0,8.85416529499139e-05,9.999999999940612e-08,1.0516032489249483e-12,12.0,optimal,6.4260105139916955e-06,True
2025-09-22,92,23.0,75.0,4,1.0,1,0.1065056999996159,8.375913843976342e-05,True,True,False,0.10000000000013642,0.0,0.0004658890563433715,9.999999999940612e-08,9.947598300641403e-13,12.0,optimal,8.375913843976342e-05,True
